date,open,high,low,close,volume
2011-10-07,15.24146975707668,15.311064720153809,15.24146975707668,15.311064720153809,7283344
2011-10-11,15.519851336156847,15.867830276489258,15.450256377737603,15.867830276489258,11584913
2011-10-12,15.867829945668772,15.937426285382433,15.589447352304862,15.728638648986816,5532820
2011-10-13,15.937426617653898,16.007021576073143,15.728638976905373,15.867830276489258,6393759
2011-10-14,15.867829945668772,15.867829945668772,15.659042309273158,15.728638648986816,3482817
2011-10-17,16.007022857666016,16.007022857666016,15.86783154693786,16.007022857666016,4915111
2011-10-18,15.867830327288322,16.007021627317815,15.728639027258833,15.798233985900879,3967714
2011-10-19,16.007022226256495,16.285404836731786,15.7982345770273,16.14621353149414,9727619
2011-10-20,16.007021242350728,16.07661758206439,15.728638648986816,15.728638648986816,5477091
2011-10-21,15.589448925481548,16.007022857666016,15.589448925481548,16.007022857666016,4607819
2011-10-24,16.285404478773113,16.563788465874882,16.14621317659494,16.494192123413086,11597934
2011-10-25,16.70298235770281,16.70298235770281,16.2854070036815,16.355003356933594,4956257
2011-10-26,16.21580924677447,16.424596887908653,16.076617946933478,16.285404205322266,4276569
2011-10-27,16.285404836731786,16.424597524714883,16.14621353149414,16.14621353149414,7100010
2011-10-28,16.424597788273864,16.563789095745058,15.937427520751953,15.937427520751953,13716166
2011-10-31,15.93742789367469,16.28540547912233,15.86783154693786,16.007022857666016,4538548
2011-11-01,16.007022226256495,16.14621353149414,15.867830921018848,16.14621353149414,3698443
2011-11-02,16.007021565956418,17.25974464416504,15.867830266460505,17.25974464416504,35925575
2011-11-03,17.398938233175496,17.886108498173428,17.329341888427734,17.329341888427734,47319863
2011-11-04,17.816510814006424,18.30368104237961,17.677319517720562,18.16448974609375,34203177
2011-11-07,18.234085051005067,18.30368139184947,17.816511154174805,17.816511154174805,12956269
2011-11-08,18.442876451170797,18.999641760465163,18.303685123847202,18.373281478881836,34733386
2011-11-09,18.512468970884363,18.582065316698706,17.955703735351562,17.955703735351562,18126590
2011-11-10,17.538128904481997,17.67732020618886,16.981362314909138,17.46853256225586,22151596
2011-11-11,17.677321490715993,17.746916455253853,17.190151207968917,17.607725143432617,14229709
2011-11-14,17.955704971498445,18.721257914432698,17.955704971498445,18.512470245361328,27802646
2011-11-15,18.373280336614023,18.373280336614023,17.95570499785826,18.09489631652832,16166691
2011-11-16,18.37327904474665,18.37327904474665,17.886108772282707,17.955703735351562,14246896
2011-11-17,17.816511154174805,18.094893752061648,17.677319855231385,17.816511154174805,9556264
2011-11-18,17.468532284781606,17.607723584277522,17.19014968578978,17.25974464416504,11830226
2011-11-21,16.981365005219924,17.050961358472023,16.355003356933594,16.355003356933594,11353142
2011-11-22,16.355003356933594,16.70298235770281,16.2854070036815,16.355003356933594,8522929
2011-11-23,16.35500155228686,16.35500155228686,15.241469702342304,15.380661010742188,16949505
2011-11-24,15.10227772593498,15.867830579644975,15.10227772593498,15.589447975158691,6956781
2011-11-25,15.728637740417527,15.937425364752468,15.450255163134466,15.659041404724121,9015117
2011-11-28,16.007022226256495,16.285404836731786,15.937427265010395,16.14621353149414,7439594
2011-11-29,16.285404205322266,16.35500054661546,16.007021605640286,16.285404205322266,8456262
2011-11-30,16.702979416086905,17.050958355572416,16.563788116841774,16.84217071533203,22759930
2011-12-01,17.677322387695312,17.886110057394184,17.329343399112386,17.677322387695312,23062535
2011-12-02,17.398937326406347,17.53812862590226,17.19014968578978,17.25974464416504,9090638
2011-12-05,17.120554497175455,17.746916078444617,16.91176822524939,17.538129806518555,13644812
2011-12-06,17.259744324753992,17.398937004419384,16.563787840153882,16.63338279724121,8992722
2011-12-07,16.842169422717653,16.981360711280033,16.563786845592894,16.702978134155273,7251052
2011-12-08,17.25974426409371,17.329340603681803,16.911766714389323,17.190149307250977,13369812
2011-12-09,16.702979416086905,16.981362014577158,16.633383075091643,16.84217071533203,9264076
2011-12-12,17.050957046933863,17.190148335496243,16.702978134155273,16.702978134155273,5286466
2011-12-13,16.424596166598942,16.77257370954679,16.424596166598942,16.56378746032715,5061466
2011-12-14,16.702978134155273,16.842169422717653,16.633381798501443,16.702978134155273,4745319
2011-12-15,16.56378815715408,16.56378815715408,15.728638976905373,15.867830276489258,12853144
2011-12-16,16.21580987548569,16.355001180723335,16.07661857024804,16.14621353149414,5208862
2011-12-19,16.007021935423353,16.14621323813202,15.51985168457031,15.519851684570312,7322407
2011-12-20,15.728638648986816,15.867829945668772,15.519851012591202,15.728638648986816,5178653
2011-12-21,16.42459593306914,16.772573471069336,16.28540325857468,16.772573471069336,14566168
2011-12-22,16.702980056589002,17.120553970336914,16.563788752006367,17.120553970336914,15834920
2011-12-23,17.329340985285693,17.677319925398177,17.120553344669126,17.25974464416504,20356281
2011-12-26,17.259745534920537,17.329341879632977,16.911767959594727,16.911767959594727,7276052
2011-12-27,16.91176770483568,17.190150314000956,16.702980056589002,17.120553970336914,8956784
2011-12-28,16.981362921561704,17.259745534920537,16.911767959594727,16.911767959594727,7098448
2011-12-29,16.84217136117164,17.120553970336914,16.84217136117164,17.120553970336914,4523444
2011-12-30,17.25974461306741,17.32934095406267,16.84217071533203,16.84217071533203,6671364
2012-01-02,16.84217071533203,16.84217071533203,16.84217071533203,16.84217071533203,0
2012-01-03,16.84217071533203,16.84217071533203,16.84217071533203,16.84217071533203,0
2012-01-04,16.84217071533203,16.84217071533203,16.84217071533203,16.84217071533203,0
2012-01-05,16.84217071533203,16.84217071533203,16.84217071533203,16.84217071533203,0
2012-01-06,16.911765758371484,16.981360711280033,16.633381798501443,16.702978134155273,4807299
2012-01-09,16.56378974954281,16.702981062508094,16.215810775756836,16.215810775756836,8619283
2012-01-10,16.355000203401165,16.63338279724121,16.355000203401165,16.63338279724121,6961989
2012-01-11,16.772573087063822,17.050957046933863,16.702978134155273,16.702978134155273,8759388
2012-01-12,16.772575270169845,17.19015057295356,16.772575270169845,16.911767959594727,15960961
2012-01-13,17.12055263523997,17.19014897347674,16.424596166598942,16.56378746032715,11218246
2012-01-16,16.98136173091395,16.98136173091395,16.42459654323386,16.63338279724121,10218244
2012-01-17,16.702979688266918,17.12055359280679,16.633383346137567,17.05095863342285,13891687
2012-01-18,16.98136329650879,17.32934226226341,16.911768333005163,16.98136329650879,13669812
2012-01-30,17.329342151847005,17.8165124242503,17.190150842981133,17.538129806518555,29737024
2012-01-31,17.53813104184808,18.09489631652832,17.398939723178017,18.09489631652832,25526601
2012-02-01,18.0948946871181,18.860448944985126,17.8861084192866,18.721256256103516,40558916
2012-02-02,18.721255603669327,18.860448287700088,18.23408535779791,18.442873001098633,22369825
2012-02-03,18.44287364383121,18.860448944985126,18.23408599325425,18.721256256103516,22176075
2012-02-06,18.37327904474665,18.512468970884363,17.955703735351562,17.955703735351562,13151582
2012-02-07,18.094893783820094,18.373277764940916,18.02529882559893,18.234085083007812,10406265
2012-02-08,18.23408599325425,18.721256256103516,18.0948946871181,18.721256256103516,27302125
2012-02-09,18.58206296465647,18.999636838451263,18.44287167339154,18.86044692993164,26733374
2012-02-10,17.816512802537225,18.373279432567678,17.607725143432617,17.607725143432617,53152685
2012-02-13,17.607724501927848,17.67732084667561,17.190150581677678,17.329341888427734,23740661
2012-02-14,17.39893913269043,17.60772541223691,17.190151470398412,17.39893913269043,16021899
2012-02-15,17.607723863962722,17.816511507895722,17.46853256225586,17.46853256225586,18264090
2012-02-16,17.46853292316623,17.677320571412906,17.050959009418317,17.120553970336914,12293768
2012-02-17,17.329340603681803,17.538128239700725,17.12055296766288,17.190149307250977,10311474
2012-02-20,17.398937962247633,17.398937962247633,17.050959009418317,17.120553970336914,8961992
2012-02-21,17.190150581677678,17.538129539925553,17.120554236929916,17.329341888427734,11322933
2012-02-22,17.329341888427734,17.46853319517779,17.190150581677678,17.329341888427734,8476054
2012-02-23,17.398937962247633,17.46853292316623,17.120553970336914,17.120553970336914,10363557
2012-02-24,17.190150581677678,17.538129539925553,17.120554236929916,17.329341888427734,13944292
2012-02-29,17.60772541223691,17.746916726183077,17.190151470398412,17.39893913269043,11124496
2012-03-01,17.468532284781606,17.468532284781606,17.19014968578978,17.25974464416504,8704700
2012-03-02,17.259745274919553,17.46853292316623,17.050959009418317,17.120553970336914,12684915
2012-03-05,17.25974368356399,17.39893635805845,16.772573471069336,16.772573471069336,22107846
2012-03-06,16.84217107023123,16.84217107023123,16.285404478773113,16.494192123413086,19200550
2012-03-07,16.285404478773113,16.63338342559126,16.14621317659494,16.494192123413086,9198451
2012-03-08,16.70297976805306,16.70297976805306,16.494192123413086,16.494192123413086,8755221
2012-03-09,16.563787840153882,16.91176677382662,16.42459654323386,16.63338279724121,13947937
2012-03-12,16.633384975193188,16.70298132413873,16.424598693847656,16.424598693847656,4616152
2012-03-13,16.563788465874882,16.70297976805306,16.494192123413086,16.494192123413086,7057302
2012-03-14,16.842170433993928,16.91176677382662,16.563787840153882,16.63338279724121,8636471
2012-03-15,16.702978754055355,16.77257370954679,16.56378746032715,16.56378746032715,5627612
2012-03-16,16.633386004450713,16.70298235770281,16.355003356933594,16.355003356933594,9614598
2012-03-19,16.35500054661546,16.494191846456452,16.146212905481274,16.285404205322266,7897407
2012-03-20,16.355001443165534,16.424597788273864,15.86783117564362,15.937427520751953,13706270
2012-03-21,15.867830327288322,16.076617968705257,15.728639027258833,15.798233985900879,10782308
2012-03-22,15.8678305502297,16.146213154199927,15.798234207864432,16.076618194580078,11346371
2012-03-23,16.007022857666016,16.076619204402846,15.86783154693786,16.007022857666016,3702609
2012-03-26,16.007021852214812,16.076618194580078,15.8678305502297,16.076618194580078,5844279
2012-03-27,16.146213790586007,16.146213790586007,15.798234830535286,15.937427520751953,5628654
2012-03-28,16.007022483114813,16.007022483114813,15.798234830535286,15.937427520751953,4116672
2012-03-29,15.79823585487255,15.86783220449342,15.311065555763141,15.450258255004883,11643246
2012-03-30,15.450257411799036,15.450257411799036,14.9630871392772,15.311064720153809,13796896
2012-04-02,15.311063051282629,15.311063051282629,15.032680463826217,15.102276802062988,3898964
2012-04-03,15.241469111021189,15.311064071148325,14.96308650502179,15.032681465148926,6384384
2012-04-05,14.75430172739747,14.75430172739747,14.406322710878111,14.615110397338867,10105223
2012-04-06,14.684702516276964,15.241469111021189,14.684702516276964,15.032681465148926,8606783
2012-04-09,14.61510758875537,14.684702549037768,14.475916285445141,14.545511245727539,8830221
2012-04-10,14.68470537099532,14.823896701053924,14.545514040936716,14.615110397338867,5396362
2012-04-11,14.47591500140529,14.615106292369,14.406318664550781,14.406318664550781,7129698
2012-04-12,14.406318664550781,14.615106292369,14.406318664550781,14.406318664550781,7684907
2012-04-13,14.475919067280262,14.75430172739747,14.475919067280262,14.615110397338867,9867723
2012-04-16,14.615105282813754,14.615105282813754,14.475914001464844,14.475914001464844,4758340
2012-04-17,14.5455100024544,14.615106339533503,14.336722373962402,14.336722373962402,6513551
2012-04-18,14.545508950766692,14.545508950766692,14.406317669417783,14.475914001464844,5128653
2012-04-19,14.545512383193262,15.311065302638818,14.336724720527915,15.241470336914062,17888048
2012-04-20,15.241469481507984,15.241469481507984,14.615107911411144,14.68470287322998,9857306
2012-04-23,14.684700232115603,14.823891513464513,14.475914001464844,14.475914001464844,4461465
2012-04-24,14.545508950766692,14.754296564162663,14.475914001464844,14.475914001464844,4793236
2012-04-25,14.684703768684482,15.032682747234364,14.615108802621833,14.754300117492676,6554697
2012-04-26,14.684703844849654,14.684703844849654,14.197533548902118,14.267129898071289,15069293
2012-04-27,14.336723300014754,14.406319641589294,13.919149398803711,13.919149398803711,9935431
2012-04-30,13.919147277003322,13.988743607968772,13.2231894983296,13.418058395385742,16192733
2012-05-02,13.557251468175942,13.779957820885834,13.515493940621251,13.71036148071289,8014074
2012-05-03,13.710361089585401,13.710361089585401,13.529412269592285,13.529412269592285,6169801
2012-05-04,13.473736997910411,14.336723633590708,13.362383125349327,14.058341026306152,12692727
2012-05-07,13.8495534148811,13.8495534148811,13.487655747936778,13.571170806884766,9616160
2012-05-08,13.57117234583768,13.696444948465407,13.501577377319336,13.501577377319336,9206784
2012-05-09,13.362383414158412,13.418061043015063,13.237112206094604,13.251030921936035,7040635
2012-05-10,13.25103076096043,13.41806088001035,13.237112045288086,13.237112045288086,5643758
2012-05-11,13.251030266462115,13.278869079513369,12.944808853879898,12.972647666931152,7877616
2012-05-14,12.972648245749681,13.084000737432277,12.596830475143646,12.68034553527832,9184909
2012-05-15,12.527234819765239,12.555073635589716,12.388043506133918,12.471558570861816,7242198
2012-05-16,12.332367328914177,12.541154991947533,11.98438835144043,11.98438835144043,10564078
2012-05-17,12.040063189933262,12.360204696655273,12.040063189933262,12.360204696655273,8721888
2012-05-18,12.109659522129988,12.165335764795557,11.51113611092532,11.55289363861084,13754187
2012-05-21,11.692084929573184,12.081819987696054,11.622488593339646,11.928709983825684,10510953
2012-05-22,12.151417534914023,12.596830259510726,12.08182119174466,12.513315200805664,10852099
2012-05-23,12.38804297613611,12.38804297613611,12.137499175416965,12.276690483093262,8924492
2012-05-24,12.38804248220333,12.401962580337774,11.970468575823837,12.012226104736328,5556779
2012-05-25,12.040064065428478,12.137499225676276,11.76168144892315,11.789520263671875,6087509
2012-05-28,11.789518797202392,11.928710088141392,11.692085031819625,11.900871276855469,3106254
2012-05-29,11.970468597447603,12.457638847143093,11.970468597447603,12.429800033569336,7865637
2012-05-30,12.42979964820458,12.42979964820458,12.179255864790147,12.24885082244873,7586469
2012-05-31,12.109660949260444,12.165337198487492,11.98438835144043,11.98438835144043,9581785
2012-06-01,11.984387505682891,12.193175153981766,11.928711260385006,12.067902565002441,6143238
2012-06-04,11.692086219787598,11.859116338983522,11.525056100591673,11.692086219787598,7827616
2012-06-05,11.970468547673619,12.499396324157715,11.942629734215618,12.499396324157715,21491699
2012-06-06,12.527233475575382,12.652506059225304,12.290608406066895,12.290608406066895,12320852
2012-06-07,12.457637430594488,12.457637430594488,12.193173571324769,12.20709228515625,7097406
2012-06-08,12.24885082244873,12.360204690545995,12.179255864790147,12.24885082244873,3645838
2012-06-11,12.485477873524939,12.666428110760348,12.360206653297837,12.40196418762207,7020323
2012-06-12,12.360204858131866,12.374123573303223,12.193174745093978,12.374123573303223,3516151
2012-06-13,12.499396688119491,12.499396688119491,12.262771606445312,12.262771606445312,4257819
2012-06-14,12.262771660462326,12.318447906499363,12.193175315856934,12.193175315856934,3170317
2012-06-15,12.248850537975434,12.318446876763058,12.04006290435791,12.04006290435791,8147408
2012-06-18,12.388042813790465,12.415881628059086,12.248851507938273,12.262771606445312,5380737
2012-06-19,12.374125339927142,12.903053184897265,12.290610271484953,12.819538116455078,17314088
2012-06-20,13.084001216038445,13.501576531986512,12.944809904970926,13.473737716674805,23217222
2012-06-21,13.473738155800913,13.473738155800913,13.028325392770082,13.167516708374023,14502626
2012-06-22,12.91696987368616,12.972647499068215,12.84737491607666,12.84737491607666,10396370
2012-06-25,12.666426675334247,13.29278823646956,12.582911616150147,13.195354461669922,10011994
2012-06-26,13.08400203894014,13.334547244266703,12.819538116455078,12.819538116455078,12858873
2012-06-27,12.833455085754395,13.04224272842392,12.833455085754395,12.833455085754395,4713028
2012-06-28,13.08400203894014,13.08400203894014,12.805619399296578,12.819538116455078,4180214
2012-06-29,12.819535703820232,13.042242050170898,12.819535703820232,13.042242050170898,4763028
2012-07-02,13.223192054103087,13.47373723470975,13.084000748014539,13.209273338317871,9884390
2012-07-03,13.223192160576803,13.362383467786126,13.167515914242166,13.2927885055542,7666157
2012-07-04,13.445896434547864,13.445896434547864,13.278867721557617,13.278867721557617,6579697
2012-07-05,13.29278829072291,13.362383251830078,13.237112045288086,13.237112045288086,4019797
2012-07-06,13.264951355159495,13.348466426511507,13.00048742346,13.084002494812012,6803656
2012-07-09,12.972647611338225,13.07008138248198,12.847375027262515,12.930890083312988,3885422
2012-07-10,12.8752130322849,12.916970562174473,12.457639116134628,12.527234077453613,10989600
2012-07-11,12.24885082244873,12.582911043995148,12.165335767062126,12.24885082244873,19688571
2012-07-12,12.402824243642394,12.599454053967964,12.342321984067647,12.417948722839355,12047155
2012-07-13,12.417950351469047,12.50870302893568,12.342323602778796,12.357449531555176,4735768
2012-07-16,12.478452618978743,12.50870302893568,12.342323602778796,12.357449531555176,3345846
2012-07-17,12.357447910860243,12.44819912882891,12.357447910860243,12.417948722839355,4099013
2012-07-18,12.41794893497398,12.43307486202497,12.100316047668457,12.100316047668457,10215670
2012-07-19,12.191068786633851,12.327197788108093,12.11544132232666,12.11544132232666,6774988
2012-07-20,12.130566969799062,12.28182190395126,12.130566969799062,12.266695976257324,6132212
2012-07-23,12.145692075789965,12.221318813951761,11.828059196472168,11.828059196472168,9599489
2012-07-24,11.722181249236327,11.87343545767087,11.691930841828128,11.707056045532227,7450379
2012-07-25,11.707055974486334,11.843184978390662,11.616304029014628,11.691930770874023,4675554
2012-07-26,11.79780858204251,11.828060438560536,11.570927619934082,11.570927619934082,4353414
2012-07-27,11.722180953073819,11.888560361008864,11.646554212666192,11.797807693481445,12501765
2012-07-30,11.737306604083464,11.7978081434768,11.05666446685791,11.05666446685791,16993669
2012-07-31,11.04153888813716,11.238168716430664,10.920535805526098,11.238168716430664,10139400
2012-08-01,11.117166519165039,11.192793265946442,11.07179018157704,11.117166519165039,4774906
2012-08-02,11.117166519165039,11.117166519165039,11.117166519165039,11.117166519165039,0
2012-08-03,11.02641332948035,11.041538533371288,10.633152961730957,10.633152961730957,11935259
2012-08-06,10.754155828408908,10.860034424951388,10.693655014038086,10.693655014038086,5571727
2012-08-07,10.739030553348075,10.799532091114106,10.678529739379883,10.678529739379883,3932925
2012-08-08,11.086915808605896,11.419673919677734,11.011288340082313,11.419673919677734,14308662
2012-08-09,11.525551359745076,11.782682716345729,11.495300952520457,11.691930770874023,11682865
2012-08-10,11.75243268200864,11.767557886100851,11.480175389359506,11.616304397583008,6093073
2012-08-13,11.646554647728964,11.797808134194366,11.616304239955028,11.737306594848633,6090564
2012-08-14,11.75243319746602,11.903687416415687,11.676806449890137,11.676806449890137,5208943
2012-08-15,11.722179834873222,12.085189746556871,11.661679027356671,12.070064544677734,9815754
2012-08-16,12.327198538861598,12.584329182734097,12.28182220227333,12.49357795715332,17783466
2012-08-17,12.478451725993825,12.49357765368776,12.266695976257324,12.266695976257324,8203044
2012-08-20,12.26669590128149,12.26669590128149,12.024689745232015,12.039814949035645,5666563
2012-08-21,12.26669480423607,12.508700938642248,12.26669480423607,12.37257194519043,8821233
2012-08-22,12.478452316118664,12.569204991382671,12.327198822409182,12.342323303222656,5928491
2012-08-23,12.372574151925038,12.448200901466077,12.34232374162779,12.387700080871582,2933888
2012-08-24,12.357449231631922,12.372573712445394,12.327198822409182,12.342323303222656,2768803
2012-08-27,12.37257267969258,12.433074940683653,12.221319198608398,12.221319198608398,3286637
2012-08-28,12.236445493674234,12.296946308888746,12.039814949035645,12.039814949035645,5890356
2012-08-29,12.100316047668457,12.145692381225768,12.070065641162135,12.100316047668457,2281578
2012-08-30,12.100317440212331,12.372574025292716,12.100317440212331,12.1456937789917,6424246
2012-08-31,12.175942864764009,12.296945939150488,12.160818385212993,12.221319198608398,3362405
2012-09-03,12.22131978142511,12.463325941738987,12.191069373284812,12.29694652557373,5629432
2012-09-04,12.402824843082783,13.128843307495117,12.312072173132316,13.128843307495117,23851953
2012-09-05,13.113717299267877,13.113717299267877,12.720457662030295,12.7960844039917,14601700
2012-09-06,12.856587797417264,12.856587797417264,12.554079355357105,12.569205284118652,7411241
2012-09-07,12.78095833434186,12.841460595795166,12.64483077936436,12.765833854675293,6975197
2012-09-10,12.856587409973145,13.022965383357095,12.811211072651785,12.856587409973145,7777538
2012-09-11,12.856586379316969,12.932213119591312,12.705331451172619,12.735583305358887,4628889
2012-09-12,12.871711378539997,13.083467128415691,12.796084635212045,12.901963233947754,8999364
2012-09-13,12.947338333735816,13.249846759593533,12.88683751712172,13.053216934204102,11723007
2012-09-14,13.355723472014992,13.612857000730145,13.219595915324678,13.431351661682129,21505143
2012-09-17,13.446477466253741,13.446477466253741,13.083468199990607,13.189345359802246,10695871
2012-09-18,13.204469757008221,13.506978167600693,13.204469757008221,13.325472831726074,10166496
2012-09-19,13.597729621324849,14.036367041351768,13.537228806725361,13.900238037109375,26358829
2012-09-20,14.868263244628906,14.868263244628906,14.671631989491125,14.868263244628906,61444558
2012-09-21,14.868264267200896,14.974141417745164,14.701884853777251,14.777511596679688,21526218
2012-09-24,14.822890170964357,15.276652144516243,14.550633565871598,15.125398635864258,25231337
2012-09-25,15.12539635114575,15.12539635114575,14.762387116656628,14.777511596679688,15573140
2012-09-26,14.671631497975472,14.717007828595142,14.278371896065766,14.399374961853027,16821058
2012-09-27,14.399374661462895,14.898512840270996,14.399374661462895,14.898512840270996,13482738
2012-09-28,14.974142525401351,15.27665096698374,14.64138367393947,14.80776309967041,13468187
2012-10-01,14.671633814228409,14.747262008931209,14.459879501367116,14.535506248474121,6147265
2012-10-02,14.67163374700062,14.762387869747288,14.36912675995874,14.41450309753418,7510592
2012-10-03,14.44475120632777,14.550629793007419,14.263245884931548,14.278371810913086,8414794
2012-10-04,14.278374948538955,14.520381131850275,14.278374948538955,14.338875770568848,11886587
2012-10-05,14.369124557305103,14.550629879783779,14.30862230061369,14.399374961853027,7630517
2012-10-08,14.55063393173676,14.55063393173676,14.157372772719027,14.17249870300293,6155294
2012-10-09,14.338873812822841,14.641382224457198,14.338873812822841,14.384251594543457,12303563
2012-10-11,14.354002885352202,14.354002885352202,14.066618919372559,14.066618919372559,8033444
2012-10-12,14.081744672413825,14.23299817043209,13.14397037902808,13.491853713989258,16486373
2012-10-15,13.461602512145486,13.461602512145486,13.159094086305496,13.264972686767578,5217473
2012-10-16,13.385975885378421,13.83973780433355,13.385975885378421,13.76410961151123,10420897
2012-10-17,14.036368033398032,14.051493961914806,13.64310836791992,13.643108367919922,8459954
2012-10-18,13.764110299941303,13.79436215762162,13.491853713989258,13.491853713989258,5334889
2012-10-19,13.53722916655218,13.59772998275981,13.385975678437367,13.401100158691406,4074928
2012-10-22,13.053216071851931,13.446475696650353,13.053216071851931,13.385974884033203,4742291
2012-10-23,13.537229685488997,13.537229685488997,13.32547392545336,13.355724334716797,3724186
2012-10-24,13.23472139162185,13.325472610456561,13.174219131469727,13.174219131469727,6403673
2012-10-25,12.856586889980738,12.871711370078954,12.266695976257324,12.266695976257324,22735500
2012-10-26,12.175943538328436,12.206193946699571,11.419673919677734,11.419673919677734,21378696
2012-10-29,11.419673198507011,11.858309882570827,11.192792254859908,11.782682418823242,13320664
2012-10-30,12.100316485958656,12.266695899163404,11.812933994750063,11.933937072753906,9302939
2012-10-31,12.100316644594049,12.100316644594049,11.434799706847969,11.495301246643066,8956713
2012-11-01,11.207918164706987,11.782683161676685,11.207918164706987,11.631429672241211,7088598
2012-11-02,11.797807693481445,11.888560361008864,11.661680139785984,11.797807693481445,7816676
2012-11-05,11.797808365860657,11.797808365860657,11.5558022037256,11.631429672241211,3656446
2012-11-06,11.646554294331763,11.722181035269683,11.510426015883937,11.661680221557617,4107543
2012-11-07,11.64655393740092,11.8885600800238,11.616303531471969,11.843184471130371,4461296
2012-11-08,11.646554734231879,11.646554734231879,11.28354549546129,11.495301246643066,9317490
2012-11-09,11.313796110051223,11.73730689635027,11.268420497224735,11.646554946899414,8278311
2012-11-12,11.646554432821617,11.752432305672409,11.570926967186567,11.586052894592285,5073463
2012-11-13,11.601176970570217,11.707054833129723,11.344045639038086,11.344045639038086,6491986
2012-11-14,11.344046734831316,11.495300942212321,11.328920807434724,11.374297142028809,4423662
2012-11-15,11.32892103503183,11.344046962732302,11.13229121290431,11.268420219421387,5463344
2012-11-16,11.192793103299929,11.434799992319936,11.192793103299929,11.238168716430664,4249546
2012-11-19,11.31379384239016,11.3591701699196,11.192790784843474,11.25329303741455,3681535
2012-11-20,11.374297584567314,11.510426593645928,11.207918167114258,11.207918167114258,7137271
2012-11-21,11.238167528640439,11.313794990127509,10.92053465130729,10.981036186218262,5502984
2012-11-22,11.041537721129233,11.162540790951176,10.981036186218262,10.981036186218262,3442187
2012-11-23,11.086914959541433,11.646553985729675,11.086914959541433,11.54067611694336,11349184
2012-11-26,11.87343538561528,11.87343538561528,11.586052897992163,11.691930770874023,9045527
2012-11-27,11.722181398019996,12.31207231174341,11.691930990227846,12.266695976257324,18830674
2012-11-28,12.266696866538073,12.266696866538073,12.039815896439144,12.1456937789917,9679271
2012-11-29,12.206193413552196,12.327197936942941,12.175943006502354,12.251569747924805,9349102
2012-11-30,12.402824770548998,12.59945458922795,12.327198028564453,12.327198028564453,11012492
2012-12-03,12.357448435839132,12.47845151253354,12.175943096999669,12.327198028564453,6899428
2012-12-04,12.130567600191798,12.675082206726074,12.130567600191798,12.675082206726074,10230724
2012-12-05,12.826333997471156,13.552353858947754,12.826333997471156,13.552353858947754,31431289
2012-12-06,13.703608287053807,13.809486884527923,13.022964710021004,13.128843307495117,23485656
2012-12-07,13.128843376297645,13.385975459972919,13.007840298261465,13.038090705871582,12619181
2012-12-10,12.96246307269187,13.038089810320422,12.690206527709961,12.690206527709961,11130911
2012-12-11,12.675082060687702,12.856587409973145,12.417949965065253,12.856587409973145,10133379
2012-12-12,12.992713850474342,13.083466517266976,12.871710777282715,12.871710777282715,9693823
2012-12-13,13.007838092747622,13.219593805306117,12.977587690266544,13.02296257019043,9392255
2012-12-14,13.022964047326585,13.09859223350065,12.871710570169718,12.932212829589844,5893868
2012-12-17,13.022964204887243,13.249845870963144,12.932212986052532,13.174219131469727,11638709
2012-12-18,13.234721617627294,13.249846097226865,13.022964427276573,13.068342208862305,6417723
2012-12-19,13.159094159045392,13.189344567517882,12.947338404546445,12.962464332580566,6444819
2012-12-20,13.00783858393846,13.295221037349277,12.88683552184946,13.234720230102539,13210273
2012-12-21,13.446476808737495,13.446476808737495,12.780959129333496,12.780959129333496,13889679
2012-12-24,12.856587797417264,12.917088617271801,12.569205284118652,12.569205284118652,4925439
2012-12-25,12.599454519115747,13.022964561391625,12.599454519115747,12.886837005615234,6424246
2012-12-26,12.886837073383663,12.932213408079646,12.750708069295719,12.7960844039917,4585736
2012-12-27,12.796084037487406,13.022964256873335,12.765833631088412,12.871710777282715,5031816
2012-12-28,12.947336729027164,13.15909245612273,12.886835919911611,13.113716125488281,10527274
2013-01-02,13.31035019794287,13.355725090608203,13.159095247873559,13.204471588134766,7721339
2013-01-03,13.280095929220069,13.552353921376293,13.234721044789643,13.461601257324219,15885245
2013-01-04,13.506978848401271,13.506978848401271,13.159094086305496,13.264972686767578,10430431
2013-01-07,13.264973099620931,13.718735028705735,13.098593677369976,13.567480087280273,11724011
2013-01-08,13.370847770205463,13.370847770205463,13.15909204965083,13.234720230102539,10909126
2013-01-09,13.234721326337892,13.673357281793407,13.234721326337892,13.522102355957031,13999568
2013-01-10,13.612857900288171,13.67335871890503,13.310349464416504,13.310349464416504,12362271
2013-01-11,13.552353921376293,13.643106585428368,13.431350851838731,13.461601257324219,5421194
2013-01-14,13.506979354056359,13.703609186795415,13.340599930755051,13.643108367919922,12008017
2013-01-15,13.643108214463497,13.703609032658484,13.41622652724284,13.446476936340332,7183936
2013-01-16,13.597729490031844,13.839737088880177,13.552354603318195,13.6128568649292,13030136
2013-01-17,13.764108796628836,13.794360651005054,12.992714014353059,13.325472831726074,11672328
2013-01-18,13.476727760820147,13.597729387942328,13.325472831726074,13.325472831726074,4889311
2013-01-21,13.431351655376693,13.431351655376693,13.17421957437795,13.219595909118652,3570642
2013-01-22,13.234721836564118,13.310348578600054,13.143969167082716,13.219595909118652,3417600
2013-01-23,13.23472139162185,13.310348131115267,13.159093204532784,13.174219131469727,3167716
2013-01-24,13.14396872519149,13.264971797900088,13.09859239197631,13.174219131469727,3458244
2013-01-25,13.128843376297645,13.204470119120794,13.038090705871582,13.038090705871582,4558640
2013-01-28,13.159094488839031,13.809487696670168,13.159094488839031,13.77923583984375,17436738
2013-01-29,13.91536314929864,14.142243362148047,13.673357009887695,13.673357009887695,19443343
2013-01-30,13.673357281793407,13.733858094051445,13.491851949828012,13.522102355957031,9743499
2013-01-31,12.780959216040356,13.083467648984168,12.720458398009063,12.856587409973145,20763016
2013-02-01,12.856587409973145,13.00784090264716,12.735584326314777,12.856587409973145,6638505
2013-02-04,12.871711145953105,12.992714222610491,12.78095847656114,12.7960844039917,5547642
2013-02-05,12.735583132945406,12.750707612238122,12.493576988305504,12.538951873779297,8673711
2013-02-06,12.569203439203383,12.690206508747378,12.478450775146484,12.478450775146484,8135806
2013-02-18,12.705331006678303,12.780957744306855,12.554077531421198,12.690206527709961,4816052
2013-02-19,12.705331964180216,12.901963233947754,12.705331964180216,12.901963233947754,3894790
2013-02-20,12.932213624160473,12.962464031931342,12.88683728870631,12.947338104248047,4621362
2013-02-21,13.159094016101712,13.280097096273007,13.038090935930416,13.143969535827637,8655145
2013-02-22,13.143968949647178,13.174219356441991,12.962463613686944,13.068342208862305,4092992
2013-02-25,13.143969606720992,13.340599432110423,13.053216934204102,13.053216934204102,6342958
2013-02-26,12.932213340072593,13.0834668232,12.886837005615234,12.886837005615234,4560146
2013-02-27,12.932214068577167,13.007840814401119,12.780959129333496,12.780959129333496,3682037
2013-03-01,12.796084775587826,13.174219943971526,12.796084775587826,13.143969535827637,7233612
2013-03-04,13.159094605317248,13.385976295544685,12.992715181682396,13.007841110229492,8399741
2013-03-05,13.08346711356939,13.295222863204797,13.05321670579168,13.159093856811523,5783477
2013-03-06,13.401099349949979,13.416225276886923,13.159093204532784,13.174219131469727,4957553
2013-03-07,13.159094949512612,13.3406003064421,13.159094949512612,13.189345359802246,3611286
2013-03-08,13.23472139162185,13.295222204178325,13.174219131469727,13.174219131469727,4839134
2013-03-11,13.310349521317303,13.839738200658976,13.234722773925036,13.643108367919922,18097076
2013-03-12,13.733857738620198,14.036366134868414,13.552353858947754,13.552353858947754,15644392
2013-03-13,13.552353921376293,13.658231064373307,13.385974519812693,13.461601257324219,6164326
2013-03-14,13.461602512145486,13.506978848401271,13.249846758817068,13.264972686767578,5484418
2013-03-15,13.280096290559717,13.385974884033203,13.17421914468188,13.385974884033203,5973651
2013-03-18,13.385976219443432,13.385976219443432,13.098593711853026,13.098593711853027,5039342
2013-03-19,13.128842051564954,13.234720638910519,13.113716125488281,13.113716125488281,3487347
2013-03-20,13.128842929226202,13.249846003141911,12.992713928222656,12.992713928222656,4913898
2013-03-21,13.053216559802427,13.113717374681196,12.91708755493164,12.91708755493164,3680531
2013-03-22,12.91708822800444,13.00784090264716,12.856587409973145,12.856587409973145,3828555
2013-03-25,12.901963747294506,13.00784090264716,12.841461481667432,12.856587409973145,3421113
2013-03-26,12.85658717912897,13.068342933627918,12.796084914588235,12.962464332580566,5575240
2013-03-27,12.962464401392438,13.31034916725799,12.962464401392438,13.083467483520508,5875804
2013-03-28,13.159093853835566,13.174219781518861,12.917087696477179,12.947338104248047,3384985
2013-03-29,12.96246176522827,13.113715225229136,12.947335840189997,13.02296257019043,3152160
2013-04-01,12.977589959614635,13.113717518381403,12.932213624160473,12.947338104248047,2234913
2013-04-02,12.947338121867947,13.09859305611957,12.901963233947754,12.901963233947754,5909423
2013-04-03,12.932214068577167,13.038091223211545,12.644831565888692,12.780959129333496,13329696
2013-04-08,12.478451195582283,12.493577122633273,12.024689307604824,12.100316047668457,14840546
2013-04-09,12.115441238867986,12.175942775618266,11.676805278377916,11.88856029510498,12984474
2013-04-10,11.888561618129453,12.039815838736466,11.79780894100566,11.91881275177002,8877432
2013-04-11,12.024689307604824,12.130566454174778,11.94906184374336,12.100316047668457,10964321
2013-04-12,12.100316029448315,12.100316029448315,11.72218088210387,11.782682418823242,10388783
2013-04-15,11.67680541541988,11.722181025666757,11.344046597489085,11.44992446899414,7019855
2013-04-16,11.344045878613668,11.616303141831102,11.23816729002033,11.601177215576172,5041851
2013-04-17,11.616304535914148,11.888561108007544,11.510426658412104,11.85831069946289,7651592
2013-04-18,11.737306452940425,11.828059846558574,11.66168043441993,11.707056045532227,6135724
2013-04-19,11.812933787442685,12.070065866536787,11.782682656573678,11.994439125061035,8280820
2013-04-22,12.009564190461937,12.629704766266318,11.994438987100326,12.433074951171875,17145206
2013-04-23,12.402824037630939,12.856585910319822,12.31207137357404,12.478450775146484,22648692
2013-04-24,12.629705357904243,12.675081693912562,12.191069373284812,12.29694652557373,11746591
2013-04-25,12.327197727297456,12.523827541170931,12.251569539565509,12.312071800231934,6728323
2013-04-26,12.32719779344386,12.478451274528043,12.221319198608398,12.221319198608398,5326860
2013-04-29,12.281822795329806,12.312073205317441,12.130567850199968,12.1456937789917,3999661
2013-04-30,12.31207254304795,12.37257335976887,12.160819053649902,12.160819053649902,7364074
2013-05-02,12.160819707783432,12.251570937746342,12.1456937789917,12.1456937789917,4075429
2013-05-03,12.191068791910695,12.44819942023467,12.191068791910695,12.221319198608398,7065015
2013-05-06,12.387698461920264,12.387698461920264,12.160818242948178,12.191068649291992,5513020
2013-05-07,12.251569527795722,12.281821381897704,12.100316047668457,12.100316047668457,5870285
2013-05-08,12.221319851905445,12.372573341074961,12.175943515635442,12.206193923950195,9181509
2013-05-09,12.2515696053061,12.32719779344386,12.191068791910695,12.221319198608398,5592802
2013-05-10,12.175943515635442,12.2515702602202,12.145693107320687,12.206193923950195,4735768
2013-05-13,12.251569672030346,12.251569672030346,12.115441393553636,12.130566596984863,4078942
2013-05-14,12.160817941959733,12.402824081911737,12.145692015364377,12.175942420959473,8936140
2013-05-15,12.206193128666072,12.312071722262901,12.175942722322258,12.191068649291992,4274635
2013-05-16,12.19106901122478,12.19106901122478,11.828059781534904,11.9036865234375,17878803
2013-05-17,11.903686732796725,11.903686732796725,11.722181390961666,11.737306594848633,12188154
2013-05-20,11.737307403248922,11.903687552656349,11.722182198320214,11.812934875488281,8103692
2013-05-21,11.737306381710953,11.75243230912111,11.586052897992163,11.691930770874023,10965325
2013-05-22,11.752431904722394,12.312071657099237,11.752431904722394,12.281821250915527,21884988
2013-05-23,12.039814492728944,12.039814492728944,11.72218088210387,11.782682418823242,14819973
2013-05-24,11.72218132019043,11.949062272316626,11.707056116394778,11.72218132019043,7914021
2013-05-27,11.616304038880264,12.100316345268018,11.510426165908482,12.009564399719238,11519788
2013-05-28,11.979311889400114,12.327197344126187,11.797807284436109,12.175942420959473,16797976
2013-05-29,12.175943159118185,12.281821756513269,11.994439266948433,12.024689674377441,13152569
2013-05-30,11.918811491450615,12.070065696063702,11.797807693481445,11.797807693481445,13253426
2013-05-31,11.828060544582637,11.918812495960742,11.07179018157704,11.117166519165039,143290351
2013-06-03,11.117165785658733,11.404547549226303,11.117165785658733,11.374297142028809,18127183
2013-06-04,11.419673920926853,11.449925053099168,11.207918167114258,11.207918167114258,10815795
2013-06-05,11.207916474274985,11.26841872948138,11.086914135255485,11.102039337158203,15036239
2013-06-06,11.041539059293314,11.086916120723211,10.754156552687821,10.799532890319824,17853715
2013-06-07,10.829782780694211,10.920535451610311,10.39114680139402,10.42139720916748,23486157
2013-06-10,10.451647477042734,10.70877954085774,10.451647477042734,10.648277282714844,10158970
2013-06-11,10.633152888682963,10.693655151426793,10.46677347563207,10.512149810791016,8656149
2013-06-13,10.587775331812074,10.9659104494402,10.587775331812074,10.814656257629395,18577778
2013-06-14,10.875159768264714,10.905410175838774,10.512149810791016,10.512149810791016,13349767
2013-06-17,10.52727522865626,10.663402779946228,10.52727522865626,10.557525634765625,6146262
2013-06-18,10.587776555694637,10.769281896367625,10.557526148114375,10.618027687072754,8118244
2013-06-19,10.663402852164367,10.708779909231374,10.512149372997527,10.572650909423828,10724472
2013-06-20,10.527275881389702,11.147416483061129,10.51214995359933,10.754156112670898,19119195
2013-06-21,10.512149808592048,10.587776551309231,10.34577039557596,10.406271934509277,16091475
2013-06-24,10.436522483825684,10.648277496383706,10.436522483825684,10.436522483825684,9532251
2013-06-25,10.45164819237323,10.512149730859164,10.164265703615577,10.179390907287598,12818386
2013-06-26,10.391146653887295,10.45164819237323,10.179390907287598,10.179390907287598,9780630
2013-06-27,10.36089713389977,10.648278923472319,10.270143732701541,10.376022338867188,11778705
2013-06-28,10.58777655352402,10.58777655352402,10.421397140473125,10.512149810791016,5333384
2013-07-01,10.512149109708783,11.011287315572652,10.421396445443422,10.981036186218262,14438121
2013-07-02,10.99616272166131,11.11716652994595,10.799532890319824,10.799532890319824,14276047
2013-07-03,10.799532303947887,10.844908639116133,10.602902483282623,10.618027687072754,7434322
2013-07-04,10.663403672141154,10.708780732697493,10.542401313781738,10.542401313781738,6332923
2013-07-05,10.572650837820309,10.663402779946228,10.52727522865626,10.557525634765625,6337940
2013-07-08,10.769282488407569,10.769282488407569,10.572651933134711,10.587777137756348,6267190
2013-07-09,10.663403884662428,10.739031355366402,10.572651933134711,10.587777137756348,5282202
2013-07-10,10.587776626260286,10.814657579815787,10.587776626260286,10.633152961730957,7485504
2013-07-11,10.73903033502995,10.890284538269043,10.678529522291704,10.890284538269043,12835948
2013-07-12,10.920535250271788,11.631429229213746,10.860034435840303,11.586052894592285,39177215
2013-07-15,11.555801616701359,11.586052747330449,11.359171800904711,11.44992446899414,16400569
2013-07-16,11.44992350159759,11.525550236083903,11.223041850543096,11.344045639038086,12001995
2013-07-17,11.26841890455177,11.434798299459883,11.26841890455177,11.344045639038086,6710259
2013-07-18,11.359172544339899,11.419674085759944,11.086915969848633,11.086915969848633,11007976
2013-07-19,11.041539048585742,11.313796350315842,11.041539048585742,11.117166519165039,7410739
2013-07-22,11.223043441772461,11.313796115061386,11.177667828925879,11.223043441772461,5068445
2013-07-23,11.268418238658453,11.31379384239016,11.192790784843474,11.25329303741455,5362988
2013-07-24,11.253294638711683,11.313795452296306,11.11716563675277,11.132290840148926,4731753
2013-07-25,11.132292240181759,11.238169401068138,11.05666548989208,11.07179069519043,4965079
2013-07-26,11.071789444131833,11.328920800340901,11.071789444131833,11.162541389465332,6082536
2013-07-29,11.192793273112354,11.26842074374007,10.905410766601562,10.905410766601562,9183516
2013-07-30,10.96591079793596,11.465048995356195,10.920534466570885,11.404546737670898,11689388
2013-07-31,11.313795442116518,11.313795442116518,10.92053508758545,10.92053508758545,16335840
2013-08-01,10.920535974806569,10.981037517049941,10.708780938853714,10.799532890319824,9208103
2013-08-02,10.920534119517182,10.935660045356702,10.784405853545897,10.814656257629395,4966585
2013-08-05,10.844909224378128,10.920535971207949,10.844909224378128,10.905410766601562,4933969
2013-08-06,10.905409597909056,10.950785930663292,10.814656932400585,10.860033988952637,4097508
2013-08-07,10.86003405337593,10.86003405337593,10.739030257380884,10.769281387329102,3975074
2013-08-08,10.67852981044538,10.754155828408908,10.648277955664277,10.693655014038086,4410616
2013-08-09,10.723905561199379,10.769281896367625,10.587776555694637,10.618027687072754,6339446
2013-08-12,10.648278023481659,10.72390548952254,10.587776484927664,10.60290241241455,4349901
2013-08-13,10.602902694680592,10.784407315174517,10.602902694680592,10.663403511047363,4743796
2013-08-14,10.67853002099949,10.769281968142975,10.633152961730957,10.633152961730957,2739700
2013-08-15,10.663402485351668,10.70877954085774,10.602901674804372,10.648277282714844,3206854
2013-08-16,10.58777655352402,10.618027684895933,10.451648271845041,10.512149810791016,7387155
2013-08-19,10.466772961528001,10.557525627388326,10.436522555439774,10.451647758483887,3854648
2013-08-20,10.572650757884256,10.572650757884256,10.421396557087542,10.436522483825684,3447707
2013-08-22,10.436523065874864,10.45164826965873,10.19451691014159,10.406271934509277,7836245
2013-08-23,10.43652327827836,10.754156183193261,10.43652327827836,10.663403511047363,7517617
2013-08-26,10.70877954085774,10.78440627783966,10.63315208007802,10.648277282714844,2951952
2013-08-27,10.602902784017076,10.648278396674472,10.512150111106525,10.527276039123535,3976078
2013-08-28,10.451649087502178,10.497025426202336,10.376022338867188,10.376022338867188,4753831
2013-08-29,10.376020948266563,10.466772889706338,10.376020948266563,10.436522483825684,2257994
2013-08-30,10.55752570626671,10.572650909423828,10.466773039728345,10.572650909423828,4348396
2013-09-02,10.572652238900366,10.618028577875474,10.481899560950147,10.497025489807129,3452223
2013-09-03,10.497025186228631,10.587777137756348,10.497025186228631,10.587777137756348,4065394
2013-09-04,10.587776040874992,10.61802717078218,10.48189817189657,10.557525634765625,3482831
2013-09-05,10.55752651810193,10.648278467820962,10.527276109461546,10.542401313781738,6347976
2013-09-06,10.542401313781738,10.708780732697493,10.542401313781738,10.542401313781738,4998197
2013-09-09,10.70877911953938,11.041537183446717,10.678528715455883,10.814656257629395,12997520
2013-09-10,10.965911863757452,10.98103706774996,10.754156112670898,10.754156112670898,6520085
2013-09-11,10.739029884338379,10.784406215785554,10.67852907413921,10.739029884338379,3827050
2013-09-12,10.739030840827523,10.950786590576172,10.739030840827523,10.950786590576172,7853306
2013-09-13,10.950785930663292,10.965911133648765,10.799531729415111,10.860033988952637,3870203
2013-09-16,11.162541314017423,11.162541314017423,10.996161904266417,11.04153823852539,7757968
2013-09-17,11.041538167256604,11.071789297833273,10.844908351800678,11.026412963867188,6423744
2013-09-18,11.056664165810275,11.102040500069247,10.96591149729233,11.04153823852539,4058369
2013-09-23,11.04153860900496,11.071789740791912,10.950786661239832,10.965911865234375,4041810
2013-09-24,10.965911794473115,11.026413333858748,10.950786590576172,10.950786590576172,4249546
2013-09-25,10.935661754399574,11.117166378659713,10.844909080370561,11.086915969848633,8742454
2013-09-26,11.086915074859647,11.117165481228769,10.875159335084481,10.890284538269043,6433278
2013-09-27,10.860033988952637,10.950785930663292,10.844908062169347,10.860033988952637,3726695
2013-09-30,10.754155538214512,10.890284538269043,10.754155538214512,10.890284538269043,4143671
2013-10-01,10.860033988952637,10.935660727677819,10.860033988952637,10.860033988952637,3005642
2013-10-02,10.890284459526326,10.935660792549742,10.739030257380884,10.769281387329102,6156799
2013-10-03,10.769282411148492,10.87516029033617,10.754156482837473,10.784407615661621,4802504
2013-10-04,10.814656996554694,10.875159256451129,10.739030257380884,10.769281387329102,3709634
2013-10-07,10.814656683113308,10.814656683113308,10.618026877441196,10.648277282714844,5516532
2013-10-08,10.602902274323961,10.69365494287193,10.587776347034072,10.678529739379883,5443774
2013-10-09,10.678529430596553,10.678529430596553,10.512149301803756,10.557525634765625,6080529
2013-10-11,10.618027684895933,10.678529947639763,10.512149810791016,10.512149810791016,5826128
2013-10-14,10.512150631169753,10.52727655993508,10.376022338867188,10.376022338867188,4920923
2013-10-15,10.39114680139402,10.481898748512261,10.39114680139402,10.42139720916748,3491863
2013-10-16,10.4818992578091,10.587777137756348,10.421397715524657,10.587777137756348,4085465
2013-10-17,10.678529878455432,10.693655082144469,10.557526077549591,10.60290241241455,4317286
2013-10-18,10.618026459693343,10.875158513391934,10.618026459693343,10.814656257629395,9240718
2013-10-21,10.81465765243879,10.81465765243879,10.708780500693377,10.754156112670898,3166712
2013-10-22,10.754155756840122,10.784406887622058,10.678529739379883,10.678529739379883,2145095
2013-10-23,10.663403230021348,10.799532234652618,10.663403230021348,10.708780288696289,3408067
2013-10-24,10.739030696082448,10.754155899775528,10.67852988131013,10.708780288696289,2852098
2013-10-25,10.708780285833505,10.739030693211577,10.60290241241455,10.60290241241455,3089940
2013-10-28,10.60290306617588,10.618028270797517,10.51215039085027,10.587777137756348,1869118
2013-10-29,10.587777061799393,10.844909157512022,10.527276243746881,10.784407615661621,6374068
2013-10-30,10.844908062169347,10.92053480089453,10.814656932400585,10.860033988952637,8999866
2013-10-31,10.587776479093751,10.587776479093751,10.345770325011117,10.391146659851074,15917860
2013-11-01,10.391147031466032,10.436523367928766,10.255018022077827,10.315520286560059,5828637
2013-11-04,10.315520216020046,10.391146960408864,10.300395011901855,10.300395011901855,3322764
2013-11-05,10.391147031466032,10.391147031466032,10.300395082338438,10.315520286560059,2658412
2013-11-06,10.391147246457626,10.391147246457626,10.224767825183815,10.25501823425293,3807481
2013-11-07,10.25501779501987,10.42139720916748,10.25501779501987,10.42139720916748,4385026
2013-11-08,10.28526943734686,10.406272522045306,10.255018304273301,10.270143508911133,2438634
2013-11-11,10.270143603783184,10.300395460934098,10.103764179836393,10.134016036987305,4989165
2013-11-12,10.13401498044771,10.19451651704813,9.453371427046775,9.589500427246094,11670321
2013-11-13,9.589500939719533,9.650002479553223,9.528998676087976,9.650002479553223,4254564
2013-11-14,9.604625205453496,9.786130531021193,9.58950000292212,9.755879402160645,3166712
2013-11-15,9.771004555413613,10.088637425959561,9.665126690632366,9.952509880065918,5366501
2013-11-18,9.982760357288779,10.073512296474524,9.922258823232351,9.967635154724121,3521468
2013-11-19,10.19451757989542,10.31552066571165,10.11889083220975,10.134016036987305,5049880
2013-11-20,10.209641068845455,10.209641068845455,10.058386875095923,10.073512077331543,2121009
2013-11-21,10.073512223504467,10.103762628414657,9.90713282510505,9.952509880065918,2481787
2013-11-22,9.982760564404948,10.043262099716626,9.801255958469914,9.907133102416992,2212333
2013-11-25,9.982760867900556,10.01301127457716,9.892008200275072,9.922259330749512,2039722
2013-11-26,10.013012307371918,10.04326344096662,9.937385559082031,9.937385559082031,3082915
2013-11-27,9.982760501257737,10.028136833403915,9.952510095692157,9.997885704040527,2944927
2013-11-28,10.028137278235734,10.058387685143172,9.982760944076736,10.043262481689453,2176707
2013-11-29,10.043262764801913,10.179391047318425,10.028137560921824,10.103763580322266,3172733
2013-12-02,10.134015435678162,10.209642178876463,10.07351317256209,10.103763580322266,1898221
2013-12-03,10.10376248180278,10.13401433386958,9.98276014012005,10.073512077331543,2568594
2013-12-04,9.997885342355668,10.08863727956716,9.997885342355668,10.073512077331543,3108506
2013-12-05,10.088638020416544,10.103763223762867,10.013011279887092,10.02813720703125,3412583
2013-12-06,10.028136905387905,10.088637716953352,9.997885775807369,10.01301097869873,2001587
2013-12-09,10.058389088347772,10.073514293911547,9.922260790677917,9.982762336730957,3389501
2013-12-10,9.982762416813982,9.982762416813982,9.861758599939254,9.892009735107422,3233950
2013-12-11,9.861756992689713,9.952510383403412,9.77100504957167,9.80125617980957,2885215
2013-12-12,9.680252887571134,9.755880355211646,9.619752071535311,9.650002479553223,4342375
2013-12-13,9.650002620410165,9.725630089154578,9.604626283923093,9.680253028869629,2765291
2013-12-16,10.34577017435044,10.34577017435044,10.10376329999419,10.149140357971191,8880443
2013-12-17,10.179392180453851,10.179392180453851,9.937385996241693,9.982762336730957,3918373
2013-12-18,10.073512223504467,10.073512223504467,9.90713282510505,9.952509880065918,2349318
2013-12-19,9.982762336730957,10.134016563762527,9.967637131167184,9.982762336730957,3926904
2013-12-20,9.9525104665018,10.02813720703125,9.90713340886716,10.02813720703125,4041810
2013-12-23,10.02813668878055,10.058387093909866,9.952509952159463,9.967635154724121,2643359
2013-12-24,9.982760284976107,10.013010689886297,9.922258751357937,9.952509880065918,2537986
2013-12-25,9.952509952159463,10.02813668878055,9.922258823232351,9.967635154724121,2295126
2013-12-26,9.982760357288779,10.02813668878055,9.952509952159463,9.967635154724121,2184735
2013-12-27,9.99788607654077,10.103763223762867,9.967635669848121,10.02813720703125,4961567
2013-12-30,10.028137560921824,10.118890231798073,10.028137560921824,10.103763580322266,3169221
2013-12-31,10.13401515451075,10.285268636710837,10.10376329999419,10.149140357971191,4696629
2014-01-02,10.179391207703846,10.270143156212114,10.179391207703846,10.194517135620117,2994603
2014-01-03,10.194517206055417,10.224767614501221,10.134015665365936,10.20964241027832,2728661
2014-01-06,10.16426644654241,10.23989319422808,10.134016036987305,10.134016036987305,3390504
2014-01-07,10.13401524312951,10.739030624816204,10.13401524312951,10.693655014038086,17171800
2014-01-08,10.587776055235441,11.102040197770382,10.436522576887821,10.769281387329102,22479092
2014-01-09,10.890284081229693,11.011287149223625,10.723904681788586,10.739029884338379,13471699
2014-01-10,10.860034497020639,10.860034497020639,10.708780288696289,10.708780288696289,7171893
2014-01-13,10.739030624816204,10.829782570170284,10.693655014038086,10.693655014038086,6192927
2014-01-14,10.739030257380884,10.935660792549742,10.708779851230489,10.769281387329102,10088721
2014-01-15,10.84490774978252,10.875158878679901,10.739029884338379,10.739029884338379,4901354
2014-01-16,10.89028497647293,10.89028497647293,10.723905563354492,10.723905563354492,4894329
2014-01-17,10.769281898531858,10.784407102325028,10.693655155768152,10.723905563354492,3189292
2014-01-20,10.72390495868097,10.784406494240093,10.421396557087542,10.436522483825684,9436913
2014-01-21,10.285267743728618,10.285267743728618,10.058386816328786,10.164264678955078,10134884
2014-01-22,10.285268783569336,10.406271860576286,10.22476724506586,10.285268783569336,4955044
2014-01-23,10.315520287434381,10.345770695880185,10.20964241027832,10.20964241027832,3007147
2014-01-24,10.209640789710775,10.239891193354959,10.058386600096581,10.118888854980469,3938444
2014-01-27,10.058387685143172,10.209641891073886,10.028137278235734,10.043262481689453,6241599
2014-02-05,9.831506138615321,9.922258801399169,9.680251941908173,9.755879402160645,6739362
2014-02-06,9.831507472576478,9.892009014708764,9.786131858825684,9.786131858825684,4829600
2014-02-07,9.84663200378418,9.922259469126066,9.816381596685702,9.84663200378418,5475386
2014-02-10,9.86175720733342,9.922259469126066,9.83150680023494,9.84663200378418,3395522
2014-02-11,9.84663186112799,9.87688299158604,9.801256251137666,9.816381454467773,2879696
2014-02-12,9.90713443113328,9.90713443113328,9.816382477893278,9.831507682800293,4064892
2014-02-13,9.83150637260895,10.315519379312843,9.83150637260895,10.01301097869873,8719372
2014-02-14,10.073512811728204,10.134015072677082,9.922259330749512,9.922259330749512,3174740
2014-02-17,9.98276107910234,9.997886282760641,9.861757278442383,9.861757278442383,3064851
2014-02-18,9.83150687112578,9.922259540671286,9.83150687112578,9.861757278442383,2482790
2014-02-19,9.907133110863573,10.088637716953352,9.876882705080849,10.01301097869873,5553663
2014-02-20,9.997887102473523,10.04326344096662,9.922260354183637,9.937385559082031,2279571
2014-02-21,9.967635298474947,10.058387238969495,9.967635298474947,9.997885704040527,5292238
2014-02-24,10.013010689886297,10.058387021049372,9.952509880065918,9.952509880065918,2781347
2014-02-25,9.982760284976107,10.028136616139182,9.952509880065918,9.952509880065918,3061841
2014-02-26,9.95251046122395,9.982760867900556,9.922259330749512,9.922259330749512,4528534
2014-02-27,9.922260274909949,10.28526953235864,9.922260274909949,10.134016036987305,10939232
2014-03-03,10.13401470047906,10.16426510604464,9.967635298474947,9.997885704040527,5053392
2014-03-04,9.922259330749512,10.058387608389902,9.907133403613376,9.922259330749512,4038298
2014-03-05,10.043262099716626,10.043262099716626,9.892007899538525,9.907133102416992,4658494
2014-03-06,9.907133110863573,10.01301097869873,9.907133110863573,10.01301097869873,4228973
2014-03-07,10.028138236068223,10.07351385076341,9.907134425487332,9.937385559082031,4401584
2014-03-10,10.02813689683816,10.02813689683816,9.907133102416992,9.907133102416992,2792387
2014-03-11,9.922259330749512,9.997886071238858,9.907133403613376,9.922259330749512,2565082
2014-03-12,9.93738408753288,9.967635216647928,9.876882553100586,9.876882553100586,3309718
2014-03-13,9.87688452942231,9.997887622499093,9.87688452942231,9.892009735107422,3671499
2014-03-14,9.892008409556835,9.937384744329588,9.846632074784083,9.861757278442383,3422116
2014-03-17,9.861756626644162,9.967635216647928,9.846631423985539,9.876882553100586,3558098
2014-03-18,9.95251200544376,9.96763721112887,9.892009735107422,9.892009735107422,3851637
2014-03-19,9.907133541778983,9.95251060002239,9.84663200378418,9.84663200378418,3346850
2014-03-20,9.846632446790311,9.846632446790311,9.650002620410165,9.680253028869629,7047453
2014-03-21,9.680253479623088,9.786132085554998,9.513874053955078,9.513874053955078,11595556
2014-03-24,9.513874292336624,9.589501766497508,9.317244451873766,9.407997131347656,6903443
2014-03-25,9.407994792621912,9.559248979545599,9.407994792621912,9.468496322631836,5100057
2014-03-26,9.528998237742739,9.846631850106485,9.528998237742739,9.604625701904297,9216633
2014-03-27,9.68025237024781,9.68025237024781,9.559250020844797,9.589500427246094,4197863
2014-03-28,9.604625486853248,9.619751413625584,9.513872821410496,9.559249877929688,3306206
2014-03-31,9.55925076131807,9.604626374434876,9.49874849623323,9.5441255569458,2156134
2014-04-01,9.544123777992553,9.574374181098642,9.468496322631836,9.468496322631836,4078942
2014-04-02,9.468497419013698,9.52899823223142,9.468497419013698,9.498747825622559,4061881
2014-04-03,9.513873472079021,9.755880355211646,9.513873472079021,9.650002479553223,7556254
2014-04-07,9.619750689696273,9.771004155654603,9.559249158553389,9.710502624511719,4154710
2014-04-08,9.710504019386912,9.786131487027424,9.634877275544266,9.650002479553223,3607272
2014-04-09,9.650003639720019,9.755881528107558,9.650003639720019,9.695379257202148,4339866
2014-04-10,9.710502624511719,9.755878953818323,9.680251497041395,9.710502624511719,4130123
2014-04-11,9.710503070768722,9.755879402160645,9.665126739376797,9.755879402160645,4906372
2014-04-14,9.786131629871383,9.801256834101116,9.680253028869629,9.680253028869629,2929873
2014-04-15,9.710503949578454,9.75588028507698,9.650002410179708,9.740755081176758,3587201
2014-04-16,10.134015440128172,10.42139720916748,10.07351317698553,10.42139720916748,19637531
2014-04-17,10.89028512146379,11.132291280567953,10.784407245906253,10.965911865234375,63628290
2014-04-18,11.056663647705331,11.525550724214812,10.965910983439972,10.981036186218262,38714577
2014-04-21,11.086914135255485,11.34404546279273,10.829781360122713,11.102039337158203,25735622
2014-04-22,11.192792367460472,11.192792367460472,10.92053508758545,10.92053508758545,12628714
2014-04-23,10.935660871620554,11.162541090782453,10.890284538269043,10.890284538269043,10533797
2014-04-24,10.920535458984425,11.102040800939186,10.90541025508748,10.950786590576172,14290097
2014-04-25,10.920535451610311,10.935661379294901,10.22476738724641,10.42139720916748,19099626
2014-04-28,10.224767107879906,10.436522851699863,10.149140366714711,10.360896110534668,8288848
2014-04-29,10.43652327827836,10.84490885533916,10.43652327827836,10.663403511047363,8766038
2014-04-30,10.76928204046127,10.996162271742465,10.708780500693377,10.754156112670898,13351774
2014-05-02,10.754156037462701,10.754156037462701,10.31552005816251,10.42139720916748,12527355
2014-05-05,10.42139662859784,10.542400424344212,10.406271425553726,10.451647758483887,5003214
2014-05-06,10.466772889706338,10.618027090503052,10.376020948266563,10.436522483825684,6565245
2014-05-07,10.451647779963018,10.875159256451129,10.436522576887821,10.769281387329102,18806588
2014-05-08,10.739031348076452,10.950787107827201,10.663403877423816,10.799532890319824,13303604
2014-05-09,10.799531778831838,10.860034038646212,10.542400431710943,10.557525634765625,7678186
2014-05-12,10.557526661566545,10.663403817044516,10.466773986816406,10.466773986816406,6312350
2014-05-13,10.497024389391589,10.587776334030256,10.360896110534668,10.360896110534668,5963113
2014-05-14,10.40627134598407,10.451647678567271,10.300394201687022,10.330644607543945,3610283
2014-05-15,10.330644615647767,10.436522483825684,10.300394209767113,10.436522483825684,3144634
2014-05-16,10.360895737198684,10.436522475638808,10.315519404615484,10.330644607543945,2572608
2014-05-19,10.360896552172486,10.406272164527055,10.300395011901855,10.300395011901855,2932382
2014-05-20,10.315519404615484,10.421396548912533,10.300394201687022,10.330644607543945,2514402
2014-05-21,10.330645490781677,10.40627223568765,10.315520286560059,10.315520286560059,2201294
2014-05-22,10.376021968529495,10.481899123320384,10.345770835876465,10.345770835876465,4158724
2014-05-23,10.39114651748161,10.421396924428551,10.315519776316414,10.360896110534668,2921343
2014-05-26,10.360896123259833,10.814657294606153,10.360896123259833,10.678529739379883,12155539
2014-05-27,10.6936555283773,10.754156345658068,10.542401313781738,10.542401313781738,5466354
2014-05-28,10.663403600893606,10.663403600893606,10.497024906887393,10.527276039123535,4927446
2014-05-29,10.587776417495606,10.769281755799462,10.557526010310195,10.693655014038086,11615627
2014-05-30,10.890286060216441,11.298671669857395,10.890286060216441,11.07179069519043,36295512
2014-06-03,11.17766806850597,11.23816888693151,10.890285561995178,10.905410766601562,11093278
2014-06-04,10.920535668567684,11.298670839833335,10.814657791661388,11.207918167114258,29714711
2014-06-05,11.207918027869017,11.631429530232571,11.147416488073919,11.495301246643066,33878955
2014-06-06,11.631429601506762,11.873435762170102,11.192792892456055,11.192792892456055,34059595
2014-06-09,11.19279237254428,11.283545040476453,10.920535092545597,11.026412963867188,13294572
2014-06-10,11.162541617947852,11.268420216633514,11.011288131363445,11.05666446685791,6682661
2014-06-11,11.05666402288138,11.132290763136819,10.98103655882811,11.011287689208984,5646994
2014-06-12,11.041537721129233,11.086914777059722,10.95078578066168,10.981036186218262,5373024
2014-06-13,10.965912006172903,11.11716621945592,10.950786801983963,10.996162414550781,4432193
2014-06-16,11.041539048585742,11.253295531929036,11.011288639392339,11.117166519165039,9634613
2014-06-17,11.147416627833797,11.19279296419849,10.996162414550781,10.996162414550781,5873797
2014-06-18,11.041538162241496,11.13229083013245,10.890284680820356,10.92053508758545,8682241
2014-06-19,11.041538388958289,11.555801828704816,11.041538388958289,11.389422416687012,28770367
2014-06-20,11.389421755753634,11.419672885182226,11.19279194776012,11.298669815063477,12610149
2014-06-23,11.344047031683028,11.374297439672114,10.965911865234375,10.965911865234375,10928695
2014-06-24,10.950786801983963,11.086915811078041,10.950786801983963,10.996162414550781,4853685
2014-06-25,10.981036186218262,11.132290385394594,10.965910983439972,10.981036186218262,4386029
2014-06-26,10.996162414550781,11.10204101526698,10.996162414550781,10.996162414550781,6172856
2014-06-27,11.04153823852539,11.117165703556292,10.996161904266417,11.04153823852539,4563658
2014-06-30,11.071789302766465,11.253294638711683,11.071789302766465,11.132290840148926,5865267
2014-07-01,11.177667316852453,11.313795596751625,11.147416185876056,11.162541389465332,9145883
2014-07-02,11.192793785173087,11.449925894234681,11.041539560795801,11.07179069519043,15560595
2014-07-03,11.071789812124385,11.268420360511751,11.071789812124385,11.192792892456055,7664136
2014-07-04,11.238168421649782,11.964187622070312,11.238168421649782,11.964187622070312,65857683
2014-07-07,12.054939882476265,12.796084261604106,12.054939882476265,12.765833854675293,82700820
2014-07-08,12.856585910319822,13.219595118951807,12.448198922063778,12.478450775146484,62771255
2014-07-09,12.47845202909198,12.841461274202352,12.342323019327182,12.49357795715332,24657806
2014-07-10,12.629704699565352,12.811210034137439,12.508701625715847,12.52382755279541,16681564
2014-07-11,12.55407800963616,12.675081083970264,12.070065712299748,12.11544132232666,23114341
2014-07-14,12.206194206764163,12.947338637020087,12.206194206764163,12.856587409973145,26861609
2014-07-15,12.856586966513998,13.219596204967912,12.599454879760742,12.599454879760742,30425227
2014-07-16,12.705331451172619,12.8263345251307,12.508701636940193,12.735583305358887,16499921
2014-07-17,12.796084118540096,13.143968860916873,12.720457378265753,12.735583305358887,22255299
2014-07-18,12.523828945429837,12.705332852589272,12.523828945429837,12.569205284118652,15532998
2014-07-21,12.690207837860424,12.765834583296762,12.433075745300268,12.448200225830078,9911092
2014-07-22,12.478451061417143,12.675080872987609,12.433074728347707,12.538951873779297,8839799
2014-07-23,12.538951873779297,12.538951873779297,12.538951873779297,12.538951873779297,0
2014-07-24,12.629704910763053,12.659956765428056,12.463325500488281,12.463325500488281,6786027
2014-07-25,12.493576459989102,12.523826864890978,12.236444399334195,12.37257194519043,11663798
2014-07-28,12.372572823719862,12.387698751042626,12.221319340874961,12.251569747924805,7040428
2014-07-29,12.40282497980703,12.417949459901697,11.933937144957898,12.054940223693848,11591040
2014-07-30,12.100315683173923,12.206192826554568,12.100315683173923,12.175942420959473,4955044
2014-07-31,11.797807693481445,11.949061898094532,11.344046527237852,11.797807693481445,16575689
2014-08-01,11.495301022281286,11.737306452940425,11.495301022281286,11.707056045532227,7296836
2014-08-04,11.797807714457887,12.342322272994878,11.767557307760184,12.221319198608398,8613498
2014-08-05,12.221319708722572,12.327198307977374,11.918812010129795,11.964187622070312,7630015
2014-08-06,11.964186883551754,12.100315882364008,11.66167992742982,11.752431869506836,7183936
2014-08-07,11.812934740286307,11.918812621171284,11.646555316581043,11.676806449890137,4238507
2014-08-08,11.691930391084,11.797807536728797,11.35917157963514,11.555801391601562,6161315
2014-08-11,11.707056116394778,11.797808062966542,11.646554577414316,11.72218132019043,3922889
2014-08-12,11.72218259169933,11.752433726369839,11.525552749633789,11.525552749633789,5192384
2014-08-13,11.540677955070077,11.616305429847381,11.510427544197501,11.525552749633789,4711180
2014-08-14,11.646553985729675,11.722180724663692,11.525550913916119,11.54067611694336,3889772
2014-08-15,11.555801319970598,11.631428782702436,11.51042571088888,11.54067611694336,2863137
2014-08-18,11.61630439741477,11.61630439741477,11.192792892456055,11.192792892456055,6805094
2014-08-19,11.344047992655128,11.449925877181746,11.268421242478082,11.283546447753906,4143169
2014-08-20,11.344047247423653,11.404548064552431,11.207918237490267,11.223043441772461,3547059
2014-08-21,11.283545117636274,11.328920728114815,11.117165707821437,11.147416114807129,3567130
2014-08-22,11.1474166265675,11.313796044020554,11.132291422380279,11.207918167114258,4483374
2014-08-25,11.223044195769788,11.268421259260695,11.07179069519043,11.07179069519043,5531084
2014-08-26,11.117166287999222,11.238168646054657,11.102041083717028,11.223043441772461,3935936
2014-08-27,11.570926911884165,11.994439125061035,11.570926911884165,11.994439125061035,19139266
2014-08-28,12.02468981148819,12.070066146946955,11.707056187074697,11.737306594848633,14959969
2014-08-29,11.73730652398608,11.949062272316626,11.676805708803474,11.72218132019043,10965826
2014-09-01,11.873435157686906,11.873435157686906,11.75243208351557,11.797807693481445,3571144
2014-09-02,11.843184679340443,11.933936622520585,11.72218088210387,11.782682418823242,5354960
2014-09-03,11.918811274412155,11.918811274412155,11.707055536569419,11.752431869506836,4145176
2014-09-04,11.752432522533462,11.828059989564023,11.707056187074697,11.737306594848633,3031734
2014-09-05,11.72218155002635,11.78268309019306,11.616304397583008,11.616304397583008,3075389
2014-09-09,11.691930391084,11.707055594204997,11.540676188480566,11.555801391601562,3055318
2014-09-10,11.525551277309539,11.525551277309539,11.31379553306038,11.359171867370605,5707709
2014-09-11,11.374297070874734,11.480174942999312,11.344046663866479,11.359171867370605,2928368
2014-09-12,11.419674742832173,11.449925877181746,11.268421242478082,11.283546447753906,2790379
2014-09-15,11.31379583112922,11.404547778342744,11.253295015518777,11.268420219421387,2620779
2014-09-16,11.192792892456055,11.313795972787725,11.13229135229022,11.192792892456055,3211370
2014-09-17,11.20791758092754,11.313795452296306,11.132290840148926,11.132290840148926,2750739
2014-09-18,11.132290840148926,11.238167987719853,11.11716563675277,11.132290840148926,3503906
2014-09-19,11.207918990471438,11.238169401068138,11.07179069519043,11.07179069519043,4001668
2014-09-22,11.071789667910581,11.117166003393383,10.829782786601593,10.844908714294434,5210448
2014-09-23,10.799532306118198,10.844908641295564,10.693655155768152,10.723905563354492,5022784
2014-09-24,10.723906073811218,10.860035085823041,10.723906073811218,10.784407615661621,2408026
2014-09-25,10.829783306894116,10.860035163733182,10.40627251090302,10.587777137756348,7603923
2014-09-26,10.587777137756348,10.708780946123127,10.4818992578091,10.587777137756348,3157178
2014-09-29,10.602902481108904,10.678529947639763,10.512149810791016,10.512149810791016,2615259
2014-09-30,10.436523367928766,10.512150112834739,10.103763808468004,10.315520286560059,6398655
2014-10-01,10.315519404615484,10.360895737198684,10.209641536520621,10.330644607543945,4521007
2014-10-02,10.285269361114022,10.49702511966575,10.209642614687501,10.466773986816406,2822493
2014-10-03,10.512149812946129,10.723905561199379,10.497024609155998,10.618027687072754,4863219
2014-10-06,10.663403159256982,10.81465736657758,10.648277955664277,10.693655014038086,3250007
2014-10-07,10.723906150744764,10.723906150744764,10.587777137756348,10.587777137756348,2297133
2014-10-08,11.268419831968878,11.268419831968878,10.890284680820356,10.92053508758545,10466559
2014-10-09,11.071789520117305,11.102040651301314,10.67852988131013,10.708780288696289,6094579
2014-10-13,10.557526969869912,10.557526969869912,10.36089713389977,10.376022338867188,5396607
2014-10-14,10.360895745326236,10.497024019384806,10.300394209767113,10.436522483825684,2803426
2014-10-15,10.45164850082439,10.45164850082439,10.164266003585448,10.194517135620117,5547642
2014-10-16,10.285269155190703,10.421397440792568,10.134015665365936,10.20964241027832,8246699
2014-10-17,10.239892302531675,10.330644970889999,10.11888995105031,10.149140357971191,5054396
2014-10-20,10.5575260687339,10.5575260687339,10.255017652418672,10.285268783569336,5599827
2014-10-21,10.285268783569336,10.481898602756168,10.285268783569336,10.285268783569336,3793933
2014-10-22,10.376021756290676,10.406272164527055,10.285269083985794,10.300395011901855,5383561
2014-10-23,10.285268780587446,10.285268780587446,10.164265703615577,10.179390907287598,3318750
2014-10-24,10.209642178876463,10.255017790516726,10.103763580322266,10.103763580322266,3476810
2014-10-27,10.134016036987305,10.209642784672972,9.982761817818064,10.134016036987305,3709634
2014-10-28,10.224768117799293,10.436523882534763,10.224768117799293,10.376022338867188,5450799
2014-10-29,10.436523435944633,10.663403672141154,10.391147099186176,10.542401313781738,7860331
2014-10-30,10.663403227170695,10.663403227170695,10.52727567017152,10.60290241241455,3945971
2014-10-31,10.360895737198684,10.421396548912533,10.028136929985633,10.330644607543945,8428342
2014-11-03,10.391146960408864,10.406272164527055,10.239892747833354,10.300395011901855,4676056
2014-11-04,10.315519396355942,10.330644599272294,10.209641528345855,10.224766731262207,2903279
2014-11-05,10.285268783569336,10.421397064252693,10.22476724506586,10.285268783569336,4143169
2014-11-06,10.360895801492429,10.406271410559391,10.23989200592041,10.23989200592041,3517454
2014-11-07,10.23989200592041,10.37602100451475,10.22476680289809,10.23989200592041,3438173
2014-11-10,10.22476680289809,10.37602100451475,10.20964159987577,10.23989200592041,4154710
2014-11-11,10.239892818724122,10.30039508321148,10.20964241027832,10.20964241027832,2730166
2014-11-12,10.149140499943556,10.33064511540136,10.149140499943556,10.179390907287598,3339323
2014-11-13,10.179389940576437,10.239891473316693,10.073512077331543,10.073512077331543,3574656
2014-11-14,10.073514293911547,10.088639499475322,9.967637131167184,9.982762336730957,5340910
2014-11-17,9.982762510710012,10.058389263644846,9.619753228065267,9.695379257202148,5393095
2014-11-18,9.72562905864106,9.816380998201383,9.619751192655846,9.66512680053711,4180803
2014-11-19,9.725630089154578,9.771005701843775,9.665127824639898,9.680253028869629,2336773
2014-11-20,9.695377165773495,9.967635154724121,9.695377165773495,9.967635154724121,3978587
2014-11-21,9.982760419306551,9.982760419306551,9.846631423985539,9.876882553100586,3123559
2014-11-24,9.967636692676733,9.982761897575127,9.892009220588935,9.937385559082031,2022159
2014-11-25,9.907133541778983,10.028137341566431,9.816381596685702,9.84663200378418,2105454
2014-11-26,9.861757881743674,9.922260147673853,9.786131858825684,9.786131858825684,2213336
2014-11-27,9.831507682800293,9.952511493450142,9.786132068079247,9.831507682800293,3330291
2014-11-28,9.861756616474805,9.89200774555866,9.755879474175822,9.771004676818848,2222368
2014-12-01,9.226490375368641,9.755878953818323,9.226490375368641,9.710502624511719,3010659
2014-12-02,9.680253028869629,9.771005701843775,9.634877416180434,9.680253028869629,2131045
2014-12-03,9.740755729560293,9.861758092614323,9.680253462336413,9.831507682800293,3067360
2014-12-04,9.86175743617639,9.892008567774694,9.725629877276537,9.740755081176758,2244948
2014-12-05,9.740754199629269,9.80125573355257,9.710503070768722,9.755879402160645,3367924
2014-12-08,9.831507028375947,9.831507028375947,9.725629877276537,9.740755081176758,2466232
2014-12-09,9.604626143728488,9.725629947193735,9.559250531701622,9.650002479553223,3920380
2014-12-10,9.650002711349565,9.650002711349565,9.528998904977765,9.5441255569458,3228932
2014-12-11,9.48362329186096,9.710504252636522,9.45337215931854,9.5441255569458,4238507
2014-12-12,9.544123777992553,9.619750509555523,9.453370397281043,9.468496322631836,3044278
2014-12-15,9.453372677494812,9.468498606494075,9.377746651488113,9.392871856689453,3054816
2014-12-16,9.37774648575094,9.574376321287001,9.37774648575094,9.513874053955078,3128577
2014-12-17,9.559250530439009,9.559250530439009,9.438246726989746,9.438246726989746,3932423
2014-12-18,9.574376771882966,9.604627183174681,9.453372955322266,9.453372955322266,2491321
2014-12-19,9.528997421264648,9.60462487894618,9.483621815213056,9.528997421264648,3443693
2014-12-22,9.544125894375368,9.892009226226264,9.528999241872533,9.831507682800293,5660542
2014-12-23,10.01301179100784,10.406272164671321,10.01301179100784,10.194517135620117,14909289
2014-12-24,10.164265561431632,10.239892302531675,10.043262486152427,10.149140357971191,5073463
2014-12-25,10.14914050288598,10.527275661381088,10.14914050288598,10.285268783569336,7259202
2014-12-26,10.360896249547068,10.43652299172695,10.255017652418672,10.285268783569336,4102525
2014-12-29,10.330644615647767,10.572650757884256,10.31551941270744,10.436522483825684,12315104
2014-12-30,10.436522851699863,10.481898462120277,10.285268645571632,10.360896110534668,4659497
2014-12-31,10.436522698047924,10.572650974900693,10.421396770999303,10.481898307800293,6608900
2015-01-05,10.481898474994056,10.708780146363978,10.360896123259833,10.678529739379883,7467440
2015-01-06,10.572650974900693,10.618027308450891,10.436522698047924,10.481898307800293,6646533
2015-01-07,10.4818986794191,10.557526145949959,10.4818986794191,10.512149810791016,3662969
2015-01-08,10.587775960824583,10.602901887562725,10.436522483825684,10.436522483825684,7267733
2015-01-09,10.587777379804743,10.587777379804743,10.36089713389977,10.376022338867188,4865226
2015-01-12,10.345770695880185,10.360896623900963,10.194517206055417,10.20964241027832,4106038
2015-01-13,10.209642620649255,10.330645704521503,10.209642620649255,10.25501823425293,2147102
2015-01-14,10.224767543856915,10.255017952093715,10.149140799467048,10.194517135620117,3551073
2015-01-15,10.255017514826848,10.497024389391589,10.209641904406435,10.360896110534668,7159851
2015-01-16,10.360896246543252,10.376021450215275,10.179390907287598,10.179390907287598,3651930
2015-01-19,10.25501667555231,10.285267803821329,10.058386875095923,10.073512077331543,2970016
2015-01-20,10.103762205562854,10.179389662268832,10.103762205562854,10.118888854980469,2194269
2015-01-21,10.360896327449113,10.708780357409248,10.300394788490735,10.618027687072754,18101592
2015-01-22,10.633153263500772,10.663403672141154,10.512150181343474,10.542401313781738,6555210
2015-01-23,10.57265083043244,10.618027163362603,10.436522555439774,10.451647758483887,5388077
2015-01-26,10.43652299469103,10.481898605733136,10.315519917649713,10.391146659851074,3436668
2015-01-27,10.436522483825684,10.572650757884256,10.421396557087542,10.436522483825684,4138653
2015-01-28,10.587777137756348,10.769282488407569,10.4818992578091,10.587777137756348,15796932
2015-01-29,10.587776178151483,10.602902105200101,10.406271567748513,10.481898307800293,4891318
2015-01-30,10.436522483825684,10.436522483825684,10.179390414851053,10.436522483825684,9367166
2015-02-02,10.406272522045306,10.406272522045306,10.270143508911133,10.270143508911133,2287599
2015-02-03,10.270143508911133,10.360896908131812,10.270143508911133,10.270143508911133,2230397
2015-02-04,10.33064467164997,10.360895801492429,10.22476680289809,10.23989200592041,2476769
2015-02-05,10.28526943734686,10.300395365782588,10.209642690359807,10.270143508911133,1737652
2015-02-06,10.270143366142834,10.360896764101923,10.209642548432546,10.345770835876465,2263514
2015-02-09,10.345769802188645,10.360895728902811,10.224766731262207,10.224766731262207,2446161
2015-02-10,10.360896552172486,10.376021756290676,10.285269083985794,10.300395011901855,3273590
2015-02-11,10.376022112769643,10.376022112769643,10.270143508911133,10.270143508911133,2056280
2015-02-12,10.300394711043593,10.345770322072811,10.239892448742266,10.285268783569336,1573069
2015-02-13,10.285268783569336,10.345770322072811,10.239892448742266,10.285268783569336,2249464
2015-02-24,10.436523510037668,10.46677391889281,10.31552042702132,10.345770835876465,3275096
2015-02-25,10.360896552172486,10.406272164527055,10.285269083985794,10.300395011901855,2193767
2015-02-26,10.300394201687022,10.345769810472408,10.285268274960746,10.330644607543945,1930334
2015-03-02,10.360895737198684,10.40627134598407,10.255017145306008,10.330644607543945,2843066
2015-03-03,10.330645775058253,10.360896908131812,10.270143508911133,10.270143508911133,1852057
2015-03-04,10.270143156069734,10.512150040950125,10.255017951951544,10.300395011901855,5833655
2015-03-05,10.330645420138234,10.376021756290676,10.300395011901855,10.300395011901855,2867151
2015-03-06,10.330645191792094,10.48189867722646,10.30039478422436,10.406271934509277,4879276
2015-03-09,10.315519404615484,10.360895737198684,10.300394201687022,10.330644607543945,2363368
2015-03-10,10.315520216020046,10.360896552172486,10.285269083985794,10.300395011901855,2736689
2015-03-11,10.285268266725426,10.285268266725426,10.209641528345855,10.224766731262207,3100477
2015-03-12,10.20964159987577,10.30039426560533,10.20964159987577,10.23989200592041,4020736
2015-03-13,10.25501720894273,10.30039426560533,10.22476680289809,10.23989200592041,2559562
2015-03-16,10.587776857740714,10.587776857740714,10.315520286560059,10.315520286560059,6085045
2015-03-17,10.360896623022793,10.49702490861312,10.315520286560059,10.315520286560059,4745301
2015-03-18,10.315519404615484,10.391146143055607,10.270142348234469,10.330644607543945,4291193
2015-03-19,10.406271567748513,10.481898307800293,10.360895957996144,10.481898307800293,9429386
2015-03-20,10.587776833661572,11.207918167114258,10.557526425287131,11.207918167114258,37989008
2015-03-23,11.40454785125362,11.918812025208755,11.359172239255695,11.495301246643066,48844946
2015-03-24,11.782682779292927,11.858310245354197,11.374297212993898,11.389422416687012,24359751
2015-03-25,11.344044968675698,11.63142741129851,11.041536601011252,11.25329303741455,18573262
2015-03-26,11.192792377531386,11.344046582886454,11.11716563675277,11.132290840148926,9432899
2015-03-27,11.13229172376174,11.29867114571914,11.102041314568337,11.117166519165039,8661166
2015-03-30,11.328919713102602,11.616302896505701,11.313794510964893,11.344045639038086,13348764
2015-03-31,11.646555840719957,11.737307797135616,11.495302338761213,11.525552749633789,19070021
2015-04-01,11.404547411151588,11.601177950746075,11.359171800904711,11.44992446899414,7481991
2015-04-02,11.449925051846742,11.646554877652733,11.37429758332316,11.419673919677734,8318453
2015-04-07,11.419674064145141,11.449925196696848,11.223043512053753,11.238168716430664,8207560
2015-04-08,11.389421755753634,11.510425549670192,11.283544612248086,11.298669815063477,9102730
2015-04-09,11.374297370537523,11.449924837646298,11.223043160117834,11.268420219421387,6412203
2015-04-10,11.34404546279273,11.34404546279273,11.102039337158203,11.102039337158203,6824162
2015-04-13,11.102040800939186,11.162541616526958,10.799532380213156,10.950786590576172,10296456
2015-04-14,11.026412892500506,11.192792300100734,10.996161762119632,11.011287689208984,8219101
2015-04-15,11.041538162241496,11.05666408942188,10.890284680820356,10.92053508758545,4508463
2015-04-16,10.92053566980821,11.086915811078041,10.890285261430332,10.996162414550781,8394221
2015-04-17,10.981036927315186,11.041538466309333,10.890284980722894,10.935661315917969,4078440
2015-04-20,10.890284538269043,10.9961616843588,10.860034131899921,10.890284538269043,3644905
2015-04-21,10.981037210361842,11.10204101526698,10.965912006172903,10.996162414550781,6577790
2015-04-22,11.540676784859823,11.540676784859823,11.223043160117834,11.268420219421387,10381758
2015-04-23,11.46504980403792,11.46504980403792,11.162541389465332,11.162541389465332,10235741
2015-04-24,11.192792892456055,11.328921176879716,11.162541760474202,11.192792892456055,6905952
2015-04-27,11.344047176192872,11.344047176192872,11.192792962927037,11.207918167114258,7223576
2015-04-28,11.283545930788087,11.540677303888089,11.268420726205237,11.434800148010254,15477802
2015-04-29,11.480175007627194,11.510426138603592,11.162541389465332,11.162541389465332,9873459
2015-04-30,11.495299152507922,11.495299152507922,11.238166388575182,11.25329303741455,11868523
2015-05-04,11.344046582886454,11.344046582886454,11.11716563675277,11.132290840148926,7082577
2015-05-05,11.117165559845297,11.132290763136819,10.950786152245067,11.011287689208984,5351447
2015-05-06,10.965911355536589,11.117165559845297,10.935660948953547,11.011287689208984,5217975
2015-05-07,10.981036998370058,11.071789669347439,10.935661386679229,10.950786590576172,2971019
2015-05-08,11.117166004836129,11.162541616526958,10.935661386679229,10.950786590576172,3683040
2015-05-11,10.965910880874947,11.041537617856866,10.618026877441196,10.648277282714844,6072501
2015-05-12,10.648278396674472,10.739031069585023,10.406272233976843,10.527276039123535,5839676
2015-05-13,10.663402423993825,10.76928101323576,10.618026816344447,10.739029884338379,3533009
2015-05-14,10.739031355366402,10.739031355366402,10.587777137756348,10.587777137756348,2371396
2015-05-15,10.587776040874992,10.663402779946228,10.542400431710943,10.557525634765625,2342293
2015-05-18,10.784407172033912,10.844908711395522,10.587776626260286,10.633152961730957,3599243
2015-05-19,10.739030553348075,10.76928168413001,10.633152681308056,10.678529739379883,3844612
2015-05-20,10.678529135584093,10.769281075202835,10.602901674804372,10.648277282714844,3717663
2015-05-21,10.587775748369749,10.678529135584093,10.557525343096101,10.648277282714844,1965960
2015-05-22,10.648278094653014,10.708780357409248,10.587776555694637,10.618027687072754,2775326
2015-05-25,10.708780661146756,10.708780661146756,10.512150111106525,10.527276039123535,3219900
2015-05-26,10.527275149063275,10.587775960824583,10.436522483825684,10.436522483825684,3546557
2015-05-27,10.436523065874864,10.466773473442595,10.255017725277053,10.406271934509277,5787993
2015-05-28,10.436523068058012,10.54240094216293,10.421397140473125,10.512149810791016,2943421
2015-05-29,10.52727522865626,10.587776040874992,10.48189817189657,10.557525634765625,2757262
2015-06-01,10.587776856000065,10.663403600893606,10.512150111106525,10.527276039123535,1900228
2015-06-02,10.512149222325133,10.618027090503052,10.436522483825684,10.436522483825684,2727657
2015-06-03,10.436523296561305,10.436523296561305,10.300395011901855,10.300395011901855,3456739
2015-06-04,10.330645257512888,10.345770461392977,10.07351317256209,10.103763580322266,5045364
2015-06-05,10.10376335931263,10.10376335931263,9.786131189587222,9.84663200378418,6195436
2015-06-08,9.846632539582703,9.846632539582703,9.468498087488692,9.5441255569458,4902357
2015-06-09,9.528998915124928,9.528998915124928,8.999610971148735,9.01473617553711,13382885
2015-06-10,9.014735372496228,9.196239980381781,9.014735372496228,9.150863647460938,5119627
2015-06-11,9.16598994366874,9.241616685719187,9.044986143071032,9.075237274169922,4763365
2015-06-12,9.07523815119864,9.165990829467773,9.04498701717629,9.165990829467773,3400540
2015-06-15,9.16598994366874,9.16598994366874,9.060112070519402,9.075237274169922,3664976
2015-06-16,9.090363449481055,9.090363449481055,8.848357270013523,8.863482475280762,5072460
2015-06-17,8.893733609613166,8.939109225414885,8.863482475280762,8.863482475280762,3377458
2015-06-18,8.969360998643706,9.196241246898488,8.908858730551595,9.060112953186035,4927446
2015-06-22,9.135739323685915,9.271867611752244,9.10548819089457,9.241617202758789,3832068
2015-06-23,9.37774681841869,9.37774681841869,9.075238366219486,9.105488777160645,5262633
2015-06-24,9.10548723486208,9.135738364477202,8.999610090703689,9.029860496520996,2920841
2015-06-25,9.075237486133169,9.211366493560854,9.060112282129381,9.120613098144531,2805433
2015-06-26,9.150864229949972,9.165990157751626,9.044986354327728,9.120613098144531,1781808
2015-06-29,9.105487911656311,9.105487911656311,8.939108495901,8.9693603515625,2507879
2015-06-30,8.92398262856479,9.029860496520996,8.92398262856479,9.029860496520996,3639887
2015-07-01,9.029861309419458,9.060112441757887,8.98448569660863,8.999610900878906,2091405
2015-07-02,9.075237857898188,9.120613471768351,9.044986724853516,9.044986724853516,2273048
2015-07-03,9.090362850298439,9.090362850298439,8.98448569660863,8.999610900878906,1459166
2015-07-06,8.969360564418443,8.999610973202094,8.893733094863546,8.908858299255371,3129079
2015-07-07,8.923982988338244,8.984485250007657,8.83323104342981,8.848356246948242,2845575
2015-07-08,8.939107138021674,9.014734594293767,8.71222621680091,8.727352142333984,3943462
2015-07-09,8.621475214633694,8.681976751913359,8.470221009535617,8.515597343444824,4630394
2015-07-10,8.515597343444824,8.515597343444824,8.515597343444824,8.515597343444824,0
2015-07-13,8.560973167419434,8.606349498625798,8.515596836213069,8.560973167419434,2981556
2015-07-14,8.621474773665954,8.712226713044787,8.560973239480798,8.576098442077637,2230898
2015-07-15,8.59122518616557,8.681977865625612,8.53072364112485,8.545848846435547,2051262
2015-07-16,8.576098808802511,8.591224012046123,8.48534686554301,8.500472068786621,2105454
2015-07-17,8.545848122153265,8.545848122153265,8.409720562096211,8.439970970153809,2762280
2015-07-20,8.439970500351313,8.439970500351313,7.97108268737793,7.97108268737793,6859788
2015-07-21,7.97108329276564,8.001334425234718,7.592948841588403,7.683701515197754,7875384
2015-07-22,7.713952193377777,8.061836248038135,7.713952193377777,7.955958366394043,5451301
2015-07-23,7.986208497101238,8.001334425234718,7.6534496589307945,7.683701515197754,3265562
2015-07-24,7.638324532531011,7.638324532531011,7.350942752030893,7.381193161010742,6790543
2015-07-27,7.381192465399426,7.381192465399426,6.761051177978516,6.761051177978516,7488012
2015-07-28,6.730800212305036,6.942555932795786,6.715675010497914,6.89717960357666,4490399
2015-07-29,6.957681825980976,6.972807029291075,6.806427621486492,6.8366780281066895,2075348
2015-07-30,6.927431682410972,7.139187454109376,6.897181271481449,7.003058433532715,2633825
2015-07-31,7.033309459686279,7.124062138669761,6.957682709731993,7.033309459686279,2463221
2015-08-03,7.0333094286725375,7.0333094286725375,6.91230633976008,6.972807884216309,1730125
2015-08-04,6.957681584009667,7.07868393008012,6.897180049075536,6.942556381225586,2797906
2015-08-05,6.957681349351992,7.290440142165851,6.957681349351992,7.199687480926514,3466273
2015-08-06,7.260188458817485,7.290439584850655,7.169435804515704,7.184561729431152,2975033
2015-08-07,7.1543115137200335,7.169436716762301,7.063558847870788,7.124061107635498,1304117
2015-08-10,7.124060021538234,7.245062351226807,7.0635577709973845,7.245062351226807,1617226
2015-08-11,7.290439584850655,7.3811915153547085,7.139185402280262,7.184561729431152,1718585
2015-08-12,7.078684068779937,7.1240611256169135,6.8215527212211,6.866929054260254,3348355
2015-08-13,6.836677924301544,6.927430590379853,6.791302315060212,6.866929054260254,2447666
2015-08-14,6.912305796137254,6.912305796137254,6.8215531246912535,6.851804256439209,1522390
2015-08-17,6.8215531246912535,6.851804256439209,6.791302716741163,6.851804256439209,1936356
2015-08-18,7.124061107635498,7.229938252729191,7.018183238743986,7.124061107635498,5372020
2015-08-19,7.154311640405758,7.1694368437158555,6.821552824796591,6.8366780281066895,3285633
2015-08-20,6.836678328666299,6.912305796137254,6.8215531246912535,6.851804256439209,2008611
2015-08-21,6.791303241975428,6.791303241975428,6.579547474756306,6.594672679901123,3847623
2015-08-24,6.125784533198809,6.186286067730774,5.944279567704013,5.9745306968688965,9703858
2015-08-25,5.793026447500626,6.171161242396759,5.793026447500626,6.080408573150635,4421154
2015-08-26,6.050158136434711,6.231662750244141,5.959405829529996,6.231662750244141,4593263
2015-08-27,6.352665833892897,6.5341711717223365,6.292164295882365,6.443418502807617,5000706
2015-08-28,6.503919957329155,6.761052062036872,6.503919957329155,6.745926856994629,4325816
2015-08-31,6.609798233420841,6.927431142410704,6.534171488194279,6.882054805755615,5790502
2015-09-01,6.836677884776282,6.912305347336917,6.745925943020465,6.806427478790283,2402506
2015-09-02,6.65517327746683,6.806427478790283,6.594671741697013,6.806427478790283,2180721
2015-09-03,6.836678598461795,7.320691658944604,6.836678598461795,7.229938983917236,7492027
2015-09-04,7.305566003554379,7.532446953324337,7.03330871907086,7.078684329986572,6631982
2015-09-07,7.03330754686076,7.229937332784315,7.03330754686076,7.184561729431152,1712563
2015-09-08,7.229937902952684,7.29044015979036,7.048433303833008,7.048433303833008,2236920
2015-09-09,7.260188970522171,7.260188970522171,7.124060703272784,7.139185905456543,2495837
2015-09-10,7.139185905456543,7.184562235805599,7.124060703272784,7.139185905456543,1474721
2015-09-11,7.184561729431152,7.229937332784315,7.139185402280262,7.184561729431152,1988039
2015-09-14,7.1845629268501146,7.229938537765827,7.063559126348001,7.078684329986572,1747186
2015-09-15,7.139185965291738,7.154311167602265,7.018182899211954,7.048433303833008,1477230
2015-09-16,7.0786837084540615,7.169436369912791,7.048433303833008,7.048433303833008,1921302
2015-09-17,7.124060775440787,7.214812713260452,7.108935573103807,7.154311180114746,2640348
2015-09-18,7.169436309824061,7.335815705238745,7.093810298905266,7.139185905456543,4100017
2015-09-21,7.108936184859411,7.139186592136553,7.003057587995869,7.078684329986572,2156134
2015-09-22,7.1089370731843635,7.124062278712964,7.048434803474086,7.0635600090026855,1703531
2015-09-23,6.987932086099735,7.018183215883552,6.776177072804283,6.806427478790283,5184356
2015-09-24,6.806428336229161,6.912306218113748,6.609798501156292,6.6249237060546875,3251010
2015-09-25,6.624923892259498,6.624923892259498,6.382917711891536,6.503920078277588,3616304
2015-09-29,6.503920078277588,6.503920078277588,6.503920078277588,6.503920078277588,0
2015-09-30,6.503919874104045,6.503919874104045,6.2921648348285375,6.35266637802124,2928870
2015-10-01,6.4131673342664595,6.443418464993113,6.337540593146587,6.3829169273376465,4871247
2015-10-02,6.443418045056864,6.443418045056864,6.2770386463983,6.292163848876953,3903320
2015-10-05,6.322414702988709,6.47366890991396,6.322414702988709,6.443418502807617,3041268
2015-10-06,6.579546854819061,6.5946720585387535,6.45854377746582,6.45854377746582,2278065
2015-10-07,6.458544180351481,6.549296855926514,6.458544180351481,6.549296855926514,2035206
2015-10-08,6.473669464406647,6.488794669255346,6.307290039677237,6.35266637802124,3888769
2015-10-12,6.3829169273376465,6.428292537730866,6.352665796610993,6.3829169273376465,1608695
2015-10-13,6.382916998363139,6.428292609261272,6.382916998363139,6.39804220199585,1817936
2015-10-14,6.4131669998168945,6.458543331641558,6.382916594465654,6.4131669998168945,1889189
2015-10-15,6.640047774864291,7.048433303833008,6.594671444134926,7.048433303833008,5975156
2015-10-16,7.3055664147632315,7.48707104003599,7.214813740227908,7.381193161010742,15544538
2015-10-19,7.502196322000201,8.016459020736365,7.487070395015505,7.97108268737793,16301719
2015-10-20,8.092087098844068,8.107212303179667,7.638324454595197,7.683701515197754,13600656
2015-10-21,7.668575366711418,7.668575366711418,7.411442581877009,7.426568508148193,8568338
2015-10-22,7.381191803449399,7.51732079021531,7.320690272819357,7.396317005157471,6833194
2015-10-23,7.47194483936616,7.54757157553091,7.411442581877009,7.426568508148193,3489856
2015-10-26,7.562696820204919,7.6080731516760896,7.471944881060373,7.487070083618164,3215886
2015-10-27,7.487070384986249,7.517321515117292,7.396317718390948,7.502196311950684,3594727
2015-10-28,7.562697335953451,7.562697335953451,7.426569056054278,7.441694259643555,2009615
2015-10-29,7.623198805787246,7.698826270651522,7.517321657813371,7.53244686126709,4933969
2015-10-30,7.426569466400589,7.44169467082559,7.108936554486141,7.214813709259033,6351488
2015-11-02,7.169436762877291,7.335816168805874,7.154311559737736,7.290440559387207,2674469
2015-11-03,7.335816240620661,7.335816240620661,7.245063573299246,7.30556583404541,2428097
2015-11-04,7.305565801399243,7.426568874755184,7.305565801399243,7.350942134857178,3546055
2015-11-05,7.366067886352539,7.441694631879638,7.350942682006695,7.366067886352539,2663932
2015-11-06,7.3660673709937425,7.411442980856618,7.275315427470161,7.30556583404541,1997572
2015-11-09,7.3358172374201684,7.426569917073164,7.245064557767173,7.260190486907959,2794394
2015-11-10,7.214814225604781,7.245064636619727,7.124062268762005,7.169437885284424,1567550
2015-11-11,7.139186303160122,7.169436709212803,6.972806898476919,7.01818323135376,3087431
2015-11-12,6.972807335835299,7.018183671558299,6.836678328666299,6.851804256439209,2201294
2015-11-13,6.851803843961213,6.851803843961213,6.745925974914006,6.761051177978516,1572066
2015-11-16,6.640047695259429,6.700549227573992,6.609797291001035,6.670298099517822,1931840
2015-11-17,6.791303296589899,6.957682725914644,6.791303296589899,6.821553707122803,1419526
2015-11-18,6.821553606003762,6.866929944928407,6.730801651952385,6.745926856994629,1516369
2015-11-19,6.791303296589899,6.866930046720083,6.776178091323448,6.821553707122803,1355298
2015-11-20,7.290440572426865,7.502196311950684,7.275315369260257,7.502196311950684,9622069
2015-11-23,7.396318405602149,7.471945876057587,7.199688574773376,7.229938983917236,6444819
2015-11-24,7.169438087222761,7.3055671120181165,7.078685404025857,7.1089372634887695,2426090
2015-11-25,7.108936985883539,7.260190486907959,6.942557555718334,7.260190486907959,2563075
2015-11-26,7.245064636619727,7.290441700738021,7.169437885284424,7.169437885284424,1483251
2015-11-27,7.184562643602388,7.245063455771459,7.10893590459323,7.124061107635498,1294081
2015-11-30,7.124061547860619,7.124061547860619,6.897180593015417,6.957682132720947,2281578
2015-12-01,6.97280658067763,7.229937915597432,6.9576813783406495,7.154311180114746,1970476
2015-12-02,7.154312689770164,7.245064646739703,7.048434803474086,7.0635600090026855,1406981
2015-12-03,7.063558446942191,7.184562235805599,7.063558446942191,7.139185905456543,1589126
2015-12-04,7.108935543484959,7.229937885474437,7.093810341210998,7.199687480926514,2144593
2015-12-07,7.260190770419665,7.260190770419665,7.1089372634887695,7.1089372634887695,1540956
2015-12-08,7.305565300871227,7.305565300871227,7.139185905456543,7.139185905456543,2437129
2015-12-09,7.139187484241564,7.184563824625303,7.003058463090347,7.0635600090026855,1666902
2015-12-10,7.018182899211954,7.063558506143535,6.9576813661720625,7.048433303833008,1807901
2015-12-11,7.033307867436279,7.10893532406741,6.882053677971777,6.89717960357666,1766253
2015-12-14,6.655173167352778,6.791302163430891,6.6400479646100345,6.730800628662109,1612710
2015-12-15,6.806426945138407,6.89717960357666,6.791301743331284,6.89717960357666,1482248
2015-12-16,6.927430007190903,6.97280633641003,6.866928476164655,6.89717960357666,1299099
2015-12-17,6.912306370240253,7.093811728207217,6.912306370240253,7.033309459686279,2000583
2015-12-18,6.957681094607083,7.184562015600744,6.927429967368975,7.093810081481934,2303154
2015-12-21,7.063558962454249,7.3660673709937425,7.018183352591374,7.30556583404541,4063387
2015-12-22,7.335816792254811,7.335816792254811,7.184563300409032,7.214813709259033,1769766
2015-12-23,7.275315356247652,7.456819241517965,7.214813096093782,7.290440559387207,2981556
2015-12-24,7.305564785968376,7.320689987086097,7.169435804515704,7.184561729431152,1663389
2015-12-25,7.260190309631873,7.320691853323927,7.1543124272213,7.27531623840332,1567048
2015-12-28,7.27531623840332,7.3358170582974624,7.2148139709133545,7.27531623840332,1120467
2015-12-29,7.320689802504015,7.320689802504015,7.2148119497540915,7.245062351226807,1022620
2015-12-30,7.260190486907959,7.305566826734457,7.214814147081461,7.260190486907959,1228349
2015-12-31,7.26019011685899,7.290441249800743,7.199688574773376,7.229938983917236,1311644
2016-01-04,7.260188747999378,7.320690278677837,7.078683432166245,7.093810081481934,1752204
2016-01-05,7.093811837715091,7.169437865038899,6.987933228067954,7.003058433532715,1246914
2016-01-06,7.003057744651695,7.093811139906786,6.912305796992333,6.957682132720947,2265521
2016-01-07,6.957681606692814,7.003057215192988,6.730800669000705,6.79130220413208,3233950
2016-01-08,6.534170860773188,6.79130220413208,6.534170860773188,6.79130220413208,1863096
2016-01-11,6.806428336229161,6.806428336229161,6.6249237060546875,6.6249237060546875,1929833
2016-01-12,6.67029942942313,6.715676492453422,6.534171859321855,6.594672679901123,1552998
2016-01-13,6.594672061199146,6.700549934875408,6.534171246295971,6.564421653747559,1902235
2016-01-14,6.473669393097657,6.488794597779748,6.322415174883047,6.337541103363037,2447666
2016-01-15,6.398042612310536,6.428293021515956,6.277039527893066,6.277039527893066,1953416
2016-01-18,6.171161388682741,6.503919494944843,6.171161388682741,6.428292751312256,1877648
2016-01-19,6.42829261559652,6.624923158206943,6.36779180100605,6.609797954559326,2206813
2016-01-20,6.579546962375295,6.579546962375295,6.413167547345311,6.428292751312256,1853562
2016-01-21,6.3829169273376465,6.503919278850739,6.36779172387324,6.3829169273376465,2017643
2016-01-22,6.443418714631016,6.564421794629981,6.41316758273234,6.488794326782227,1207274
2016-01-25,6.564421653747559,6.624923192448587,6.519044594974472,6.564421653747559,1568052
2016-01-26,6.549296590579577,6.564421794629981,6.473669122731823,6.488794326782227,991510
2016-01-27,6.50391953083263,6.579546998680384,6.473669122731823,6.488794326782227,1004055
2016-01-28,6.488794187522885,6.579546857473352,6.443418576345503,6.564421653747559,2030690
2016-01-29,5.914029121398926,5.914029121398926,5.914029121398926,5.914029121398926,8371139
2016-02-01,5.672023525111678,5.7174002257614935,5.475393688921838,5.535894870758057,13633773
2016-02-02,5.505643091776742,5.793025914798069,5.445141559108744,5.702272891998291,6641515
2016-02-03,5.641771965692048,5.6568971675947655,5.53589374287862,5.551019668579102,4069408
2016-02-15,5.520768570743094,5.551020062391341,5.445141832066474,5.505643367767334,2817475
2016-02-16,5.551020109000238,5.687148022621802,5.535894182099656,5.672022819519043,3706122
2016-02-17,5.838402796364758,5.838402796364758,5.672023374559741,5.717400074005127,2803426
2016-02-18,5.747649920729572,5.7779003269350895,5.672022819519043,5.672022819519043,2674971
2016-02-19,5.672023042303383,5.747650146484375,5.672023042303383,5.747650146484375,1923811
2016-02-22,5.74765047495617,5.762775679517401,5.672023366453173,5.687148571014404,1817936
2016-02-23,5.732525270394938,5.732525270394938,5.656898161891942,5.687148571014404,2503865
2016-02-24,5.6871473236828844,5.71739881186729,5.6115202317667725,5.626646518707275,2405015
2016-02-25,5.641771719951178,5.672022122438983,5.581269829278968,5.626646518707275,2995104
2016-02-26,5.611521470531505,5.732525278587976,5.596396265948656,5.717400074005127,3032236
2016-03-01,5.6417723419494035,5.70227315359515,5.6417723419494035,5.65689754486084,2389460
2016-03-02,5.672023259301108,5.823277473449707,5.672023259301108,5.823277473449707,5857238
2016-03-03,5.929154737100092,6.39804220199585,5.929154737100092,6.39804220199585,20974765
2016-03-04,6.398042737387119,6.7610519977360655,6.246788517009437,6.6249237060546875,13386899
2016-03-07,6.624923370270387,6.730801246788553,6.519044769954349,6.6551737785339355,6345467
2016-03-08,6.776177958946305,6.776177958946305,6.640048942813835,6.685425281524658,4168760
2016-03-09,6.685424910595357,6.700550114727132,6.564421829945417,6.6551737785339355,3231943
2016-03-10,6.655173846278051,6.912305938124968,6.609798233420841,6.882054805755615,5617389
2016-03-11,6.912305232968453,6.912305232968453,6.730800628662109,6.730800628662109,3284629
2016-03-14,6.730800691943889,6.730800691943889,6.579546491700968,6.640048027038574,3494372
2016-03-15,6.579547345943353,6.700550432328758,6.216538086787136,6.35266637802124,3991633
2016-03-16,6.398042102460977,6.6097978452160255,6.398042102460977,6.534171104431152,2121511
2016-03-17,6.534171206083796,6.685424690006604,6.39804220199585,6.39804220199585,2596694
2016-03-18,6.458543883044009,6.655173706007882,6.428292751312256,6.428292751312256,3655442
2016-03-21,6.428292537730866,6.443418464993113,6.352665796610993,6.3829169273376465,1742168
2016-03-22,6.292163848876953,6.382916511344458,6.2770386463983,6.292163848876953,2394478
2016-03-23,6.277039527893066,6.352666274704511,6.246788394889752,6.277039527893066,1677439
2016-03-24,6.277039084645959,6.292164288180617,6.201412343174824,6.231662750244141,2032195
2016-03-25,6.2316631938547005,6.277039531486703,6.125785313979326,6.171161651611328,2326738
2016-03-28,6.171161103383659,6.246787843519944,6.125784769782754,6.156035900115967,2206311
2016-03-29,6.156035828549618,6.231662567806714,6.125784698568087,6.140910625457764,2021156
2016-03-30,6.156035867566752,6.231662607303171,6.156035867566752,6.201412200927734,1537443
2016-03-31,6.231663291635835,6.367792306667846,6.231663291635835,6.35266637802124,3026214
2016-04-01,6.367791413202162,6.4434181506323664,6.261912822723389,6.261912822723389,2556050
2016-04-06,6.2165379892433315,6.2467883984660695,6.156036446999959,6.171161651611328,1683460
2016-04-07,6.171161385903298,6.201412517621427,6.110659122467041,6.110659122467041,1754712
2016-04-08,6.065283162402847,6.156035828549618,6.065283162402847,6.140910625457764,2013127
2016-04-11,6.125784873962402,6.125784873962402,6.050158132539951,6.125784873962402,1592639
2016-04-12,6.080408644024133,6.156036110543369,6.080408644024133,6.095533847808838,2384944
2016-04-13,6.095533847808838,6.1409109067586645,6.080408644024133,6.095533847808838,1485258
2016-04-14,6.140910625457764,6.186286234733328,6.095533568586555,6.140910625457764,1320676
2016-04-15,6.1409109067586645,6.1409109067586645,6.080408644024133,6.095533847808838,1149068
2016-04-18,6.06528336954223,6.110658980367445,6.050158165933825,6.080408573150635,1496799
2016-04-19,6.09553377675904,6.1257849077736966,6.050158165933825,6.080408573150635,1298597
2016-04-20,6.095534221880275,6.095534221880275,6.019907474517822,6.019907474517822,1863096
2016-04-21,6.050157474218004,6.080407877976279,6.035032272338867,6.035032272338867,1098890
2016-04-22,6.050158595413808,6.4131678505713925,6.050158595413808,6.337541103363037,8331499
2016-04-25,6.337540477212855,6.337540477212855,6.186286273942189,6.201412200927734,2178714
2016-04-26,6.201412233716871,6.201412233716871,6.125784769782754,6.156035900115967,2002088
2016-04-27,6.156036181943166,6.171161385903298,6.080408714546777,6.110659122467041,1540454
2016-04-28,6.110658836846871,6.156035894202012,6.035032820581067,6.0501580238342285,1913274
2016-04-29,5.445141792297363,5.566145224714232,5.445141792297363,5.445141792297363,15680520
2016-05-03,5.021631318464138,5.14263476617932,4.946004208879518,5.067008018493652,12391876
2016-05-04,5.036756445388489,5.127508758347903,5.006506036300964,5.021631240844727,3602254
2016-05-05,5.021630607947014,5.067007301556119,4.9611287117004395,4.9611287117004395,2990087
2016-05-06,4.991380578834733,5.0972580909729,4.930878678028588,5.0972580909729,3019190
2016-05-09,5.097257455087113,5.1275078588680385,5.02163035993815,5.036755561828613,1745179
2016-05-10,5.021630946867772,5.021630946867772,4.91575343556289,4.930878639221191,3123559
2016-05-11,4.961129596050175,4.991381092414315,4.93087918538293,4.946004390716553,1932341
2016-05-12,4.915753469734162,4.946003877261046,4.885502338409424,4.885502338409424,1968971
2016-05-13,4.885502416391167,4.885502416391167,4.598120283208266,4.613245487213135,5226505
2016-05-16,4.613245262281535,4.6586215958815576,4.522492956980406,4.537618160247803,3758808
2016-05-17,4.537618056758677,4.582994751222712,4.461990956449767,4.567869186401367,3945469
2016-05-18,4.235110928604325,4.386364799865447,4.1141081934944115,4.356114387512207,21823270
2016-05-19,4.098982042869215,4.265361458560008,4.083856838842197,4.114107608795166,3884253
2016-05-20,4.0838565081662805,4.23510998378497,4.0838565081662805,4.144357681274414,1561027
2016-05-23,4.0838569086972205,4.189734424394194,4.0838569086972205,4.129232883453369,1749193
2016-05-24,4.068730945679357,4.189734388421008,3.96285343089145,4.174609184265137,1670916
2016-05-25,4.098981758068297,4.34098826277615,4.098981758068297,4.310737133026123,1544970
2016-05-26,4.340987854352533,4.734248161315918,4.340987854352533,4.734248161315918,3631357
2016-05-27,4.734249416690575,5.036756785056803,4.68887307620131,4.9913811683654785,3764830
2016-05-30,4.855251647794523,4.961129161554013,4.764499338043988,4.825001239776611,1550489
2016-05-31,4.885503117875628,4.885503117875628,4.356114387512207,4.356114387512207,7225583
2016-06-01,3.932602988589849,4.189734352208737,3.932602988589849,4.008229732513428,7376116
2016-06-02,4.00822958419277,4.159483790240779,3.9779784534640323,4.053605556488037,4788956
2016-06-03,4.03848017596155,4.174608810676837,4.03848017596155,4.144357681274414,4065896
2016-06-06,4.00822928567928,4.083856383070945,3.932602550186508,3.962852954864502,3960523
2016-06-07,3.9628534779804823,4.008229814785158,3.781348854559663,3.841850757598877,5546137
2016-06-08,3.811599324686889,3.8418508195426653,3.7510985063690176,3.8267245292663574,7439340
2016-06-13,3.7510975853477326,3.977977769726676,3.645219369793405,3.9326021671295166,5851217
2016-06-14,3.90235139510608,3.90235139510608,3.539342164993286,3.539342164993286,11239796
2016-06-15,3.569592736624899,3.569592736624899,3.1914583237998304,3.4183385372161865,8100180
2016-06-16,3.554467586654811,3.645219890509583,3.418338588024289,3.50909161567688,4833112
2016-06-17,3.539342317118336,3.6149694242585046,3.3275865618854397,3.3880884647369385,21132825
2016-06-20,3.388088446549493,3.4637155532836914,3.388088446549493,3.4637155532836914,4786949
2016-06-21,3.433464967984147,3.614969599647984,3.433464967984147,3.5847184658050537,3471792
2016-06-22,3.690596192219507,3.932602695687408,3.5998438891311344,3.9174771308898926,6533633
2016-06-23,3.841850679218451,4.204859556755138,3.841850679218451,4.114107608795166,6350485
2016-06-24,4.189734040155011,4.189734040155011,3.841850392599035,3.9174771308898926,4923934
2016-06-27,3.9326025050951006,4.174608634935346,3.8115987163772,4.159483432769775,2381933
2016-06-28,4.174609220108458,4.3409886386451975,4.008229801571718,4.129232883453369,34120
2016-06-29,4.219984603330947,4.219984603330947,4.068730410281905,4.159483432769775,2315699
2016-06-30,4.265360904809172,4.310736872898218,4.1443574788076445,4.280486106872559,3468280
2016-07-01,4.295611308935945,4.310736872898218,4.1897338087955776,4.280486106872559,2777835
2016-07-04,4.295611716045218,4.325863208735685,4.219984974763115,4.265361309051514,1791844
2016-07-05,4.2804871354056795,4.325863838195801,4.250236724010212,4.325863838195801,2271542
2016-07-06,4.2653611621989,4.325863059800044,4.250235959222795,4.310737133026123,2147102
2016-07-07,4.734248408599816,4.734248408599816,4.55274308529173,4.658621311187744,5828637
2016-07-08,4.658621311187744,4.658621311187744,4.658621311187744,4.658621311187744,0
2016-07-11,4.688871937460257,5.112382656977576,4.6737463736709115,5.036755561828613,10499676
2016-07-12,5.248511645385038,5.248511645385038,4.779624234499682,5.036755561828613,9043520
2016-07-13,5.051880763719076,5.112382656977576,4.961128466679651,5.036755561828613,5380551
2016-07-14,5.051880763719076,5.051880763719076,4.930878062898725,5.036755561828613,2629309
2016-07-15,5.051881393944096,5.172885195556386,5.051881393944096,5.0972580909729,4627886
2016-07-18,5.067007478766507,5.354389596019231,5.067007478766507,5.339264392852783,5804050
2016-07-19,5.3543897837814995,5.808152046968524,5.339264580084657,5.747650146484375,10267353
2016-07-20,5.85352748635182,6.0501580238342285,5.73252477462979,6.0501580238342285,7571809
2016-07-21,6.17116107075447,6.64004815995636,5.929154562660752,6.201412200927734,13842512
2016-07-22,6.186286446005164,6.201412373411416,5.959405858586623,6.080408573150635,6005262
2016-07-25,6.18628684455764,6.201412772938382,5.672023374559741,5.717400074005127,7389162
2016-07-26,5.596395830917906,5.86865274933606,5.430016422046242,5.853527545928955,4694120
2016-07-27,5.868652689604981,6.09553363359371,5.868652689604981,6.0501580238342285,4332339
2016-07-28,6.125785355103995,6.186286897753536,5.974531498480141,6.019907474517822,3830562
2016-07-29,6.095534180958691,6.171161651611328,6.01990743410395,6.171161651611328,5431230
2016-08-01,6.201411584092357,6.473668109582078,6.201411584092357,6.322413921356201,6111639
2016-08-02,6.337540593146587,6.398042130802053,6.246787924764467,6.3829169273376465,3237964
2016-08-03,6.33754121088479,6.3980427544375145,6.201412918840639,6.307290077209473,3359896
2016-08-04,6.337541173172541,6.458544259557947,6.307290039677237,6.35266637802124,3176246
2016-08-05,6.367792306667846,6.428293126062642,6.2921648348285375,6.35266637802124,2748732
2016-08-08,6.3526660769090855,6.685424910595357,6.3526660769090855,6.6551737785339355,11154494
2016-08-09,6.715676278615474,6.745926687941886,6.428293047227171,6.549296855926514,8010864
2016-08-10,6.549296519146915,6.609798058486511,6.443418644353155,6.473669052124023,2932884
2016-08-11,6.594672447314934,6.594672447314934,5.838402807373834,6.171161651611328,8448413
2016-08-12,6.201412339182696,6.201412339182696,5.898903925897208,6.125784873962402,3587201
2016-08-15,6.065283768263548,6.277039527893066,6.065283768263548,6.277039527893066,1947395
2016-08-16,6.352666308045128,6.382917441207209,6.231663222992601,6.337541103363037,3551073
2016-08-17,6.4282925754566005,6.5341711717223365,6.231662757871834,6.443418502807617,4507961
2016-08-18,6.3677914200494214,6.761051034147597,6.3677914200494214,6.730800628662109,8251717
2016-08-19,6.806428336229161,6.866929879620653,6.549296957764801,6.6249237060546875,5197402
2016-08-22,6.53417162512861,6.609798371940054,6.261913599492462,6.277039527893066,3000122
2016-08-23,6.352665048520478,6.428291780734539,6.277038316306418,6.322413921356201,1144050
2016-08-24,6.171161748443132,6.398042716365245,6.171161748443132,6.35266637802124,1134517
2016-08-25,6.352665048520478,6.398041377368017,6.322413921356201,6.322413921356201,1693997
2016-08-26,6.382916855974746,6.428292465860653,6.352665725586309,6.367791652679443,1323686
2016-08-29,6.367791833918681,6.579546857473352,6.231662828992979,6.564421653747559,4143671
2016-08-30,6.50391953083263,6.579546998680384,6.473669122731823,6.488794326782227,4730248
2016-08-31,6.367790974001495,6.428291780734539,6.261912390825402,6.322413921356201,1683962
2016-09-01,6.277039629979838,6.3829175115165455,6.246788496484534,6.35266637802124,1310138
2016-09-02,6.322414767234536,6.367791825950843,6.216537617488608,6.246788024902344,1616724
2016-09-05,6.261913013678608,6.277038940664154,6.140910664379033,6.201412200927734,3261548
2016-09-06,6.156035894202012,6.186286300708334,5.98965612512484,6.0501580238342285,3036752
2016-09-07,6.035033403028633,6.125785355103995,5.535894771422541,6.019907474517822,4332841
2016-09-08,6.125784450218389,6.367791308865805,6.125784450218389,6.292163848876953,2839554
2016-09-09,6.261913013678608,6.307289347039591,6.17116107075447,6.201412200927734,1301106
2016-09-12,6.140910835179949,6.201412373411416,6.06528336954223,6.080408573150635,1199747
2016-09-13,6.050158831992428,6.125785582158008,5.944280585582898,5.989656925201416,2137568
2016-09-14,5.823276961453389,6.035032697883786,5.777900266919708,5.944279670715332,2813461
2016-09-19,5.823277079845499,6.125784763897861,5.793026311440262,6.0501580238342285,2260002
2016-09-20,6.110658980367445,6.171161242396759,6.06528336954223,6.080408573150635,1067278
2016-09-21,6.03503289162998,6.125784836015173,6.019906964400915,6.065283298492432,1452643
2016-09-22,6.125785283749226,6.140911212083846,5.989656633423945,6.004782199859619,1621240
2016-09-23,6.004781690276916,6.080408430340549,6.004781690276916,6.0501580238342285,1680951
2016-09-26,5.989656130878958,6.201412233716871,5.989656130878958,6.156035900115967,2663430
2016-09-27,6.156035900115967,6.156035900115967,6.156035900115967,6.156035900115967,0
2016-09-28,6.156035900115967,6.156035900115967,6.156035900115967,6.156035900115967,0
2016-09-29,6.277039629979838,6.35266637802124,6.216538086787136,6.35266637802124,2955464
2016-09-30,6.216536785775618,6.458542907898816,6.216536785775618,6.322413921356201,2121009
2016-10-03,6.3224149108341825,6.50391953083263,6.3224149108341825,6.488794326782227,4039302
2016-10-04,6.503919360685765,6.745926238150501,6.503919360685765,6.7156758308410645,6513060
2016-10-05,6.761052187766994,6.821553732858985,6.503920078277588,6.503920078277588,4615843
2016-10-06,6.519044665254622,6.579546928405762,6.503919461365768,6.579546928405762,2049757
2016-10-07,6.655174224278312,6.655174224278312,6.579547474756306,6.594672679901123,2431107
2016-10-11,7.245063861291835,7.245063861291835,6.579546928405762,6.579546928405762,8724390
2016-10-12,6.503919357632457,6.655173565502179,6.201412389488711,6.609797954559326,2258998
2016-10-13,6.791303241975428,6.791303241975428,6.579547474756306,6.594672679901123,1686973
2016-10-14,6.594671985935024,6.624923116839212,6.413167371903429,6.443418502807617,2177710
2016-10-17,6.428292716669861,6.488794256009458,6.3375407695593955,6.473669052124023,1397949
2016-10-18,6.322414775145595,6.640048396174381,6.322414775145595,6.564421653747559,1033158
2016-10-19,6.503919461365768,6.6400484677590415,6.503919461365768,6.579546928405762,1446120
2016-10-20,6.5946720302097726,6.730801034495783,6.549296419245618,6.7156758308410645,2971019
2016-10-21,6.8215531246912535,6.9576821318602535,6.776177512766118,6.851804256439209,4388036
2016-10-24,6.821552798048017,7.003057408450985,6.821552798048017,6.987932205200195,3605767
2016-10-25,7.063558518497295,7.229937915597432,7.063558518497295,7.154311180114746,5183854
2016-10-26,7.154311795775124,7.1845629268501146,7.003057587995869,7.078684329986572,4036291
2016-10-27,7.003058463090347,7.1089370731843635,6.9576828465045475,7.0635600090026855,2141080
2016-10-28,7.063559356676952,7.063559356676952,6.503919565822575,6.6551737785339355,7023367
2016-10-31,6.53417121252339,6.640048361854561,6.42829261559652,6.609797954559326,1846538
2016-11-01,6.503919250040664,6.6097978452160255,6.503919250040664,6.534171104431152,1279530
2016-11-02,6.458542907898816,6.5039185129486,6.30728871967294,6.322413921356201,2875180
2016-11-03,6.171160770144277,6.322414242249242,6.140910365242401,6.186285972595215,3605265
2016-11-04,6.140910875156416,6.261913228609211,6.065283409026372,6.246788024902344,1919797
2016-11-07,6.171160781452142,6.352665382589359,6.171160781452142,6.292163848876953,1446622
2016-11-08,6.292163517989679,6.398041377368017,6.231661987458879,6.322413921356201,1510849
2016-11-09,6.292164778339709,6.30728998305262,5.868653255995019,6.019907474517822,3661464
2016-11-10,6.156036181943166,6.277039261219953,6.065283510586644,6.110659122467041,2487306
2016-11-11,5.989656633423945,6.110659355414607,5.989656633423945,6.004782199859619,2498847
2016-11-14,6.035032756219137,6.171161031641473,6.035032756219137,6.140910625457764,1293078
2016-11-15,6.0955336772995485,6.277039012830215,6.019906936693661,6.2165374755859375,1286555
2016-11-16,6.2014127846319616,6.352666278341444,6.095534180958691,6.171161651611328,866568
2016-11-17,6.201412272224328,6.2467878823091585,6.171161141703271,6.2165374755859375,644281
2016-11-18,6.201412781081622,6.292164732495777,6.140911238872887,6.277039527893066,1023624
2016-11-21,6.186286273942189,6.24678781049089,6.17116107075447,6.201412200927734,920258
2016-11-22,6.2165371012948825,6.277038634896427,6.186285972595215,6.186285972595215,1477230
2016-11-23,6.26191326083416,6.26191326083416,6.080408644024133,6.095533847808838,1307629
2016-11-24,6.004781144782828,6.095533079855417,6.004781144782828,6.035032272338867,1966462
2016-11-25,5.974530379125671,6.050157474218004,5.974530379125671,6.035032272338867,900689
2016-11-28,5.989656633423945,6.050158537267695,5.974531428887218,6.004782199859619,1043193
2016-11-29,5.974530858154985,6.156035828549618,5.974530858154985,6.140910625457764,1225338
2016-11-30,6.140910977983034,6.171161385903298,6.03503310266638,6.110659122467041,1147061
2016-12-01,6.110658980367445,6.1257849077736966,6.0350329623254195,6.080408573150635,833952
2016-12-02,6.065283741804423,6.080408946341151,5.989656633423945,6.004782199859619,1341750
2016-12-05,6.050157474218004,6.065282676097142,5.989655581004808,6.035032272338867,867571
2016-12-06,6.0350329623254195,6.09553377675904,6.019907034919167,6.080408573150635,2812959
2016-12-07,6.0804084040325055,6.201412200927734,6.0199068674838045,6.201412200927734,1416013
2016-12-08,6.050158095061206,6.1106589087861085,6.03503289162998,6.065283298492432,1678944
2016-12-09,6.06528323291416,6.18628630665135,6.050158029646468,6.156035900115967,1252936
2016-12-12,6.156035567693339,6.261912708647698,6.156035567693339,6.186285972595215,2538989
2016-12-13,6.156035900115967,6.261913046787635,6.125784769782754,6.156035900115967,2795397
2016-12-14,6.156035867566752,6.216537404115453,6.156035867566752,6.201412200927734,3493870
2016-12-15,6.171161785165322,6.33754121088479,6.171161785165322,6.307290077209473,3931921
2016-12-16,6.337540290766128,6.806427366173635,6.337540290766128,6.730800628662109,8388702
2016-12-19,6.8215527140343735,6.851803843961213,6.685424438858148,6.761051177978516,4860710
2016-12-20,6.76105061591928,6.987931538217152,6.715675010497914,6.89717960357666,4813041
2016-12-21,6.9576813661720625,7.093810358360158,6.897179833132171,7.048433303833008,6846240
2016-12-22,7.048434773724935,7.139187454109376,6.685425499783046,7.003058433532715,4733760
2016-12-23,6.942557520648192,7.003058341713998,6.806428501856351,6.821553707122803,3063346
2016-12-26,7.018183363019204,7.018183363019204,6.806427621486492,6.8366780281066895,2058789
2016-12-27,6.882054665240636,6.972807336697863,6.806427921558191,6.957682132720947,2238425
2016-12-28,6.987931770793116,7.093810358360158,6.9576813661720625,7.048433303833008,3215384
2016-12-29,7.0030573045296,7.0938106940811005,6.98793210150326,7.01818323135376,1645827
2016-12-30,7.003058433532715,7.063559979189696,7.003058433532715,7.003058433532715,2143589
2017-01-03,6.957682132720946,6.957682132720947,6.897180593015417,6.957682132720947,1285551
2017-01-04,6.957682238780213,6.97280744298769,6.897180698152429,6.927431106567383,1358811
2017-01-05,6.957680817474427,7.184561729431152,6.942555616356707,7.184561729431152,9319497
2017-01-06,7.33581741237016,7.698827415841543,7.290441795259441,7.623199939727783,14618760
2017-01-09,7.623199284052893,7.8500809690820255,7.592948875247598,7.744203090667725,9074630
2017-01-10,7.804703714450908,8.258466349442234,7.804703714450908,8.228215217590332,14513889
2017-01-11,8.56097419275223,8.56097419275223,8.258466488141975,8.470221519470215,13464172
2017-01-12,8.470222527835167,8.621476760045782,8.394595049830876,8.591225624084473,10931204
2017-01-13,8.621475577443885,9.438246726989746,8.591224445632102,9.438246726989746,28392028
2017-01-16,9.740754527836263,10.1188896704462,8.500471954921581,9.150863647460938,26140556
2017-01-17,8.969359723945251,9.604625486853248,8.969359723945251,9.559249877929688,10802749
2017-01-18,9.755879626036704,10.058387302595092,9.619751352534882,9.907133102416992,9740990
2017-01-19,10.058389142933986,10.058389142933986,9.347495068205369,9.453372955322266,9240718
2017-01-20,9.453371491911435,9.498747825622559,9.029860732802554,9.498747825622559,11582510
2017-01-23,9.680253882667818,9.982762336730957,9.544126308795905,9.982762336730957,9741491
2017-01-24,10.239892816172754,10.663403600893606,10.10376380680693,10.527276039123535,12192169
2017-02-02,10.739030553915377,11.177667245590664,10.648277885362614,11.147416114807129,17781459
2017-02-03,11.28354403510356,11.344045567068328,10.497023395763808,10.814656257629395,17618883
2017-02-06,10.814657294606153,11.041538242178236,10.572651143542025,10.678529739379883,10999445
2017-02-07,10.769282954194564,11.344047992655128,10.739031819844989,11.283546447753906,13922294
2017-02-08,11.57092676402536,12.191068786633851,11.495300747313838,12.11544132232666,30072980
2017-02-09,12.251570278731283,12.31207254304795,12.039815248814442,12.160819053649902,18041379
2017-02-10,12.251570544085524,12.932214156310152,12.175943797748516,12.856587409973145,22647689
2017-02-13,13.159092483648799,14.14224293839538,13.08346574829838,14.096866607666016,29457300
2017-02-14,14.384250568291435,14.444751377744437,12.735582520561296,12.977588653564453,40238473
2017-02-15,13.91536383019717,13.91536383019717,13.159093521835876,13.6128568649292,22621596
2017-02-16,13.355722855148198,13.658231257057563,12.478450950523609,12.932212829589844,14695031
2017-02-17,13.098592968687528,13.295222789546857,12.599454728939895,13.038090705871582,6674131
2017-02-20,13.310348352133639,13.612856762726109,13.098592609478477,13.325472831726074,6706244
2017-02-21,13.446477114541466,13.47672897163566,12.796085348549152,13.007841110229492,6721298
2017-02-22,13.022963464219387,13.189342860680505,12.947336729027164,13.113716125488281,5567713
2017-02-23,13.143969950173833,13.582605948672727,13.143969950173833,13.446476936340332,8323972
2017-02-24,13.46160293111866,13.612857872544124,13.401100665029318,13.567480087280273,10856439
2017-03-01,13.900236482654792,14.91363731843166,13.900236482654792,14.898512840270996,28875239
2017-03-02,15.125397469990455,15.201024218487097,14.535506515563336,14.80776309967041,16474331
2017-03-03,14.8228874093089,14.8228874093089,14.23299651931537,14.61113166809082,12028088
2017-03-06,14.747263416638363,15.125398635864258,14.747263416638363,15.125398635864258,13142032
2017-03-07,13.6128568649292,13.6128568649292,13.6128568649292,13.6128568649292,23440998
2017-03-08,13.461602858467277,14.44475345824572,13.461602858467277,13.658232688903809,44558268
2017-03-09,13.688483199761347,13.915364888564046,12.947338762332183,13.310349464416504,17797014
2017-03-10,13.159093564763705,13.159093564763705,12.085191084127304,12.886837005615234,18822645
2017-03-13,12.705332573776065,13.401100672409846,12.675082164512629,13.355724334716797,8549772
2017-03-14,13.385975885378421,14.066618040013235,13.385975885378421,13.76410961151123,12936805
2017-03-15,14.111992979737924,14.187621165073894,13.779234175603866,14.142243385314941,12361769
2017-03-16,14.263248863997717,14.747262672948407,14.187623561081367,14.520380973815918,15717150
2017-03-17,14.520378521612335,14.626257112525325,14.036366241997568,14.142243385314941,7728865
2017-03-20,14.50525417894893,14.61113278142349,14.066618183599985,14.59600830078125,12560473
2017-03-21,14.459878046062324,14.626257451990906,14.308623119475472,14.580881118774414,12326143
2017-03-22,14.30862167781363,14.79263536749096,14.096865960003955,14.671630859375,8106201
2017-03-23,14.596006131960424,15.201021457645208,14.50525202361326,15.049766540527344,19319404
2017-03-24,15.125394722884055,15.579156579046531,15.049766540527342,15.049766540527344,16529526
2017-03-27,15.276648746130874,16.486680888955387,15.201022008628518,16.411052703857422,52468275
2017-03-28,16.6379337310791,16.864813934955997,16.032916958882932,16.6379337310791,25315635
2017-03-29,17.242950748543066,18.150474548339844,17.091697264442168,18.150474548339844,40049303
2017-03-30,18.301725761152163,19.814266204833984,18.150472295822187,19.814266204833984,39584658
2017-03-31,20.116775183364634,20.343656852051478,18.22610088388883,19.209251403808594,33157902
2017-04-05,19.209250221294273,19.209250221294273,17.318576038207674,19.05799674987793,24671856
2017-04-06,19.058000376947437,19.66301727294922,18.528611678642765,19.66301727294922,22086702
2017-04-07,19.663017316875123,21.553691864013672,19.360508868198448,21.553691864013672,26089876
2017-04-10,20.873047741073314,23.066230686945822,20.873047741073314,21.175556182861328,31919016
2017-04-11,21.17555449296304,21.478061463013905,20.419284172644463,20.64616584777832,14248951
2017-04-12,20.646167919457305,20.94867491986234,19.66301727294922,19.66301727294922,13211277
2017-04-13,19.66301273950401,20.343654781084414,19.511757826578513,19.814266204833984,14070319
2017-04-14,19.663016268204792,19.663016268204792,18.75549241817079,18.90674591064453,13449119
2017-04-17,18.906747255634752,20.04115142507873,18.226103595891658,19.965524673461914,12761685
2017-04-18,20.570536566057942,21.099925183149715,20.570536566057942,20.873044967651367,11849455
2017-04-19,20.570538310381405,21.17555516487198,19.965522903486587,20.41928482055664,12005508
2017-04-20,20.116777796942106,20.646167943458032,19.88989754637458,20.04115104675293,8866895
2017-04-21,20.419286245294657,20.419286245294657,19.88989754637458,20.04115104675293,5201416
2017-04-24,19.66301727294922,19.96552427335426,19.36050882494833,19.66301727294922,5386572
2017-04-25,20.19239986815892,20.19239986815892,19.36050436124854,19.814266204833984,9218640
2017-04-26,20.192403138223735,20.721793247801926,20.04114964839897,20.41928482055664,9307956
2017-04-27,20.419285569345945,20.57053906471728,19.663016644893453,20.26803207397461,7422782
2017-04-28,19.057999417482478,21.024300611506245,19.057999417482478,20.343658447265625,19541189
2017-05-02,20.34365681402673,20.721791962734244,20.192401885986328,20.192401885986328,5406643
2017-05-03,20.343656852051478,20.343656852051478,18.75549096162624,19.209251403808594,12684913
2017-05-04,19.360505693162512,19.889894305832453,19.209250769831375,19.436132431030273,4398072
2017-05-05,19.587385906765792,19.73864083009693,19.360505693162512,19.436132431030273,4899347
2017-05-08,19.209252470493393,19.436134151778916,17.545459747314453,17.545459747314453,22756574
2017-05-09,17.39420725684243,18.67986488342285,17.39420725684243,18.67986488342285,14274040
2017-05-10,18.755493376542397,19.66301727294922,18.679865178845287,19.66301727294922,8457445
2017-05-11,19.66301474118228,19.66301474118228,18.75549096162624,19.209251403808594,4594768
2017-05-12,19.209249384729347,19.209249384729347,18.52860734540226,18.83111572265625,6697714
2017-05-15,19.057997652976077,19.587386275614907,18.906744174392312,19.360506057739258,6123180
2017-05-16,19.360507835661533,19.360507835661533,18.22610229932114,18.90674591064453,5978167
2017-05-17,19.511757826578513,19.814266204833984,19.057995982993074,19.814266204833984,9620061
2017-05-18,21.629317477048772,21.629317477048772,20.268031700971754,20.343658447265625,17409642
2017-05-19,20.343658972173895,21.175556098062692,20.343658972173895,21.09992790222168,16123087
2017-05-22,21.17555543767004,21.478062421216677,21.09992724418761,21.32680892944336,11067185
2017-05-23,21.251182931409378,21.251182931409378,20.646167495429168,21.175556182861328,8135806
2017-05-24,21.099927986717457,21.326809679957424,21.099927986717457,21.175556182861328,8319456
2017-05-25,21.175556182861328,21.326809679957424,21.099927986717457,21.175556182861328,7896459
2017-05-26,21.17555455464375,21.17555455464375,21.02429962158203,21.02429962158203,4989165
2017-05-31,21.402433930339267,21.780569076538086,21.402433930339267,21.780569076538086,15821519
2017-06-01,22.53684058292396,23.898126314010472,21.93182518497298,22.990602493286133,67614905
2017-06-02,23.444364645571802,25.259410858154297,23.444364645571802,25.259410858154297,85382816
2017-06-05,25.41066551208496,25.63754720380498,24.95690502383655,25.41066551208496,40257038
2017-06-06,25.637546638695884,27.679476028784094,25.637546638695884,27.150087356567383,51520921
2017-06-07,27.22571245622107,27.90635454382879,26.469442183238613,26.998830795288086,46139366
2017-06-08,26.696320948980365,27.452591221962823,26.62069565879686,26.998830795288086,21849362
2017-06-09,26.771952163855957,26.847580357788747,24.805650968710637,25.71317481994629,52000619
2017-06-12,24.95690502383655,25.788800699887783,24.503141640396514,25.41066551208496,21428873
2017-06-13,25.561920206992326,25.713173693037486,24.80564988157509,24.881275177001953,16389028
2017-06-14,25.940053573393563,26.015678863583496,24.049377890776746,24.351884841918945,37300570
2017-06-15,24.351885575464177,24.503139055591443,23.746870207359454,24.200632095336914,21368660
2017-06-16,24.351885279769117,25.637544188026624,24.27625854062379,25.335037231445312,30068965
2017-06-19,25.486291975518565,26.16693410922641,25.032531518110478,25.561920166015625,23890589
2017-06-20,25.713174981255403,25.940056669285525,24.956904617949377,25.108158111572266,34372704
2017-06-21,24.956902088123027,25.335037231445312,24.7300204230914,25.335037231445312,15622314
2017-06-22,25.33503742946153,25.410662721602293,24.730020616378862,24.805648803710938,14014621
2017-06-23,24.881274650557547,25.259409805265484,24.049379047314904,24.50313949584961,20643091
2017-06-26,24.427517997025667,24.503143302601405,23.898129277228218,24.125009536743164,15430635
2017-06-27,24.3518842140382,25.410661410927972,24.3518842140382,24.578765869140625,27607249
2017-06-28,23.89812379902451,24.80564752424305,22.914973337970352,24.578765869140625,43241606
2017-06-29,24.6543976307036,25.335039799602388,24.6543976307036,25.108158111572266,39724152
2017-06-30,25.108157369004694,25.335039050324845,24.57876870938533,25.259410858154297,31653074
2017-07-03,26.166935887690606,26.46944577504784,25.41066551208496,25.41066551208496,45373153
2017-07-04,25.1837863059795,25.63754678684817,25.03253281235661,25.108158111572266,9854893
2017-07-05,25.108156322420584,25.259409805265484,24.35188601300471,24.50313949584961,13770256
2017-07-06,24.730022929919254,25.1837863059795,24.6543976307036,25.108158111572266,12850500
2017-07-07,25.108158519919353,25.56192190335939,24.805651527753746,25.41066551208496,17680602
2017-07-10,25.713171820639644,25.864425295670735,24.881273365181812,24.95690155029297,19727850
2017-07-11,25.108157369004694,25.335039050324845,24.956903879855087,25.259410858154297,12716023
2017-07-12,25.335039886352714,25.41066518582732,25.10815819754572,25.183786392211914,20415284
2017-07-13,24.956907582770516,25.10816109436196,24.427518844604492,24.427518844604492,22726468
2017-07-14,24.503140414953794,24.730022095327087,23.217482867356203,23.444364547729492,37534398
2017-07-17,23.51998967185568,24.049378292799698,22.23433076522269,22.30995750427246,58558338
2017-07-18,22.234332018003396,22.61246718215369,22.007450340474932,22.536840438842773,25951888
2017-07-19,23.0662286535475,23.822498967550786,23.0662286535475,23.595617294311523,35793233
2017-07-20,23.59561498710304,23.59561498710304,22.53683780910354,22.688091278076172,25841497
2017-07-21,22.990602634578654,23.671244780507042,22.688094209946183,23.444364547729492,26657386
2017-07-24,23.36873635587457,23.746871524766224,23.14185612309702,23.444364547729492,13961935
2017-07-25,24.503144152804254,24.805654071179067,24.351890641212808,24.427518844604492,41677568
2017-07-26,24.956903239343223,25.56192007560555,24.805649754075496,25.486291885375977,49023077
2017-07-27,25.713174981255403,26.01568196850118,25.03253281235661,25.108158111572266,29592278
2017-07-28,25.25940904470434,25.335037231445312,24.578766944800744,25.335037231445312,18172343
2017-07-31,25.561918345608554,25.637543635528488,24.881273365181812,24.95690155029297,14702557
2017-08-01,24.956903152390755,24.956903152390755,24.049379348754883,24.049379348754883,19508072
2017-08-02,24.27626051112059,24.956904113867466,24.049380275268803,24.730022430419922,19160341
2017-08-03,24.805649541097996,25.18378469861641,24.578767867548667,24.654396057128906,15507909
2017-08-04,24.95690502383655,25.56192190335939,24.881276828199336,25.41066551208496,33610505
2017-08-07,25.71317481994629,25.864428312620305,25.486293133339487,25.71317481994629,33336033
2017-08-08,26.393817240030305,26.847580617635707,25.713175068813797,26.620698928833008,70439908
2017-08-09,26.545070900861933,26.998834281316807,25.940056920510912,26.015682220458984,38242405
2017-08-10,26.24256220690603,26.46944388240333,24.956903239343223,25.486291885375977,31835721
2017-08-11,25.259410299218807,25.788798947123958,24.956903327613414,25.561920166015625,22854421
2017-08-14,25.561920390842577,26.015680852241662,24.95690354711901,25.03253173828125,28693596
2017-08-15,25.03253173828125,25.03253173828125,25.03253173828125,25.03253173828125,0
2017-08-16,25.03253173828125,25.03253173828125,25.03253173828125,25.03253173828125,0
2017-08-17,25.03253173828125,25.03253173828125,25.03253173828125,25.03253173828125,0
2017-08-18,25.03253173828125,25.03253173828125,25.03253173828125,25.03253173828125,0
2017-08-21,25.03253173828125,25.03253173828125,25.03253173828125,25.03253173828125,0
2017-08-22,25.03253173828125,25.03253173828125,25.03253173828125,25.03253173828125,0
2017-08-23,25.03253173828125,25.03253173828125,25.03253173828125,25.03253173828125,0
2017-08-24,25.03253173828125,25.03253173828125,25.03253173828125,25.03253173828125,0
2017-08-25,25.03253173828125,25.03253173828125,25.03253173828125,25.03253173828125,0
2017-08-28,27.530633926391605,27.530633926391605,27.5306339263916,27.5306339263916,3418319
2017-08-29,30.283699035644535,30.283699035644535,30.20929260982915,30.28369903564453,85592385
2017-08-30,30.730140278751644,32.925150091863074,30.730140278751644,32.441505432128906,159887450
2017-08-31,33.185569434802105,33.483197977072614,31.102172534099633,31.32539176940918,81647988
2017-09-01,31.250991426569254,32.44150582684872,31.21378821345948,31.846248626708984,49234398
2017-09-04,31.995058894880362,33.85523677127098,31.995058894880362,33.59481430053711,78380821
2017-09-05,33.85523620437064,36.23626477274196,33.85523620437064,36.08745193481445,91315739
2017-09-06,35.938634280039444,37.12914850056774,35.12015792481967,35.71541213989258,68627083
2017-09-07,36.496684986310086,36.79431351537487,34.04125034532342,34.59930419921875,68528869
2017-09-08,35.75261877292691,36.12465374856291,35.04574913450808,35.38058090209961,46613545
2017-09-11,35.71541462411186,36.16185893545845,35.26897320795672,35.938636779785156,40282306
2017-09-12,36.496688405983406,37.27796445367921,35.86422808435924,35.97583770751953,68760076
2017-09-13,36.75711608712626,36.98033824279956,35.752620729383615,35.938636779785156,36937053
2017-09-14,35.60380300252175,35.641006210521255,34.78532374095884,35.19456481933594,33328155
2017-09-15,35.6410059428474,35.97583770751953,35.38058059361546,35.97583770751953,73779745
2017-09-18,36.38507900211504,37.27796467835253,36.236263275146484,36.236263275146484,70005606
2017-09-19,36.75711366530821,37.72440574923853,36.385078693825974,36.831520080566406,85087581
2017-09-20,37.20356181882067,37.352377571595675,36.23626955895435,36.6455078125,26283710
2017-09-21,36.94313434369285,37.27796612336211,36.71991219218287,37.129150390625,30334091
2017-09-22,37.35237109424117,37.724406068875645,36.12465365131352,36.236263275146484,51002101
2017-09-25,36.38507805597656,36.49668767690727,34.89693530094428,35.008544921875,33204954
2017-09-26,34.59931145220542,35.120162211051465,33.892444633194074,34.078460693359375,39477993
2017-09-27,34.30168362124813,34.8225343916419,33.96685181033547,34.00405502319336,23232302
2017-09-28,34.59930790042678,34.67371431685474,32.553111182318794,33.48320007324219,59744028
2017-09-29,33.52040394942912,34.45049285888672,33.148368964684344,34.45049285888672,30435219
2017-10-02,36.19905984903137,36.273466264471566,35.566599527407206,35.97583770751953,25251511
2017-10-03,35.86423091175504,36.12465628151789,35.492195910033026,35.60380554199219,15994248
2017-10-05,36.45949097267774,36.64550704073925,36.16186236858762,36.533897399902344,33618650
2017-10-06,36.53389122463894,37.42677688598633,36.16185625620867,37.42677688598633,39039482
2017-10-11,40.17984035442815,41.14713243210256,39.13814186197677,40.62628173828125,108102672
2017-10-12,40.92390741310258,41.96560872744927,40.849501003560974,41.6679801940918,63936132
2017-10-13,41.370358758851836,44.644270292314296,40.99832375212086,44.421051025390625,87377019
2017-10-16,44.64426812744972,44.94189669744037,43.602569580078125,43.602569580078125,50502285
2017-10-17,43.30494067797523,43.30494067797523,41.74239142130558,42.04001998901367,51508073
2017-10-18,42.486462389111985,43.00731311861079,41.44476382530581,42.41205596923828,30190664
2017-10-19,42.78408930751147,44.12341928934628,42.560870056531776,43.230533599853516,25955372
2017-10-20,43.230534668156054,44.71867752075195,42.635277527117694,44.71867752075195,46290871
2017-10-23,45.23952208071765,45.3139313893674,43.528160095214844,43.528160095214844,42817978
2017-10-24,43.30494272656126,44.197828471924446,42.85850130147542,43.90019989013672,23384899
2017-10-25,44.644267439520156,44.793083169818054,42.635276794433594,42.635276794433594,37980868
2017-10-26,42.33764927863374,44.19782713472994,42.040020705850694,44.12342071533203,38313642
2017-10-27,42.48646425566952,42.85850216176564,40.17984487190793,40.5518798828125,122338330
2017-10-30,40.99832257208276,41.29595114793933,38.02203681351709,39.21255111694336,70891652
2017-10-31,39.95661992916568,41.07272777946968,39.361362795029066,40.923912048339844,39562658
2017-11-01,41.9656150199484,42.11442786134524,40.551878550721085,40.77510070800781,26960263
2017-11-02,40.77510145991229,41.37035862685929,40.40306645436829,40.7006950378418,16429946
2017-11-03,41.072730043385796,41.51917147100029,40.551879298509284,40.7006950378418,18563870
2017-11-06,41.072726017325586,41.444760986401704,40.55187532350427,40.62628173828125,20311518
2017-11-07,41.29595359380644,43.37935085300593,40.92391568055717,43.081722259521484,56948003
2017-11-08,42.41205306407611,42.93290375789742,40.55187532350427,40.62628173828125,61008524
2017-11-09,40.10544292005569,41.37036383527013,38.46848405726721,38.9149284362793,50035885
2017-11-10,38.31966498954839,38.989328554440576,37.05474427915396,38.69169998168945,61214665
2017-11-13,38.61728875173946,39.13813941296936,35.12015562894555,35.56659698486328,95293529
2017-11-14,36.83152182034216,38.09644252024638,35.90143290010722,37.129150390625,90696343
2017-11-15,37.0547462512157,37.57559700504782,36.459489074033726,37.091949462890625,33703913
2017-11-16,37.35237385484529,37.79881527836357,36.38508169122943,36.719913482666016,34024416
2017-11-17,37.16635424001839,38.319665331623405,37.12915102999132,38.09644317626953,42527829
2017-11-20,38.31966631257636,39.063736322548294,38.24525989061747,38.46847915649414,30997985
2017-11-21,39.1381456396987,39.1381456396987,38.170850573467064,38.46847915649414,22901806
2017-11-22,38.91492102927924,38.9893274465549,37.09194643487752,37.203556060791016,35612399
2017-11-23,36.68271116684316,36.98033975484646,34.45049530922259,34.487701416015625,97273279
2017-11-24,34.67371489143284,35.49219417127731,33.03675922693524,35.306175231933594,73333966
2017-11-27,35.64100572490737,36.050246797708496,35.380580377267904,35.71541213989258,36803367
2017-11-28,36.087454584472106,36.60830245065212,34.152870178222656,34.152870178222656,66178110
2017-11-29,34.227274662702264,35.04575107539161,33.222779304297276,33.59481430053711,88261682
2017-11-30,32.590313513461766,35.26897048950195,32.36709427018516,35.26897048950195,219513408
2017-12-01,35.60380705780954,35.60380705780954,34.19007341203847,34.33888626098633,77092712
2017-12-04,34.93413593251775,35.30617087005098,34.07845354955764,34.59930419921875,29996388
2017-12-05,34.37608207862242,35.08295164464563,34.15286285321708,34.59930419921875,30911229
2017-12-06,34.59931203258322,34.97134705434603,32.441505432128906,32.441505432128906,51139338
2017-12-07,32.4414995146081,33.07395980479789,29.204788756725932,29.241994857788086,113839877
2017-12-08,28.42351444307019,30.283692029235706,26.860965386498798,29.65123176574707,150852361
2017-12-11,30.134880478651787,31.06496940018543,28.758350148666207,30.655731201171875,54367754
2017-12-12,30.804548826462597,31.25099026233975,30.358104495393864,30.469717025756836,34877757
2017-12-13,30.54412350611056,33.18557470495408,30.54412350611056,32.51591110229492,64515243
2017-12-14,33.1111688682229,33.66922284539354,31.10217802463851,31.62302589416504,58314292
2017-12-15,31.474208088763376,31.771836636713545,30.95335740605279,31.548614501953125,29255095
2017-12-18,31.995056024981093,32.14387174724339,31.250986099243164,31.250986099243164,17283782
2017-12-19,31.697434652463322,32.73913326824517,31.548618910099297,32.51591110229492,32162838
2017-12-20,32.59031343207631,32.739129155746966,31.99505632777609,32.06946563720703,15588950
2017-12-21,32.143871757332214,33.37158916181897,31.362595729390108,32.66472244262695,35184660
2017-12-22,32.36709388304124,32.478703503344576,31.102173272172053,31.250986099243164,41062527
2017-12-25,30.990558633839324,31.176577550127195,30.134876251220703,30.134876251220703,31444636
2017-12-26,30.358103728618758,31.32539589458069,29.986068725585938,29.986068725585938,29863957
2017-12-27,30.35810395385625,30.73013895964933,30.28369753173594,30.432510375976562,13572830
2017-12-28,30.804549974060293,31.846248626708984,30.618531013319746,31.846248626708984,28217181
2017-12-29,32.44150563268258,34.78532831091201,32.40430241979547,32.88794708251953,88105664
2018-01-02,33.446000859446,33.446000859446,31.84624823923174,32.441505432128906,27452819
2018-01-03,33.18556971139493,33.4459950499511,32.813534754253766,32.99955368041992,18277142
2018-01-04,33.483196997972996,33.85523194113449,33.297180973987764,33.408790588378906,20522711
2018-01-05,33.743627290342204,34.15286839369006,32.44150335014245,32.739131927490234,22255959
2018-01-08,32.70192563914243,32.813535259445764,31.213782892475386,31.250986099243164,29804458
2018-01-09,31.250990686376973,32.55311469514443,31.250990686376973,31.920654296875,26447797
2018-01-10,31.995057109518914,31.995057109518914,30.209288648177377,30.581323623657227,32522680
2018-01-11,30.618526831686086,31.10217432644379,30.209288648177377,30.581323623657227,23177192
2018-01-12,31.176581504766418,31.21378471370489,30.35810222254597,30.50691795349121,17893050
2018-01-15,30.87895393371582,31.02776677426797,30.320899991262362,30.87895393371582,16349824
2018-01-16,30.990563564129932,30.990563564129932,30.432509621676473,30.87895393371582,16422207
2018-01-17,30.878957135085958,32.32989695685257,30.544125313938547,31.77184295654297,33395404
2018-01-18,32.292689523144716,32.51590877794691,31.846245223157588,31.995058059692383,29039947
2018-01-19,32.29269199543703,32.329895207418964,30.878955464165525,30.91615867614746,20248228
2018-01-22,30.990565662869724,31.548619643115654,30.581327428445476,31.139381408691406,14374054
2018-01-23,31.734636786461007,34.22727505347524,31.548617838621585,33.18557357788086,98090504
2018-01-24,33.520396973298425,33.85522867940402,32.29268264770508,32.29268264770508,45121926
2018-01-25,32.36709728130455,33.036760863815765,31.437008328885305,32.14387512207031,29328618
2018-01-26,32.2182844196756,32.292693742857494,31.474214349390632,31.77184295654297,13900303
2018-01-29,32.06946835225559,33.37159229245534,31.846246195446884,32.739131927490234,24135522
2018-01-30,32.925148010253906,33.18557337758064,32.404300170791906,32.925148010253906,21073222
2018-01-31,33.11116922902904,35.120162989696674,32.96235637759748,34.00405502319336,96868488
2018-02-01,35.34338226684401,35.45499480060934,33.89244538461969,34.00405502319336,89260177
2018-02-02,34.37609176268137,34.710923590305555,34.041259935057184,34.30168533325195,26102127
2018-02-05,32.47870827068723,33.18557509341385,31.734638235732,31.920654296875,60862855
2018-02-06,29.837255684763395,30.432509948557165,28.795554208943464,29.725643157958984,76896200
2018-02-07,31.623026452858664,31.957858266038304,30.65573422642952,31.846248626708984,46419738
2018-02-08,31.250987653439765,31.585819426193044,29.688438415527344,29.688438415527344,43868647
2018-02-09,27.009783217699567,28.646741881941868,27.009783217699567,28.274703979492188,66217167
2018-02-12,28.944365686633407,29.09317850688366,27.977073669433594,27.977073669433594,31184818
2018-02-21,29.390813240284928,30.358105461459918,28.758352830470834,30.28369903564453,35328511
2018-02-22,30.246495452656287,31.62302589416504,29.539625730484037,31.62302589416504,40669306
2018-02-23,31.99505526572005,33.111163023032255,31.25098535763933,31.32539176940918,42402477
2018-02-26,32.10667071316723,32.292689654785406,31.32539463260058,31.51141357421875,17113883
2018-02-27,31.995060323256567,32.70193003238008,31.77184105266221,32.32989501953125,29956446
2018-03-01,31.846245223157588,32.55311198708061,31.73463559575649,31.995058059692383,19212187
2018-03-02,31.32539251277872,31.54861464857657,30.655729000576347,31.250986099243164,24833844
2018-03-05,31.511411441808796,32.14387174724339,31.250986099243164,31.250986099243164,15046393
2018-03-06,31.9578575091036,32.29269220954423,31.734638235732,31.920654296875,20862178
2018-03-07,32.106669351567,32.51590753154208,31.250986888717964,31.36259651184082,24148247
2018-03-08,31.623026263591218,32.99955961637252,31.511416624929893,32.88794708251953,54990020
2018-03-09,34.22727381198035,35.12015951787807,33.92964524334778,34.71091842651367,83291937
2018-03-12,35.71541482328803,36.79431950239953,35.641008402712465,36.19906234741211,60818535
2018-03-13,36.31067032909025,37.12914960382152,35.90143213932028,37.017539978027344,55430847
2018-03-14,37.09194542916135,37.57559291872213,36.60829793960056,36.831520080566406,41288378
2018-03-15,36.385080541323944,36.75711553169672,35.86422981768721,36.273468017578125,31984420
2018-03-16,36.459485737242005,36.79431750686393,35.120158658754285,35.64100646972656,31819379
2018-03-19,35.566596194881534,35.60379939911576,34.562100994984526,34.59930419921875,34411392
2018-03-20,33.855236131326755,35.268972564544896,33.520404351520874,34.971343994140625,32997302
2018-03-21,35.343385151128864,35.90143917992191,34.71092469054792,34.934146881103516,30956894
2018-03-22,35.343380142792896,35.715415144205046,34.822532298892476,35.417789459228516,18046841
2018-03-23,34.301675116361565,34.785319658789135,33.78082447510947,33.89243698120117,32361537
2018-03-26,33.892441305178274,34.78532409667969,33.892441305178274,34.78532409667969,20007919
2018-03-27,36.42228369648244,38.24525833129883,36.161858335052756,38.24525833129883,95249745
2018-03-28,38.245258966295815,38.245258966295815,35.67821141403155,35.938636779785156,83892959
2018-03-29,36.16186236858762,36.608303827126946,35.52940194679506,36.533897399902344,34621451
2018-03-30,37.203556060791016,37.724406772103315,36.905927496497036,37.203556060791016,36448758
2018-04-02,40.10543781073882,41.29595214284712,38.39407273453525,38.46847915649414,81495627
2018-04-03,38.0220408502297,39.73340606689453,37.426783635319474,39.73340606689453,45443569
2018-04-09,39.733400665995504,39.88221350189929,38.69169923390358,38.76610565185547,20855693
2018-04-10,38.39407601082082,39.212555407786546,37.42678375723865,37.501190185546875,25847026
2018-04-11,38.4684724796812,38.98932313337458,36.645498086945395,36.757110595703125,26088691
2018-04-12,37.129148727607564,37.4267772845596,35.566599527407206,35.97583770751953,24529998
2018-04-13,36.53389220257403,38.31966357307013,35.78982224579631,37.79881286621094,33010550
2018-04-16,37.575596613149514,37.650003035723344,36.45948869377598,36.57109832763672,28945494
2018-04-17,36.83152100660867,36.980336736057936,34.78532426922267,34.85973358154297,36103471
2018-04-18,35.34338207544692,36.1618614394631,34.71092166990448,35.045753479003906,27370645
2018-04-19,35.71541187124637,35.975837216926955,35.12015766065088,35.26897048950195,17322214
2018-04-20,33.96685105726019,34.5249050281393,33.55761282970493,34.078460693359375,37639494
2018-04-23,34.00405219588347,34.450493608249865,33.7064236225754,34.3760871887207,20502231
2018-04-24,34.30168261426418,34.45049546132708,31.920653899725114,32.32989501953125,45291512
2018-04-25,31.66022681918349,34.450493608249865,31.66022681918349,34.3760871887207,44816575
2018-04-26,34.59930363223174,34.74811644673,31.846240507295384,32.18107223510742,46042446
2018-04-27,33.48319595084983,34.41328472726233,32.44149756353658,33.89243698120117,58892927
2018-04-30,33.70642206414193,35.49219342142431,33.03675852895886,35.38058090209961,51804156
2018-05-02,34.97134844560136,35.08296098320461,33.33439254760742,33.33439254760742,36029990
2018-05-03,33.073962496583746,33.66921962934862,32.069467170739784,32.10667037963867,44154934
2018-05-04,32.10666509417576,32.88793814282033,32.10666509417576,32.25547790527344,34853259
2018-05-07,32.73913520599013,32.85074484797535,31.77184295654297,31.77184295654297,22566576
2018-05-08,31.99506108019535,32.32989578439155,31.69743537902832,31.69743537902832,27971127
2018-05-09,31.995056024981093,32.40429708980902,31.250986099243164,31.250986099243164,27530122
2018-05-10,31.660223517564614,31.88344564806528,31.25098535763933,31.32539176940918,21548966
2018-05-11,31.660228705935015,31.84624766103491,30.358104705810547,30.358104705810547,36058490
2018-05-14,30.618528029380055,31.883448732605764,30.50691840092769,31.21378517150879,37459861
2018-05-15,31.51141606716879,31.920654296875,31.250990686376973,31.920654296875,29183420
2018-05-16,32.21828454272551,33.81803722658229,32.106674900314026,33.33439254760742,59848920
2018-05-17,34.00405028938736,34.078456704744795,32.77633285522461,32.77633285522461,33098280
2018-05-18,32.925149333196394,34.078460479758824,32.06946967141612,33.63201904296875,37099426
2018-05-21,33.5948154643141,35.00854907803771,33.5948154643141,34.22727584838867,41602678
2018-05-22,34.74812370309085,34.822533021069624,33.25998366658001,34.22727584838867,36720828
2018-05-23,34.67371143707322,35.082952483820605,33.85523223876953,33.85523223876953,25828634
2018-05-24,34.22727377543521,34.74812159859256,33.892441997979994,34.52490234375,26796907
2018-05-25,34.9713420163007,35.30617377716983,34.41328811645508,34.41328811645508,37053949
2018-05-28,35.34338187498635,37.203559868406685,35.12016260031388,35.90143585205078,74910235
2018-05-29,36.459486169863936,37.352371864514346,36.01304477013441,36.16185760498047,49491620
2018-05-30,35.71541078113028,37.054740675866576,35.26896941301228,36.794315338134766,37216598
2018-05-31,37.947627890204366,38.3196628616866,36.831520080566406,36.831520080566406,65444085
2018-06-01,36.83152115217044,36.83152115217044,36.087451187557434,36.16185760498047,24579765
2018-06-04,36.7571176276557,36.98033979268447,35.60380648606389,35.789825439453125,36013671
2018-06-05,36.12465481274522,36.75711515851523,35.56660088525607,36.682708740234375,27538175
2018-06-06,36.98033730854916,37.352372295144804,36.53389300848129,36.682708740234375,28667158
2018-06-07,36.79431687293731,37.12914863679045,36.533891524342366,36.831520080566406,26215204
2018-06-08,37.35237109424117,37.649999652987006,35.93863471640065,36.236263275146484,33775875
2018-06-11,36.236262835171516,36.5710945977962,35.71541213989258,35.71541213989258,27306804
2018-06-12,35.56660100712082,36.53389313366036,35.41778817004922,35.8270263671875,25416340
2018-06-13,36.236262835171516,36.38507856033318,35.60380251741476,35.71541213989258,18649532
2018-06-14,35.789823035290006,35.827026244430435,34.52490234375,34.52490234375,25862498
2018-06-15,34.9713441992376,35.492194924297564,34.48769957898884,35.23176956176758,32040584
2018-06-19,34.8225307002172,34.8225307002172,34.26447677612305,34.26447677612305,24377264
2018-06-20,34.30168108291194,34.450493923331294,33.111166778791315,33.59481430053711,34185551
2018-06-21,33.52040481567383,34.11566196472482,33.48320160575707,33.52040481567383,27813724
2018-06-22,33.07395566355455,33.07395566355455,32.25547655130156,32.29268264770508,24851125
2018-06-25,32.40429788324616,33.036758204166894,32.367094675567444,32.77633285522461,17828694
2018-06-26,32.47870349466421,33.7064208984375,32.143871738652514,33.7064208984375,20899523
2018-06-27,33.33439042278058,33.52040648160921,32.32989501953125,32.32989501953125,25477591
2018-06-28,31.99505632777609,32.55311022495644,31.697430670817198,32.06946563720703,17996157
2018-06-29,32.367089050130595,32.515901854981635,31.957848046408724,32.29268264770508,23476523
2018-07-02,32.36709681519456,32.850741442180485,30.841750723577782,30.87895393371582,39445682
2018-07-03,31.250990479176473,31.734638025324816,30.65573329708232,30.91615867614746,31426010
2018-07-04,31.288191295769362,32.032264164017455,30.916156309241,31.995058059692383,15400155
2018-07-05,31.66022772386606,32.14387525500856,31.102176666259766,31.102176666259766,15330101
2018-07-06,31.399803653588606,31.697432220287737,30.50691795349121,30.50691795349121,18790152
2018-07-09,30.395307707117663,30.99056488508159,30.17208843677487,30.469717025756836,25296189
2018-07-10,30.692935617111836,32.51591032239964,30.58132598440946,32.404300689697266,33616624
2018-07-11,31.846245311131277,32.06946746174148,30.878953185408893,30.953359603881836,26545198
2018-07-12,30.953355875894374,32.515904951591395,30.953355875894374,32.36709213256836,41590157
2018-07-13,32.85074191525532,33.29718623372379,32.106671911396525,32.14387512207031,53065237
2018-07-16,32.14387683601909,32.329895794498285,31.139381408691406,31.139381408691406,24665153
2018-07-17,31.399801821505463,31.58581785534435,30.767341516070868,31.250986099243164,15721904
2018-07-18,31.474209578332246,31.88344776543491,31.213784224651892,31.399803161621094,18140715
2018-07-19,31.39980348643056,31.548616321392238,30.804546356201172,30.804546356201172,12801505
2018-07-20,31.176577799270998,31.32539061733772,30.320895409814295,30.395301818847656,18003451
2018-07-23,30.50692044892878,30.878955463936972,30.023272902784015,30.358104705810547,14587886
2018-07-24,30.655733853760495,31.548619643115654,30.618530641102986,31.139381408691406,13721399
2018-07-25,30.8789531001073,32.106670582284856,30.692934159247432,31.995058059692383,19714152
2018-07-26,31.846246673195832,32.25548488749152,31.102176666259766,31.102176666259766,22165732
2018-07-27,32.96235099205378,33.33438595503951,32.218278170891125,32.66472244262695,57100545
2018-07-30,32.7391276435417,33.073959387345944,31.995054849939205,32.21827697753906,28564851
2018-07-31,32.21828308378818,32.441505253694764,31.548619469260053,31.62302589416504,18779233
2018-08-01,31.697430449001526,32.06946541278789,31.362595796883483,31.809040069580078,23494202
2018-08-02,31.920649379629676,31.920649379629676,30.953357325118613,30.99056053161621,23081522
2018-08-03,31.325393849718626,31.623022411754555,31.10217459958516,31.399803161621094,16410218
2018-08-06,31.511416430458144,31.734638601594845,31.102178196033897,31.139381408691406,14725190
2018-08-07,31.399806222519974,31.697434813569174,31.250990479399576,31.474212646484375,9819362
2018-08-08,31.6602271369975,31.846246082879137,30.87895393371582,30.87895393371582,26497956
2018-08-09,30.841751843832057,30.841751843832057,30.134882139959615,30.209291458129883,27867821
2018-08-10,29.911662083390972,29.98606850441042,29.093182766602624,29.16758918762207,35328339
2018-08-13,28.572334560116435,28.609537773921744,26.377324679261097,26.414527893066406,67645859
2018-08-14,26.48893384964383,26.860968835610283,25.186807055974185,25.335622787475586,74167379
2018-08-15,25.558844852771653,25.633251270681082,24.554346630228927,24.591552734375,41096676
2018-08-16,24.10790640710117,25.484436786540122,23.62426032423964,25.410030364990234,50632480
2018-08-17,25.596048875859896,25.707658506274008,24.665959936834618,24.703163146972656,30780764
2018-08-20,24.85197424266271,24.8891774501887,23.847478953887173,23.88468360900879,24480391
2018-08-21,24.256720455056374,24.405534744262695,23.959091876643726,24.405534744262695,20303700
2018-08-22,24.628755981091647,25.000790966400572,24.47994024985326,24.777568817138672,16640772
2018-08-23,24.77757110184651,25.149606121460305,24.554348932001584,24.740367889404297,16750364
2018-08-24,24.85972711299728,25.09462157496366,24.27248946465876,24.350788116455078,17060133
2018-08-27,24.898874806581226,25.799307030078445,24.74227900198096,25.642709732055664,25952196
2018-08-28,25.642707434567537,25.916750441420433,25.368664427714645,25.83845329284668,16989269
2018-08-29,25.877606248786694,26.54314407173296,25.877606248786694,26.308246612548828,14867793
2018-08-30,26.229949875905092,26.229949875905092,25.83845808671248,26.11250114440918,10556949
2018-08-31,25.760156144272926,25.83845329284668,25.60355886028066,25.83845329284668,11776865
2018-09-03,25.838455770664382,26.112498803797045,25.486112594604492,25.486112594604492,10150974
2018-09-04,25.760158133562683,26.112498316198273,25.56441226016736,25.955904006958008,8889430
2018-09-05,25.838455520276753,25.95590424010693,25.52526092529297,25.52526092529297,12568865
2018-09-06,25.09462157496366,25.133770154150533,24.194190812862445,24.350788116455078,32583923
2018-09-07,23.332909953974582,23.45035868504497,21.923540115356445,21.923540115356445,60822816
2018-09-10,21.923538610235816,22.667373553309268,20.67076467668069,20.90566062927246,53497703
2018-09-11,21.2971535254677,22.393330215729428,21.06225756035421,22.040987014770508,35399296
2018-09-12,22.11928396778061,22.11928396778061,20.905660135058998,20.983957290649414,35875978
2018-09-13,21.062254591782438,21.532044962373245,20.592464221191626,20.827360153198242,26243198
2018-09-14,21.414599548990353,22.00183718839545,21.179703597174786,21.80609130859375,28225595
2018-09-17,21.80609254307965,22.19758432484617,21.45374934212073,22.040987014770508,19850049
2018-09-18,21.375450134277344,22.0018378649579,21.218854321674147,21.375450134277344,30986010
2018-09-19,21.727793156016958,22.00183769270529,21.532047271728516,21.532047271728516,23100484
2018-09-20,21.5320490887953,21.884392307617397,21.179705869973205,21.610347747802734,19563110
2018-09-21,21.297151429325123,21.297151429325123,20.20097335353057,20.35757064819336,93125324
2018-09-25,20.044377009619428,20.788210405573317,19.926929788513284,20.70991325378418,43387529
2018-09-26,20.435869295524753,20.631615167141995,20.20097335353057,20.35757064819336,19889838
2018-09-27,20.044378362409997,20.3184228924345,19.887781061418124,19.966079711914062,20791440
2018-09-28,20.200974421236054,20.435870375645464,19.926931381225586,19.926931381225586,18027539
2018-10-01,20.12267825617986,20.514170039425206,20.12267825617986,20.20097541809082,17400298
2018-10-02,20.200974424856987,20.788212070851927,20.12267726679571,20.74906349182129,43542269
2018-10-03,20.905659939474127,21.023107165183475,20.318422317504883,20.318422317504883,24747709
2018-10-04,20.2792723314572,20.2792723314572,18.321813583374023,18.321813583374023,82096113
2018-10-05,18.00862202601413,18.86990424768194,17.773727553478654,18.43926239013672,77194833
2018-10-08,18.00862413771609,18.400115966796875,17.812878223175698,18.400115966796875,39846315
2018-10-09,18.360965500359068,18.360965500359068,16.599252449965572,16.63840103149414,79843531
2018-10-11,15.111582138486067,15.54222399333344,14.994134902954102,14.994134902954102,67483070
2018-10-12,15.150731300912677,15.737968936657953,15.072432650795465,15.463924407958984,91648028
2018-10-15,15.229030235257884,15.698819157884014,14.79838839828718,14.876687049865723,70912449
2018-10-16,14.876686967446553,15.542223262043146,14.876686967446553,14.954985618591309,57171990
2018-10-17,15.385625959753634,15.42477603203729,14.798388316301796,14.954985618591309,45820180
2018-10-18,15.072432848597165,15.307327308608878,14.915835546307653,14.954985618591309,28279296
2018-10-19,14.798388481140137,14.837538553859881,14.328598062461188,14.798388481140137,52769053
2018-10-22,14.79838876158789,15.385626422709812,14.60264287454725,15.22903060913086,41130173
2018-10-23,14.876687667422136,15.150732212611805,14.876687667422136,14.994134902954102,25497540
2018-10-24,14.99413436447115,15.15073166850499,14.602642597809123,14.798388481140137,32991890
2018-10-25,13.349867820739746,13.50646511509535,13.349867820739746,13.349867820739746,68417699
2018-10-26,13.271571275975335,13.310719854649403,12.606034984558354,12.645183563232422,73572023
2018-10-29,12.48858773971123,12.606035722744794,11.862200736999512,11.862200736999512,83304844
2018-10-30,11.979647852326519,12.410288932168205,11.979647852326519,12.292840957641602,60872728
2018-10-31,12.606034332457801,13.506465036185686,12.527735685737447,13.428166389465332,68138591
2018-11-01,13.467317212755153,14.015404783606872,13.19327268061802,13.937106132507324,52959508
2018-11-02,14.64179155878005,15.307326316833496,14.328596974493182,15.307326316833496,73071876
2018-11-05,15.581369959884215,16.051160316615988,15.15072967070981,15.424774169921875,118931686
2018-11-06,15.620522087183938,15.816267970514952,14.759239901842962,14.798388481140137,52359557
2018-11-07,14.759238781176396,15.346476386580582,14.720088711429307,15.307326316833496,34198545
2018-11-08,15.777119087646447,15.894566327817973,14.759241014929652,14.837539672851562,58557252
2018-11-09,14.837538006714974,14.837538006714974,14.406896183213428,14.602642059326172,38700612
2018-11-12,14.406897800992393,15.150732811116525,14.367749218742778,14.837539672851562,31991135
2018-11-13,14.132852526044887,15.150732040405273,14.093703945786746,15.150732040405273,46292380
2018-11-14,15.033284222791316,15.072432801530168,14.48519515991211,14.48519515991211,65811387
2018-11-15,14.40689695715184,14.876687383744066,14.289449723859432,14.75924015045166,35562613
2018-11-16,14.994132910035399,15.111580129957074,14.52434253692627,14.52434253692627,42011426
2018-11-19,14.68094235700774,15.072434153194614,14.641793774758126,14.837539672851562,28538912
2018-11-20,14.680941167630648,14.876687049865723,14.602642516052105,14.876687049865723,16778495
2018-11-21,14.837538388585452,15.033284269736065,14.64179250743484,14.954985618591309,36228999
2018-11-22,15.268178560078882,15.542223089328907,14.9158353805542,14.9158353805542,57833428
2018-11-23,14.994134617036474,15.072433270372278,14.680941497115855,14.75924015045166,20737662
2018-11-26,14.876687722978735,15.111582194919874,14.641793251037598,14.641793251037598,25556535
2018-11-27,14.720090872780872,15.189881324768066,14.680942290708057,15.189881324768066,35033565
2018-11-28,15.38562503669887,15.855415421959954,15.189879167291958,15.777116775512695,48590734
2018-11-29,16.246908436764762,17.186489281079226,16.129461204581098,16.207759857177734,95670904
2018-11-30,16.129461373141456,16.599251800208215,15.894565412896776,16.051162719726562,204213054
2018-12-03,16.75584600842622,17.65627670288086,16.599250210020717,17.65627670288086,101423505
2018-12-04,17.656277607977508,17.89117355776069,17.225637273508802,17.382234573364258,68704119
2018-12-05,16.442651506461157,16.794994636111397,16.28605422807831,16.481800079345703,57921063
2018-12-06,16.051162254350228,16.20775955663974,14.876686967446553,14.954985618591309,92674123
2018-12-07,15.189880535669172,15.385626422709812,15.033284722090219,15.22903060913086,37050791
2018-12-10,14.837538918072312,15.150732040405273,14.798388844391562,15.150732040405273,34181646
2018-12-11,15.268178394862584,15.424775693717363,14.994133868577983,15.072432518005371,24005112
2018-12-12,15.307326316833494,15.503072185301557,15.15073051811252,15.307326316833496,27296983
2018-12-13,15.424775032652299,15.463923608976929,15.18987909443715,15.307326316833496,22469058
2018-12-14,15.229029981652822,15.229029981652822,14.798388151853485,14.9158353805542,33989478
2018-12-17,14.79838785439167,14.954985151793226,14.524343330650202,14.680940628051758,24248677
2018-12-18,14.406895317004594,14.641791250270371,14.328596672582668,14.52434253692627,20976451
2018-12-19,14.446045221086575,14.602641014721124,14.09370207191962,14.132850646972656,31355749
2018-12-20,13.819658129644628,13.89795677636498,13.389017812816391,13.428166389465332,39039392
2018-12-21,13.310719832323805,14.289449231759379,13.232421181684451,14.01540470123291,51788432
2018-12-24,14.211150831147094,14.798388481140137,14.01540494781608,14.798388481140137,34166140
2018-12-25,14.446046984682578,15.111581802368164,14.289449678507975,15.111581802368164,40085389
2018-12-26,15.229030364825508,15.542223480381743,14.446046829223633,14.446046829223633,52010987
2018-12-27,15.033283882827718,15.111581038534801,14.485194832343028,14.602642059326172,38863578
2018-12-28,14.60264175590933,14.680940403412023,14.32859723636114,14.36774730682373,23146605
2019-01-02,14.524344034954327,14.563494107914407,13.897957801818848,13.897957801818848,38475577
2019-01-03,13.66306209564209,14.054553829116964,13.584763450262626,13.66306209564209,31098244
2019-01-04,13.58476415257506,13.702211380004883,13.193272398860636,13.702211380004883,29671227
2019-01-07,14.172002169905014,14.172002169905014,14.015404866776645,14.05455493927002,21187239
2019-01-08,13.780509843467103,14.289448817743324,13.702211195096337,14.211150169372559,23894760
2019-01-09,14.28944898534297,14.446046283921216,14.250300407409668,14.250300407409668,20575995
2019-01-10,14.328598271641155,14.52434415782982,14.250301111903765,14.289449691772461,16175184
2019-01-11,14.485195577961125,14.602642810989805,14.289449691772461,14.289449691772461,18011362
2019-01-14,14.446045954326426,14.60264175590933,14.32859723636114,14.36774730682373,12618674
2019-01-15,14.367746908346728,14.641791420294528,14.328596838969931,14.563492774963379,17938033
2019-01-16,14.720090939257354,15.346478709209961,14.720090939257354,14.837539672851562,78728606
2019-01-17,14.79838839828718,15.150731583679342,14.75923981920919,14.876687049865723,33916071
2019-01-18,15.111580385968542,15.229029101302391,14.91583451830873,15.033283233642578,19101388
2019-01-21,15.22902981686015,15.22902981686015,15.033283940002939,15.072432518005371,15370729
2019-01-22,15.111581595785244,15.15073166850499,14.798388481140137,14.798388481140137,14098376
2019-01-23,14.798387296397333,15.033283233642578,14.641791498322954,15.033283233642578,14303899
2019-01-24,15.111581802368164,15.307327688375121,15.072433222535809,15.111581802368164,23057459
2019-01-25,15.85541802787458,16.051163929453278,15.503074807663838,15.542224884033203,64098696
2019-01-28,15.69881853335732,15.737968604300415,15.542222729852456,15.581371307373047,21190112
2019-01-29,15.581371002239159,15.581371002239159,15.307326484694197,15.346476554870605,20483589
2019-01-30,15.424777297473002,15.463925879545819,15.189881324768066,15.189881324768066,21023550
2019-02-11,15.346476323213789,15.38562489937677,14.994133164057144,15.033283233642578,16906143
2019-02-12,15.072434085126938,15.385627221977508,15.03328550305412,15.189881324768066,20322902
2019-02-13,15.385626812114626,15.894565832616838,15.229030994572287,15.855417251586914,59331156
2019-02-14,15.93371633834213,16.05116357803345,15.659671783447266,15.659671783447266,33258978
2019-02-15,15.659669398721192,15.89456384233303,15.38562488555908,15.385624885559082,23280870
2019-02-18,15.542224884033203,15.698820709242536,15.424777641770527,15.542224884033203,19707309
2019-02-19,15.659671359592014,15.855417251586914,15.659671359592014,15.855417251586914,35654779
2019-02-20,15.737968604300415,15.777117181821005,15.542222729852456,15.581371307373047,32912842
2019-02-21,15.659672559739926,16.090312957763672,15.581373898256675,16.090312957763672,55765870
2019-02-22,16.67754752119619,17.69542694091797,16.67754752119619,17.69542694091797,230340632
2019-02-25,18.24351469916415,19.143946906391974,18.20436612207707,18.55670928955078,166806108
2019-02-26,18.67415349163968,18.791600697313438,18.008617334925376,18.086915969848633,85326608
2019-02-27,18.047769303689833,18.321813830806903,17.812874848116646,18.282665252685547,53692275
2019-03-04,18.51755792509028,18.51755792509028,18.008618991408856,18.126066207885742,35673228
2019-03-05,18.008621635017814,18.008621635017814,17.734577094061283,17.812875747680664,33243712
2019-03-06,17.812871494328363,18.282661810445646,17.73457285940511,18.086915969848633,51312279
2019-03-07,18.008619955168065,18.243514400692575,17.734575439774492,17.773725509643555,38522302
2019-03-08,17.18648961099696,17.2256381913355,16.794997833921155,16.912445068359375,58383753
2019-03-11,16.75584540750459,17.225635772717737,16.71669683266283,17.186487197875977,21228596
2019-03-12,17.46053206212776,17.538830713545444,17.069040298461914,17.069040298461914,24318077
2019-03-13,16.951590421071916,17.108187699454763,16.481800079345703,16.481800079345703,53308767
2019-03-14,16.44265432154506,16.755847438509022,16.168609784168126,16.207759857177734,61086093
2019-03-15,16.32520667470949,16.560101133110617,16.286056602694273,16.403505325317383,23246656
2019-03-18,16.560098890674297,16.599248957388127,16.442651677377498,16.520950317382812,16044789
2019-03-19,16.59925211453568,16.951593821440827,16.520953459638104,16.755847930908203,26533078
2019-03-20,16.755847930908203,16.83414658580578,16.59925211453568,16.755847930908203,13910803
2019-03-21,16.83414649963379,17.029892389164416,16.794997919096712,16.83414649963379,27745049
2019-03-22,17.069041312395218,17.186490043209698,16.716699600219727,16.716699600219727,29172548
2019-03-25,16.32520467843393,16.48180046707835,16.246906037400542,16.286054611206055,18942194
2019-03-26,16.40350540759241,16.48180256517047,16.286056684380213,16.325206756591797,12532091
2019-03-27,16.325206509084776,16.4035051588983,16.207759281075756,16.364355087280273,10176677
2019-03-28,16.36435541825061,16.44265406964773,16.24690818786621,16.24690818786621,7663680
2019-03-29,16.325206509084776,16.364355087280273,16.168609209457728,16.364355087280273,10026481
2019-04-01,16.560102375014345,16.87329550751088,16.520953793485774,16.63840103149414,22901157
2019-04-02,16.7558476759662,17.06904079736861,16.716699095824378,16.99074363708496,39961314
2019-04-03,17.10819087093304,17.225638104781115,16.951593563520532,16.99074363708496,24663482
2019-04-08,17.10818838538471,17.421381461285133,17.069038317508166,17.147336959838867,41356482
2019-04-09,17.10819113123598,17.186489786133556,16.755847930908203,16.755847930908203,33864242
2019-04-10,16.677549190640242,16.83414649963379,16.599252029566088,16.83414649963379,18409836
2019-04-11,16.912444903702255,17.186489443671782,16.834146250364874,16.873294830322266,29571108
2019-04-12,16.912444059147674,16.990742708575063,16.403505078003427,16.44265365600586,26465674
2019-04-15,16.638399532863072,16.638399532863072,16.44265365600586,16.44265365600586,11035352
2019-04-16,16.520953793485774,16.677549613022713,16.481803718534547,16.63840103149414,15541746
2019-04-17,16.716696905341102,17.303934491055035,16.67754683690673,17.10818862915039,52079558
2019-04-18,17.460533099316418,17.617130411453957,16.716699600219727,16.716699600219727,47033747
2019-04-19,18.360965728759766,18.360965728759766,17.891175277459688,18.360965728759766,188802949
2019-04-22,18.791604099558946,19.417990305508567,18.791604099558946,19.261394500732422,179141791
2019-04-23,18.948202726532287,18.948202726532287,18.439262218407574,18.59585952758789,95010404
2019-04-24,19.339694072138627,19.417991231549422,18.713306342894157,18.79160499572754,89529145
2019-04-25,19.18309691709394,19.65288734436035,18.948202450172033,19.65288734436035,110452922
2019-04-26,19.14394801681311,19.300543827667084,18.86990348104044,18.94820213317871,97889604
2019-04-29,18.83075100016944,18.90904964229482,18.008618991408856,18.126066207885742,66560532
2019-04-30,18.16521900112455,18.830753825489577,18.16521900112455,18.752456665039062,39138587
2019-05-02,18.595857866637864,18.791603738918262,18.517559219041207,18.55670928955078,27660880
2019-05-03,18.713306342894157,18.9873508810997,18.595859110355377,18.79160499572754,38473200
2019-05-06,18.165216275659624,18.360962134261896,18.047767565760356,18.126066207885742,43381852
2019-05-07,18.24351526225538,18.478411212295477,18.20436668395996,18.20436668395996,19540542
2019-05-08,17.930322647094727,18.00862129925426,17.6954281840387,17.930322647094727,21293216
2019-05-09,18.047771083655718,18.16521981644825,17.147340257256587,17.421384811401367,39037698
2019-05-10,17.460531401838704,17.89117322163948,17.147338301434274,17.49968147277832,32751561
2019-05-13,17.38223228185253,17.773723986458016,17.264783575733016,17.577978134155273,34774320
2019-05-14,17.14733862358107,17.499681801544583,16.83414551729269,17.382234573364258,25813979
2019-05-15,17.538829647600014,17.812874164195204,17.538829647600014,17.69542694091797,24630736
2019-05-16,17.695429456009283,17.773728113797027,17.34308624267578,17.34308624267578,27648338
2019-05-17,17.69542936554615,17.96947391969093,17.421384811401367,17.421384811401367,77174731
2019-05-20,17.42138515366455,17.734578295944765,17.264787835813088,17.303937911987305,32115890
2019-05-21,17.10819002037496,17.10819002037496,16.168609209457728,16.364355087280273,75159581
2019-05-22,16.442653496124933,16.990742543364767,16.364354847458884,16.59925079345703,33014430
2019-05-23,16.325206509084776,16.4035051588983,15.972863331635184,16.364355087280273,47409572
2019-05-24,16.364355839963537,16.520953146793325,16.051162719726562,16.051162719726562,28771742
2019-05-27,16.20776089323699,16.286058057416085,15.62052320135772,15.659671783447266,34941454
2019-05-28,15.816267013549805,15.894564167406774,15.659669718990903,15.816267013549805,14592998
2019-05-29,15.620522778562089,15.894565832616838,15.424776886567189,15.855417251586914,21191751
2019-05-30,15.855416344010674,16.325206756591797,15.855416344010674,16.325206756591797,21855256
2019-05-31,16.3252044640807,16.677546103971096,16.3252044640807,16.520950317382812,50495096
2019-06-03,16.207759526802153,16.36435533538083,16.12946087580154,16.325206756591797,15847814
2019-06-04,17.029891120986537,17.147338347274356,16.59925079345703,16.59925079345703,52019340
2019-06-05,17.186491291666044,17.303938537589442,16.912446722229603,16.951595306396484,39233336
2019-06-06,17.06903863560854,17.225635923188307,16.95159141663492,17.029890060424805,21799046
2019-06-10,17.22563560216957,17.303934244500272,16.951591100723306,17.147336959838867,22197587
2019-06-11,17.225639002705506,17.460533482646056,17.06904168713002,17.34308624267578,25403184
2019-06-12,17.343083066067,17.42138170951334,17.069038560716017,17.10818862915039,15472980
2019-06-13,16.951593821440827,17.147339711973455,16.755847930908203,16.755847930908203,18947741
2019-06-14,16.755848181542788,16.95159407500339,16.716699600219727,16.716699600219727,9041334
2019-06-17,16.67754794870057,16.91244389469872,16.560100722412752,16.59925079345703,9728476
2019-06-18,16.755847597027493,16.912444903702255,16.638400363732725,16.873294830322266,14592331
2019-06-19,17.3430859044103,17.57798187319204,17.264787248149723,17.460533142089844,47763011
2019-06-20,17.460533142089844,17.617130454611004,17.42138456067088,17.460533142089844,19276496
2019-06-21,17.538832395341792,17.89117561379622,17.303937911987305,17.303937911987305,59964697
2019-06-24,17.538829480721116,17.96947128653678,17.343083612647394,17.65627670288086,63353996
2019-06-25,17.695429456009283,17.85202527816209,17.34308624267578,17.34308624267578,38391810
2019-06-26,17.49968099424998,17.81287408609015,17.49968099424998,17.773725509643555,40192564
2019-06-27,18.243511746272898,18.40010901611941,18.04776590567588,18.086915969848633,52317371
2019-06-28,18.165216275659624,18.243513424362625,17.89117177493197,18.126066207885742,41494180
2019-07-01,18.75245516183118,18.86990238651492,18.439260571444553,18.55670928955078,51592264
2019-07-02,18.59585970077546,18.674158356094832,18.360965228239984,18.43926239013672,25015068
2019-07-03,18.47841289340732,18.55671155054407,18.16521975828299,18.24351692199707,27389692
2019-07-04,18.478410641954124,18.55670928955078,18.400111994357466,18.55670928955078,24774564
2019-07-05,18.67415776318876,18.86990364856092,18.595859110355377,18.79160499572754,58495710
2019-07-08,18.791604828902166,19.104797944032686,18.791604828902166,18.94820213317871,31665702
2019-07-09,19.0656494489528,19.574588449967436,18.869903564453125,18.869903564453125,83025676
2019-07-10,19.18309528391116,19.41798973083496,18.987349413667168,19.41798973083496,62857286
2019-07-11,19.61373653139362,20.161825591442632,19.496289302360985,19.966079711914062,108289945
2019-07-12,20.12267534402324,21.806089469669754,19.887779412016624,20.827360153198242,201767513
2019-07-15,21.414599717928162,22.667373657226562,21.29715248780512,22.667373657226562,209484560
2019-07-16,23.0197134879552,23.21545935348785,22.04098416029195,22.589073181152344,190204001
2019-07-17,22.00183629432783,22.54992383944695,21.88438906990391,22.275880813598633,88246280
2019-07-18,22.90226594332991,23.01971316230353,22.47162564261917,22.706520080566406,97115758
2019-07-19,23.215458948583994,23.372056235647854,22.58907278717337,22.784818649291992,80877258
2019-07-22,23.019716805888365,23.685253143310547,22.980568224508154,23.685253143310547,80643660
2019-07-23,24.037596134342795,24.820579702322398,23.841850242347896,24.663982391357422,120314768
2019-07-24,24.742280568682684,24.742280568682684,23.76355112762263,23.920146942138672,90874812
2019-07-25,24.429084931138025,25.446962847676087,24.155040417170866,25.36866569519043,125552853
2019-07-26,25.055473160465947,25.721007971552762,24.663981392333667,25.21207046508789,140957080
2019-07-29,25.29036594661151,25.446963240847253,24.859725627596934,24.9771728515625,55893685
2019-07-30,25.212070644329867,25.36866795006512,23.841849446125476,24.233341217041016,121473090
2019-07-31,24.546534906090503,24.7031307220459,23.646104110723453,24.7031307220459,92291182
2019-08-01,23.99844525843814,24.820578873414327,23.99844525843814,24.233341217041016,54541344
2019-08-02,23.724400657998622,23.724400657998622,22.471628189086914,22.471628189086914,128221735
2019-08-05,22.47162984461984,23.293762024589206,22.47162984461984,22.510778427124023,69245997
2019-08-06,21.179703764259525,22.784820887349603,21.179703764259525,22.667373657226562,65672737
2019-08-07,23.098014423542768,23.293760308488046,22.471628189086914,22.471628189086914,42580393
2019-08-08,22.823970231767344,22.941417465829574,22.001838099909133,22.15843391418457,56398702
2019-08-12,22.362949675719435,22.64913032683903,21.70882225036621,21.70882225036621,50809359
2019-08-13,21.42264539340145,21.954122909742484,21.3817615478003,21.46352767944336,45438555
2019-08-14,22.32206676041424,23.221491032863128,22.117652223928545,23.18060874938965,84667033
2019-08-15,22.485601248229905,22.771781939664688,22.403835113597207,22.5264835357666,53067818
2019-08-16,22.60824810605233,22.730896519735232,22.076770607053618,22.362951278686523,42218394
2019-08-19,22.77178138130767,23.139726638793945,22.77178138130767,23.139726638793945,40679312
2019-08-20,23.630322633305283,23.671206480710797,22.567367553710938,22.567367553710938,49287473
2019-08-21,22.69001599040367,22.771782125704373,22.322069161330155,22.40383529663086,26031791
2019-08-22,22.526482157178584,22.690014416436043,21.954122368895902,21.995004653930664,35801242
2019-08-23,22.11765442216242,22.649133517495297,22.076772134625724,22.5264835357666,31270246
2019-08-26,21.667940311599462,21.954120967249388,21.381759655949534,21.627058029174805,45558918
2019-08-27,22.035886429910967,22.403831639360664,21.954120307958014,22.199417114257812,30866388
2019-08-28,22.28118497635237,22.444717233030005,22.117652719674734,22.322067260742188,24500141
2019-08-29,22.403831632688345,22.444715473432176,22.03588642334823,22.117650985717773,18550404
2019-08-30,22.403835113597207,22.812664227201388,22.403835113597207,22.5264835357666,34268008
2019-09-02,22.85354807790107,24.734161376953125,22.649133521066748,24.734161376953125,133543124
2019-09-03,24.734160191420333,24.775042477003947,23.75296974182129,23.75296974182129,96396118
2019-09-04,23.834735518682034,24.325330736197866,23.79385323370538,24.16179847717285,50698786
2019-09-05,24.447979150687022,25.02034049771536,24.16179847717285,24.16179847717285,93770528
2019-09-06,24.529745101551736,24.97945647125651,24.366212843717715,24.61151123046875,67415179
2019-09-10,25.102108382955663,25.14299067079176,24.40709857282679,24.693279266357422,45159931
2019-09-11,24.97945452932375,25.02033837038349,24.44797707201966,24.529743194580078,38054443
2019-09-12,25.18387277816492,25.18387277816492,24.570629107661947,24.734161376953125,55559839
2019-09-16,24.815927334359277,24.89769346842088,24.32533208954895,24.775043487548828,37353745
2019-09-17,25.02033929393312,26.001528122198476,25.02033929393312,25.67446517944336,107589917
2019-09-18,26.001528122198476,26.655654007708716,25.67446517944336,25.67446517944336,103490155
2019-09-19,26.001529343179783,26.410358430711284,25.797114799414032,26.246826171875,96933577
2019-09-20,26.655656078315218,27.6368465423584,26.328594669713155,27.6368465423584,155939243
2019-09-23,27.51419795368174,27.963909311680336,27.06448347656484,27.432430267333984,78094399
2019-09-24,27.350666577862366,27.514198836687772,26.328593859101577,26.410358428955078,88941172
2019-09-25,26.042411970737138,26.36947491356723,25.674465185328827,25.837997436523438,59038802
2019-09-26,26.165062313988095,26.328594577274217,25.42917024831903,25.75623321533203,55059835
2019-09-27,26.042413896303124,26.451241435399943,25.71535092929012,25.75623321533203,88587589
2019-10-01,25.919763903524224,26.08329459731366,25.510934829711914,25.510934829711914,41557477
2019-10-02,25.183869683068735,26.53300684001383,25.10210511803131,26.492124557495117,78314086
2019-10-03,26.042413530809,26.65565561062726,26.042413530809,26.328594207763672,50854582
2019-10-04,26.573890857836,27.146252207828457,26.45124088315246,26.69654083251953,71553027
2019-10-07,27.064483642578125,27.47331271946975,26.941836790981633,27.064483642578125,63406140
2019-10-08,27.55508129794901,27.63684586832575,26.69654083251953,26.69654083251953,106754561
2019-10-09,26.49212453746856,26.533006819956366,26.001527790260194,26.083293914794922,72016735
2019-10-14,26.573890338447917,26.860069448291547,26.20594354070727,26.655654907226562,63840014
2019-10-15,26.77830577721746,26.900955753615463,25.878881454467773,25.878881454467773,68907665
2019-10-16,26.083295824123624,26.410358786644824,25.960647408123076,26.001529693603516,43950660
2019-10-17,26.205945751216536,26.737424850463867,25.878882769836164,26.737424850463867,45917402
2019-10-18,26.81918716430664,27.30978393434102,26.73742259552676,26.81918716430664,101339575
2019-10-21,26.900955027461613,27.06448416608675,26.61477279663086,26.61477279663086,42829612
2019-10-22,26.81918751123932,26.982719770032897,26.69654065648294,26.900955200195312,38244078
2019-10-23,27.146249587478273,27.309781831564877,26.819185099305063,27.02359962463379,57750742
2019-10-24,27.146251853180754,27.228016422489294,26.86006962236409,26.941837310791016,36801990
2019-10-25,26.941838039375305,27.309784849450843,25.878881454467773,25.878881454467773,137883651
2019-10-28,25.919765850126314,25.960648136754187,25.183872214350437,25.34740447998047,73341195
2019-10-29,25.5109367456105,25.797115871124156,25.183872214350437,25.34740447998047,36506480
2019-10-30,25.429168528490628,25.633583063993672,25.30652011910063,25.470050811767578,20092186
2019-10-31,25.592701314563783,25.63358516074405,25.306522189098235,25.429170608520508,24420368
2019-11-01,25.71535057222991,26.492126472714517,25.67446672719643,26.165061950683594,81845466
2019-11-04,26.492126660387367,26.573891231915102,25.756233040163867,25.797115325927734,40755759
2019-11-05,26.001528131110938,26.24682494837157,25.87887972248062,25.919763565063477,28808795
2019-11-06,26.04241196476732,26.124178090345886,25.63358289643364,25.67446517944336,20014052
2019-11-07,25.715351119568503,25.79711569225733,25.306522017887346,25.388286590576172,25158187
2019-11-08,24.89769226161432,24.89769226161432,23.752969559355886,24.202682495117188,95551370
2019-11-11,23.957386593822307,24.03915273241557,23.507675170898438,23.507675170898438,37301684
2019-11-12,23.793853061521375,24.366212844848633,23.793853061521375,24.366212844848633,22981100
2019-11-13,24.366214937195053,24.611513345021443,24.12091808892799,24.243566513061523,21096263
2019-11-14,24.24356496662081,24.366213382930884,23.712087456237672,23.75296974182129,17837683
2019-11-15,23.99826795276224,24.366213198913687,23.834735692544346,24.03915023803711,16559304
2019-11-18,24.447977823704914,26.165060212031293,24.447977823704914,26.04241180419922,103179069
2019-11-19,26.165061946772653,26.778305586150136,26.083295816277143,26.328594207763672,102438583
2019-11-20,26.36947802168638,26.819189426139477,26.12418117554093,26.737424850463867,77388494
2019-11-21,26.57389068260816,26.900955200195312,26.328593853976994,26.900955200195312,55118300
2019-11-22,26.98271959677418,27.228016423830272,26.61477279663086,26.61477279663086,43298328
2019-11-25,26.900955380410352,26.982719950795698,26.451240885935686,26.533008575439453,26058288
2019-11-26,26.86006962236409,27.06448416475383,26.655655079974355,26.941837310791016,39748309
2019-11-27,27.06448207703943,27.514196530901245,26.982717514038086,26.982717514038086,62808148
2019-11-28,27.228015730142047,27.636844804525918,27.10536887929787,27.432430267333984,58131770
2019-11-29,27.759493163464448,27.96390768879317,26.900952780907428,27.02359962463379,52566584
2019-12-02,27.228015904568718,27.55508041381836,26.696539975935956,27.55508041381836,47751688
2019-12-03,27.47331486495091,29.313045854633835,27.309785716718395,29.231281280517578,157966339
2019-12-04,28.945100436223633,29.39481180544281,28.536271351639222,29.026865005493164,78870670
2019-12-05,29.435694449288505,29.435694449288505,28.57715398500794,28.6180362701416,68795161
2019-12-06,28.945098363618033,29.435691982343155,28.740683835962873,29.067745208740234,61999287
2019-12-09,28.740688146731046,28.985984992885275,28.12744447178616,28.781570434570312,60782961
2019-12-10,29.10862905571316,29.803640358584616,28.945099920090065,29.31304359436035,79815455
2019-12-11,29.43569568888946,31.76602034994579,29.313045709205,31.643373489379883,178963862
2019-12-12,31.643371934810652,31.97043333270382,30.989246019905917,31.07101058959961,84439816
2019-12-13,31.23454358450834,31.47984041849107,29.844524033114908,29.926288604736328,93805907
2019-12-16,29.84452214611172,30.989244791144138,29.721872177316005,30.41688346862793,386294
2019-12-17,30.66217853603939,30.948357621395186,30.3351140506744,30.375999450683594,44847166
2019-12-18,30.416881702426934,30.621296225804645,29.88540269399765,30.048934936523438,37073530
2019-12-19,30.662176246224558,31.316302048987108,30.25334722960823,30.29422950744629,89511437
2019-12-20,30.41688710580648,30.621301665497224,30.08982256265383,30.4577693939209,37428163
2019-12-23,30.66218222580299,30.78483220235359,29.885406318925618,29.926288604736328,28853094
2019-12-24,30.04893858128693,30.21247084364824,29.72187405656431,29.926288604736328,21715393
2019-12-25,29.967171768837783,30.335115432739258,29.926286366965854,30.335115432739258,20369427
2019-12-26,30.58041764881423,30.703064506224834,30.089820861816406,30.089820861816406,24805158
2019-12-27,30.294232674143124,31.234540758299488,30.294232674143124,31.11189079284668,79553280
2019-12-30,31.111895526963288,31.193663222746675,30.49865184462189,30.580419540405273,40724541
2019-12-31,30.2533512166064,30.66218028710108,30.130701247810688,30.41688346862793,32447169
2020-01-02,30.948360615940672,31.643371934810652,30.621299218047508,31.07101058959961,72998501
2020-01-03,31.76601878935119,31.888668763010127,30.416884674694877,31.07101058959961,72591071
2020-01-06,31.39807646603271,32.256616961461724,31.234544200446578,31.847787857055664,123542783
2020-01-07,32.29749584898019,32.58367494429855,30.74394416809082,30.74394416809082,101521085
2020-01-08,30.171587509743404,31.561603893732272,30.13070210623449,31.479839324951172,69631645
2020-01-09,31.970432798273464,32.05220048571869,31.275424610139915,31.357189178466797,67056500
2020-01-10,31.479839853081387,31.643372112505492,30.907478504656222,31.030128479003906,34772033
2020-01-13,31.398078187929872,31.725139617919922,31.111895927680035,31.725139617919922,30759597
2020-01-14,31.806907103445894,32.420150789611675,31.60249254139063,32.09308624267578,61141970
2020-01-15,32.2157366228365,32.37926577919223,31.68425750732422,31.68425750732422,32829918
2020-01-16,31.684253025475016,32.665443420410156,31.561603056438766,32.665443420410156,71910194
2020-01-17,32.70632586503601,32.78809043205128,32.011317688051314,32.13396453857422,55748761
2020-01-20,32.297500595025504,32.624565139837784,32.21573601838176,32.46103286743164,29131095
2020-01-30,31.03012940068753,31.398076215541238,29.43569528240047,29.844524383544922,79692661
2020-01-31,30.907478331093827,31.398075106611177,30.335116985882784,31.07101058959961,67256206
2020-02-03,30.253352414808173,31.234542846679688,29.43569424143498,31.234542846679688,60895074
2020-02-04,29.844519540129077,31.438953399658203,29.72186958204299,31.438953399658203,58873016
2020-02-05,31.725138657644642,33.15604055822633,31.561606388040154,32.910743713378906,120991527
2020-02-06,32.91073974811807,33.44221878051758,32.78808978091257,33.44221878051758,67445747
2020-02-07,32.951622865853594,33.03339055243544,32.215732401326825,32.256614685058594,62861371
2020-02-10,31.520721959712944,32.2157332785512,31.234542846679688,31.234542846679688,86073489
2020-02-11,31.68425334637826,31.929550167816878,31.52072109237974,31.76601791381836,34219291
2020-02-12,31.97043489383254,32.2157348531285,31.643373479968837,31.80690574645996,31089916
2020-02-13,32.13396470553545,32.624561467531,31.76601791381836,31.76601791381836,52229534
2020-02-14,31.725132476368405,31.888664714110522,31.357185721228145,31.438953399658203,42451379
2020-02-17,31.152776689760593,31.888670329630248,31.071012116049985,31.643373489379883,34884800
2020-02-18,31.479837925868686,31.60248789270767,31.071008861896367,31.19365882873535,35999683
2020-02-19,29.27215779349244,30.089815849842047,28.250085223055425,28.904211044311523,211671796
2020-02-20,29.27216148238651,29.680990562082183,29.067746942538673,29.10862922668457,88574529
2020-02-21,28.985982375611542,29.640108279331745,28.985982375611542,29.27216148376465,49213358
2020-02-24,28.945098217251747,29.803638605238422,28.904212816632935,29.435691833496094,49540201
2020-02-25,29.10862922668457,29.55834370964449,28.82245011854494,29.10862922668457,50528843
2020-02-26,28.822450640989576,29.272162012982754,28.454503838770282,28.495386123657227,50713648
2020-02-27,28.863330535132263,28.98598049875242,26.941835232537414,26.982717514038086,109721998
2020-03-02,25.02033930250926,26.860068551082296,24.89769089387894,25.919763565063477,88957176
2020-03-03,27.473314845034043,27.5142002511811,26.860071182250977,26.860071182250977,60638618
2020-03-04,26.860069109034836,27.4733127244842,26.32859318044971,27.39154815673828,58098019
2020-03-05,27.88214266126202,28.740686244661003,27.841260376128357,28.6180362701416,65888662
2020-03-06,28.20920923564929,28.57715606689453,28.045676964082666,28.57715606689453,40736351
2020-03-09,28.57715310376405,28.781567642247172,27.39154815673828,27.39154815673828,75495261
2020-03-10,26.90095534401298,28.454504013061523,26.737423084345128,28.454504013061523,61293454
2020-03-11,28.45450548140482,28.658920036758474,27.105371287541857,27.309785842895508,46882209
2020-03-12,26.941836763967306,26.941836763967306,24.734159127142494,25.061222076416016,77115376
2020-03-13,22.64913078437324,24.161797074524387,22.56736465960745,23.793851852416992,80956299
2020-03-16,23.99826780829384,24.693277570697152,22.24030303955078,22.24030303955078,67385870
2020-03-17,21.1773457889447,22.485599141836083,20.72763442993164,20.72763442993164,78379653
2020-03-18,21.381760869199397,21.50440928299183,20.032625198364258,20.032625198364258,57693817
2020-03-19,19.62379575366224,19.86909257675935,18.029361724853516,18.029361724853516,86167950
2020-03-20,18.928786522333034,19.828210830688477,18.68348969258119,19.828210830688477,59392634
2020-03-23,18.80613938069581,19.214968497667456,18.233777993111776,18.31554412841797,48915939
2020-03-24,19.296733496703183,20.114391682499427,18.96967053429653,19.787328720092773,51119683
2020-03-25,21.259111085201763,21.749706268310547,21.259111085201763,21.749706268310547,35127858
2020-03-26,22.035887091657813,22.15853549849089,20.76851606222502,21.627058029174805,69451615
2020-03-27,22.69001517336363,22.894429724475017,21.136464896828965,21.17734718322754,63772156
2020-03-30,20.31880704109734,21.095581412916143,20.19615862023745,20.932050704956055,40199987
2020-03-31,21.3817601506808,21.58617468665205,20.60498584972554,20.850282669067383,30466220
2020-04-01,20.89116649975975,21.17734718322754,20.523221243494813,21.17734718322754,24135613
2020-04-06,21.74970782568425,21.913238525390625,20.850283518841973,21.913238525390625,50859820
2020-04-07,22.730896998382953,24.080034255981445,22.690014712814182,24.080034255981445,114953258
2020-04-08,24.81592475976628,26.287710341503008,24.61151022559944,25.67446517944336,147474393
2020-04-09,26.573889797800266,26.655654364915407,25.470050986595194,25.510934829711914,92577698
2020-04-10,25.51093465702678,25.837997601950892,25.347402404785157,25.551816940307617,38811816
2020-04-13,25.551817281459407,25.79711410353775,25.102105921129382,25.142988204956055,37999120
2020-04-14,25.347402404785157,25.87887988523173,25.30652012150432,25.551816940307617,51816422
2020-04-15,25.63358479764706,26.124180027946185,25.592700952045906,25.75623321533203,66685167
2020-04-16,25.756231142779974,26.042411800722686,25.59269889265296,25.96064567565918,53225324
2020-04-17,26.573889438614266,26.696539406747483,25.347402233755147,25.59269905090332,66996687
2020-04-20,25.470050651115127,26.00152812815892,25.265636116901426,25.837997436523438,30201660
2020-04-21,25.919763725609762,26.41035736316976,25.429168528490628,25.470050811767578,65508295
2020-04-22,25.34740359014141,26.533008575439453,25.30652130494874,26.533008575439453,76065554
2020-04-23,26.86007171397728,27.228018542754768,26.573892579994027,26.737424850463867,76654913
2020-04-24,27.146249318839757,28.20920421620653,26.900952514696364,27.923025131225586,133151600
2020-04-27,28.618039725889535,28.94510428469008,28.372742866348528,28.699804306030273,87898023
2020-04-28,28.781568891203673,28.82245117685069,27.841260725729953,28.20920753479004,65579485
2020-04-29,28.454506069097604,28.781570612065998,28.004794661855048,28.74068832397461,75363766
2020-04-30,29.967170503341656,30.253349589650565,29.435691492632984,29.5174560546875,143263270
2020-05-04,28.781567839729863,30.171587334776277,28.740685555576395,29.762758255004883,95024204
2020-05-05,30.212471376503753,30.580418193526537,29.558345434640202,29.80364227294922,85693344
2020-05-06,30.00805543172589,30.048937716359845,28.863332747264828,29.190397262573242,70905045
2020-05-07,29.231281270303715,29.72187495306698,28.945102141878237,29.394813537597656,47349017
2020-05-08,29.926289507404768,30.048939487654867,29.272163557347557,29.394813537597656,64904906
2020-05-11,29.680990915836954,29.803640888854805,29.272161831268626,29.35392951965332,45899556
2020-05-12,29.313046414718038,29.517460973032996,28.69980273977315,28.781570434570312,53659543
2020-05-13,28.495386476866333,28.618036452165846,27.882142838605635,28.250089645385742,69083637
2020-05-14,27.841260413386028,28.004792673257935,26.573890857836,26.69654083251953,102406262
2020-05-15,27.309784291141952,27.35066657606602,26.328593857372358,26.573890686035156,49704586
2020-05-18,26.573890686035156,27.268898887099482,26.083295469150357,26.573890686035156,49020078
2020-05-19,27.228016246442774,27.268898530832715,26.73742259552676,26.81918716430664,34230307
2020-05-20,26.982721162455015,27.268900290773022,26.819188895222485,26.860071182250977,27049761
2020-05-21,27.105371287541857,27.555082685496178,26.982721306682233,27.309785842895508,37295530
2020-05-22,27.514198129941732,28.045674058574495,27.473312726946787,27.55508041381836,75974959
2020-05-25,27.75949725212548,27.800379539389102,26.73742447494206,27.14625358581543,41663664
2020-05-26,27.228016598664063,27.309784287620054,26.737422941401736,26.900955200195312,40341322
2020-05-27,27.39154953235303,27.882143201703002,27.14625269767804,27.6777286529541,72955575
2020-05-28,27.677727971007595,27.882142514719966,26.860069796158115,26.900955200195312,73228684
2020-05-29,26.533008404618094,26.696540663454375,26.042413187668455,26.246826171875,63591649
2020-06-01,26.287710005911293,26.533006819956366,25.83799710074985,26.083293914794922,57660964
2020-06-02,26.001528131110938,26.45123948260848,25.7562313138503,25.919763565063477,44500800
2020-06-03,26.124179317086593,26.287711575922877,25.919764773320843,26.246826171875,30485418
2020-06-04,26.328594387945984,26.49212665005615,26.083295994780734,26.12417984008789,33590233
2020-06-05,26.246825658485182,27.30978376057027,26.20594337435537,27.1871337890625,89607481
2020-06-08,27.35066798394857,27.5142002511811,26.778306608193994,26.860071182250977,52390790
2020-06-09,26.45124089160634,26.4921262959262,26.083295646115772,26.205944061279297,45422319
2020-06-10,26.205943886945533,26.492126119688628,26.165061602016063,26.246826171875,25648628
2020-06-11,26.36947668138208,26.69654120569777,25.83799916870793,25.878881454467773,39104269
2020-06-12,25.020341504073425,25.429170608520508,24.69327853242761,25.429170608520508,40790192
2020-06-15,25.55181902794278,26.042414265191134,25.224756056296965,25.429170608520508,31575680
2020-06-16,25.919764771597265,26.819187516459394,25.919764771597265,26.410358428955078,53564244
2020-06-17,26.4921262959262,26.573890866329076,26.083295646115772,26.205944061279297,37171951
2020-06-18,26.124179317086593,26.369476145781814,25.919764773320843,26.246826171875,29056432
2020-06-19,26.53300684001383,26.941835903437408,26.451239155858183,26.492124557495117,50390866
2020-06-22,26.32859403600203,26.614773151530514,26.16506177607786,26.205944061279297,20475681
2020-06-23,26.451241252901767,26.451241252901767,25.674466906550084,25.878881454467773,22232920
2020-06-24,26.001529873865543,26.083296004952516,25.756233040163867,25.797115325927734,17209328
2020-06-29,25.142989931976786,25.551819036561774,25.142989931976786,25.26563835144043,22074833
2020-06-30,25.674467451681267,25.71535129786841,25.265638347165453,25.34740447998047,17475078
2020-07-01,25.51093466182677,25.960646016237146,25.51093466182677,25.715349197387695,21234613
2020-07-02,25.96064552739718,26.53300684001383,25.797113278204105,26.492124557495117,38056078
2020-07-03,26.69654084105181,26.819187696656122,26.16506177607786,26.205944061279297,31274877
2020-07-06,26.28771002578333,26.86006821928176,26.165060059108967,26.492124557495117,44685749
2020-07-07,26.81918593676305,26.982718185956124,26.492124557495117,26.492124557495117,49530115
2020-07-08,26.737422944849822,26.900955203664488,26.53300840111109,26.573890686035156,32275476
2020-07-09,26.655653843359584,26.696539245235474,26.00152796188245,26.04241180419922,50814089
2020-07-10,26.042414265191134,26.083296551812136,25.38828676234024,25.429170608520508,36347691
2020-07-13,25.71535056838619,26.328594207763672,25.510936021927026,26.328594207763672,29653318
2020-07-14,26.287710175913205,26.328592458665398,25.878879550595673,25.96064567565918,20107423
2020-07-15,26.205942662372617,26.287710347529053,25.837997436523438,25.837997436523438,18011278
2020-07-16,26.124177929273642,26.49212471232898,25.91976339636715,26.04241180419922,18356246
2020-07-17,26.246824777546596,26.369474744937786,26.00152796188245,26.04241180419922,19914243
2020-07-20,26.28771157417483,26.533008402853735,26.16506160027617,26.410358428955078,29234199
2020-07-21,26.81918963364054,26.86007192179465,26.328595937553896,26.369478225708008,30549196
2020-07-22,26.451242802016232,26.573892785597216,26.328595937553896,26.369478225708008,20093927
2020-07-23,26.492125942662007,26.655655081287144,26.36947596957477,26.61477279663086,39881691
2020-07-24,27.157412355201973,27.412012448548825,26.520910503126927,26.605777740478516,56815786
2020-07-27,26.733078342848156,26.81794558196387,25.926841999310827,25.969276428222656,31517142
2020-07-28,26.011710835941294,26.563345496010253,24.866007084285428,24.95087432861328,46359056
2020-07-29,24.44167227919948,25.205475853124742,24.44167227919948,24.82357406616211,36368973
2020-07-30,26.77551219790113,27.28471565246582,26.30874479261218,27.28471565246582,156161509
2020-07-31,27.114980247276925,27.242278678535325,26.648211239122993,26.902812957763672,78078798
2020-08-03,26.902813714272675,26.902813714272675,26.393611881380483,26.436044692993164,32048721
2020-08-04,26.7330785350819,26.7330785350819,26.011709425473022,26.139009475708008,31763704
2020-08-05,26.26631161926625,26.563344535612426,26.181444378006773,26.308744430541992,21932069
2020-08-06,26.520911271009986,26.563344081560416,26.054143880123394,26.096576690673828,31678823
2020-08-07,26.308743304876447,26.351176114336628,25.67224145072621,25.757108688354492,27666693
2020-08-10,25.926841760618892,26.181443475622068,25.757108902658043,25.884408950805664,15147808
2020-08-11,25.969276428222656,26.648211103732447,25.884409189106947,25.969276428222656,23182609
2020-08-12,25.969279589342417,25.969279589342417,25.50251052674235,25.672245025634766,17146248
2020-08-13,25.884410444236643,26.054144930698456,25.629810333251953,25.629810333251953,12049390
2020-08-14,25.54494303592596,25.75711033419992,25.502508605046355,25.714675903320312,10141302
2020-08-17,25.926841520356614,25.926841520356614,25.629808617000727,25.799541473388672,11639354
2020-08-18,26.01171094377139,26.139011001436856,25.714676396746594,25.841978073120117,16215616
2020-08-19,25.672243716353076,25.714676529558037,24.950874560912286,25.035741806030273,45657601
2020-08-20,24.781141405356212,24.823574218074832,22.744334020701586,23.974905014038086,49430239
2020-08-21,24.18707173446129,24.611406326293945,24.017337250245024,24.611406326293945,19570618
2020-08-24,24.696274010077246,25.205475853124742,24.696274010077246,24.82357406616211,17132441
2020-08-25,25.120609079462525,25.247909137928957,24.866007343821597,24.993309020996094,11836328
2020-08-26,25.120609079462525,25.120609079462525,24.823574530568806,24.993309020996094,9805514
2020-08-27,25.163040841928158,25.46007537841797,25.0781736002585,25.46007537841797,17359454
2020-08-28,25.587373733520508,25.757108205595785,25.460073688817996,25.587373733520508,15821662
2020-08-31,25.757110388744298,25.884410444236643,25.460075846790144,25.629810333251953,11981722
2020-09-01,25.629809835178623,25.672242646615448,25.247908057415195,25.50250816345215,12439340
2020-09-02,25.33277393811786,25.375206747275193,24.823572134690323,24.866004943847656,24478029
2020-09-03,25.120606363375334,26.139008339703317,25.035739127337695,25.587373733520508,51634727
2020-09-04,25.163040290192683,26.18144393048265,24.950873000024604,26.096576690673828,36628896
2020-09-07,26.393612879270865,28.260684178855172,26.35117844734582,27.70905113220215,168364570
2020-09-08,28.34555161749904,28.430417239665985,27.157413482666016,27.157413482666016,78673076
2020-09-09,26.860377914626454,27.751481481436876,26.60577782051372,27.66661262512207,45327045
2020-09-10,27.92121754260966,27.92121754260966,27.15741397947064,27.28471565246582,34265895
2020-09-11,27.284714675041336,27.878780494628124,26.90281290715275,26.98767852783203,39173871
2020-09-14,27.412014061136126,27.793915842330748,27.03011389864952,27.3271484375,39008020
2020-09-15,27.496882841712427,27.5393156534063,27.11498106163553,27.45444679260254,25130556
2020-09-16,27.83634526830673,28.048512539006346,27.369577920250695,27.49687957763672,52003990
2020-09-17,27.284716064944895,27.581748989869364,27.19984720252642,27.539316177368164,17426533
2020-09-18,27.66661461487176,27.70905066478904,27.284716064944895,27.539316177368164,15322640
2020-09-21,27.62418042111745,27.62418042111745,26.817945692951422,26.94524574279785,21651413
2020-09-22,26.77551037827546,26.817944805959407,26.22387576804737,26.478477478027344,18734249
2020-09-23,26.69064596649466,26.77551158828189,26.05414409084256,26.223876953125,17834755
2020-09-24,25.587375193849994,25.841976916493607,25.375207901000977,25.375207901000977,26339315
2020-09-25,25.460075482421338,25.629809966454015,24.356806192332947,24.653839111328125,33470420
2020-09-28,26.09657704357029,27.114980697631836,25.79954250957667,27.114980697631836,89651740
2020-09-29,27.114980671582543,27.45444639766629,26.563344415249503,27.157413482666016,64432799
2020-09-30,27.157413508756072,27.32714799066899,26.73307892268176,27.114980697631836,25612971
2020-10-05,27.327146829905153,27.539314113930168,26.563343312448765,26.605777740478516,36835766
2020-10-06,26.90281226185512,26.94524507117696,26.605777740478516,26.605777740478516,15953721
2020-10-07,26.690645852710613,27.24227886680788,26.563344183156506,27.072546005249023,32903356
2020-10-08,27.327147485380976,27.327147485380976,26.860378478105154,26.98767852783203,36669972
2020-10-12,27.24227816867391,27.412012644590973,26.733077978338564,26.775510787963867,29106613
2020-10-13,26.8603780259224,27.030112501839465,26.43604345483766,26.775510787963867,15401545
2020-10-14,26.860378290389775,27.242278436901472,26.81794548034668,26.81794548034668,15965240
2020-10-15,26.733079937979937,26.987680051810813,26.6057798810645,26.69064712524414,9850141
2020-10-16,26.56334474653921,26.945246525885356,26.393611881380483,26.436044692993164,15998629
2020-10-19,26.648211239122993,26.987678578602605,26.478478378737165,26.902812957763672,15631493
2020-10-20,26.94524571749239,27.284714675041336,26.817945667765514,26.98767852783203,21907986
2020-10-21,27.199848001260584,27.284716866171266,26.987680695108136,27.030115127563477,16480309
2020-10-22,26.987680695108136,27.15741518751333,26.860380635158286,27.030115127563477,12615955
2020-10-23,27.157415272563007,28.2182518066475,27.030115212214486,27.921218872070312,112571775
2020-10-26,28.303113464254505,28.85474967956543,27.83634610221527,28.85474967956543,144284813
2020-10-27,29.151782630870443,29.873153316753978,27.921215011415452,28.006080627441406,322431296
2020-10-28,28.387984731718134,28.769886510379383,28.09094857613005,28.260683059692383,83029533
2020-10-29,27.83634802808967,28.13338417896761,27.66661354721884,28.04851531982422,44937384
2020-10-30,28.00608265399933,28.133384324665712,27.157413482666016,27.157413482666016,46945469
2020-11-02,27.412012423565027,27.581746898113504,26.648210525512695,26.648210525512695,31405485
2020-11-03,26.94524571749239,27.199845816946144,26.733078428378278,26.98767852783203,27533370
2020-11-04,27.24227910483296,27.32714796441587,26.86037894895776,27.157413482666016,24184551
2020-11-05,26.987679026843153,27.114980697631836,26.73307892268176,27.114980697631836,21520525
2020-11-06,27.32714753679018,27.454445968048578,26.860378528636247,26.902812957763672,24376604
2020-11-09,27.157413508756072,27.242279131004548,26.945246215718914,27.114980697631836,23707333
2020-11-10,27.11498169933694,27.15741451202877,26.64821266618662,26.73307991027832,24176477
2020-11-11,26.605778939101054,26.690646180276016,26.308744404342683,26.351177215576172,33850047
2020-11-12,26.52091193492653,26.69064641879326,26.308744639447116,26.436044692993164,20225699
2020-11-13,26.47847769380509,26.605777740478516,25.96927588840347,26.605777740478516,22508013
2020-11-16,26.90281381816021,27.454446846087254,26.775512145414574,27.36958122253418,66021063
2020-11-17,27.96365109040753,28.812320299600987,27.92121827743108,28.557720184326172,137351718
2020-11-18,28.727451844652915,29.19422250627833,28.685019031073196,28.812320709228516,103865664
2020-11-19,28.939616210314536,29.321517968571204,28.8123177825062,29.279085159301758,75829146
2020-11-20,29.5336866031817,30.467224636887934,29.49125379197141,29.91558837890625,120847496
2020-11-23,30.552091041334375,32.079694945917886,30.127756443538065,31.146160125732422,164349095
2020-11-24,31.867526291822756,32.03726077120637,30.297489641710136,30.46722412109375,101396989
2020-11-25,31.146161194418994,31.570495806775067,30.127757477281182,30.679393768310547,75824141
2020-11-26,30.849123551685913,31.061290847742672,30.212621663515648,30.891559600830078,43916105
2020-11-27,32.24942639554419,32.843495423997894,31.485622896472897,32.37672805786133,184834114
2020-11-30,32.63133046383079,33.22539953449847,32.29186149847326,32.673763275146484,94657093
2020-12-01,33.522434177685135,33.777034296108376,32.54646328007721,33.6072998046875,113997092
2020-12-02,33.90433434949426,35.559239896074374,33.777032677674256,35.34707260131836,178503860
2020-12-03,36.110873402717466,36.15330621475271,34.45596783401472,34.88030242919922,119024290
2020-12-04,35.43193562733136,37.55360841938713,35.26220115648375,37.00197219848633,182072029
2020-12-07,38.19011412424035,39.80258690445249,37.214143246098885,37.72334671020508,160039740
2020-12-08,36.2806077751787,36.577640695915505,35.219771290524356,35.68653869628906,128523635
2020-12-09,35.983574747228396,36.74737507145416,35.85627307448276,36.492774963378906,71485806
2020-12-10,35.89870943662098,35.98357830598356,34.45597103162052,35.431941986083984,69959388
2020-12-11,36.15330956987604,36.280611255211745,34.5408399009831,35.431941986083984,58634966
2020-12-14,35.47437056019472,35.89870514401862,34.62570139254693,35.177337646484375,37336266
2020-12-15,35.34707324568263,35.389506057924166,33.989200592041016,33.989200592041016,42831413
2020-12-16,34.71057034230555,35.00760325679072,34.243799708948906,34.37110137939453,30161060
2020-12-17,34.583270025100155,35.00760462663513,34.031633748138255,34.965171813964844,37852844
2020-12-18,35.601670820238866,35.601670820238866,34.540834402695495,34.58326721191406,47364835
2020-12-21,34.45596888510701,34.880303493236,33.861903023659345,34.413536071777344,39798088
2020-12-22,34.15893725278534,34.922740871416615,32.97079900989587,33.055667877197266,63333824
2020-12-23,33.09809670381605,34.03163146972656,32.92836222708254,34.03163146972656,37789431
2020-12-24,34.116502678679595,34.710571769492105,33.52243358786709,34.24380111694336,55421883
2020-12-25,34.54083591318723,34.88030163919666,34.11650132761347,34.28623580932617,31026374
2020-12-28,34.79543424276124,37.42630724419882,34.75300143385079,37.17170715332031,163408434
2020-12-29,37.17171327555155,37.17171327555155,35.474374740253154,35.516807556152344,100978234
2020-12-30,35.72896812962602,36.70493889818568,35.13490234432785,35.94113540649414,74929240
2020-12-31,36.62007525139638,37.214141068636344,35.5592388100166,35.898704528808594,70895435
2021-01-04,36.110869546488146,36.238171206415544,34.54083300693393,34.710567474365234,68511838
2021-01-05,34.71057034230555,35.00760325679072,34.11650127591925,34.37110137939453,41086823
2021-01-06,34.498404712818356,34.75300482856651,32.843499104331165,33.2678337097168,80873401
2021-01-07,33.649730147629704,33.819461372843065,32.970792297113846,33.56486129760742,36083674
2021-01-08,34.371102848408384,34.88030307712207,34.03163387098853,34.158935546875,56760724
2021-01-11,34.11650427010702,34.11650427010702,33.52243515158306,33.86190414428711,33079239
2021-01-12,33.98919729929726,34.583266325375824,33.18296099514891,33.35269546508789,40812947
2021-01-13,33.52243277111893,34.07406903573666,33.31026547509919,33.73460006713867,27269603
2021-01-14,33.946766845900775,34.96517049876099,33.734599553113895,34.28623580932617,53261652
2021-01-15,34.583265840088465,34.71056750011029,33.60729507969638,33.90433120727539,60621719
2021-01-18,33.90433777843753,33.90433777843753,31.612930115845966,32.419166564941406,66474535
2021-01-19,32.84349775782525,33.0980978631354,32.54646160378341,32.673763275146484,31689796
2021-01-20,33.0980973823507,33.81946487648684,32.5040283203125,32.5040283203125,67600639
2021-01-21,33.09809956784102,34.32867058387219,33.09809956784102,33.6072998046875,49277051
2021-01-22,33.946763467728175,34.62569808959961,33.946763467728175,34.62569808959961,59280832
2021-01-25,34.6681326738108,36.28060531616211,34.540834246729894,36.28060531616211,99152444
2021-01-26,36.87467490866714,36.91710771833147,35.21976943243118,35.64410400390625,90477890
2021-01-27,35.89870572965014,36.02600740184042,34.20136736666511,34.540836334228516,62117063
2021-01-28,33.6072998046875,34.32867058387219,33.267834059261894,33.6072998046875,53457008
2021-01-29,34.37109904730603,34.54083351724501,33.18296099514891,33.35269546508789,38482416
2021-02-01,33.395136130796516,34.32867431640625,32.7586341468239,34.32867431640625,32823833
2021-02-02,34.54083733711831,34.92273912736162,33.90433543251816,34.158935546875,45985076
2021-02-03,34.4559684740553,34.71057182582824,33.8619026196947,34.158935546875,21973749
2021-02-04,34.158933186531065,34.41353328329533,33.86190027987541,33.9467658996582,16623008
2021-02-05,34.286234784057946,34.79543497655335,34.03163145039437,34.75300216674805,36428469
2021-02-17,36.49277469803444,36.49277469803444,35.092469257678346,35.34707260131836,62135527
2021-02-18,35.81384121895486,38.869049072265625,35.81384121895486,38.869049072265625,226157243
2021-02-19,38.86904802542184,39.63285158688638,37.85064435594113,39.3358154296875,162385565
2021-02-22,40.439091758005304,42.433463235087906,39.71772094055902,40.05718994140625,169431810
2021-02-23,39.46311757224959,40.014753844032406,38.78418286365108,39.505550384521484,77279099
2021-02-24,39.59041797771912,40.73612005942404,38.74174880981445,38.74174880981445,94567586
2021-02-25,39.97231573946917,41.07558822631836,39.67528283141955,41.07558822631836,116815054
2021-02-26,39.71772094055902,40.439091758005304,39.50555362438358,40.05718994140625,104274488
2021-03-02,41.37262243275517,41.37262243275517,38.19011301485093,38.27497863769531,99043821
2021-03-03,38.359846212660344,38.572013500078356,36.83224239073381,37.51117706298828,63824170
2021-03-04,37.08684622435558,37.08684622435558,35.389507754018176,35.559242248535156,94908210
2021-03-05,34.49840446830307,35.09247032169949,34.201368304188776,34.24380111694336,72618359
2021-03-08,35.00760481010979,35.13490648620391,33.9892011136052,34.07406997680664,56182845
2021-03-09,34.371101431474536,34.583268724261416,33.81946517526226,34.28623580932617,47457931
2021-03-10,34.66813507586617,35.771407611504806,34.58326945193213,35.6016731262207,56291076
2021-03-11,36.0684393990355,36.87467575073242,35.941137729719586,36.87467575073242,62770541
2021-03-12,37.76577753711162,38.274977737027655,37.29901014761926,37.850643157958984,94204110
2021-03-15,37.8506461631967,37.8506461631967,37.12927861647172,37.34144592285156,35597213
2021-03-16,37.68091008187678,37.72334289023475,36.78980491928075,37.00197219848633,44247493
2021-03-17,37.04440925310234,37.29900934759949,36.66250749264869,37.25657653808594,27195010
2021-03-18,37.680913374921786,37.85064462318695,37.34144440355938,37.63847732543945,28200326
2021-03-19,37.6809105210269,38.27497631979342,37.383874384227845,37.977943420410156,74064883
2021-03-22,38.020377637069636,38.06281044749332,37.21414128935598,37.850643157958984,38039255
2021-03-23,38.1476804132443,38.27497884821103,37.25657841881317,37.29901123046875,41060148
2021-03-24,37.21414147321496,37.8930793930119,36.62007564951653,36.87467575073242,39852550
2021-03-25,36.91711151483447,37.08684600836292,36.365475220221036,36.45034408569336,24674719
2021-03-26,36.57764043056539,37.4687456611434,36.57764043056539,37.38387680053711,25590737
2021-03-29,37.68091470878864,38.274980573578134,37.171711233719726,38.232547760009766,60009214
2021-03-30,38.44471471117947,38.784183691432126,37.51117987160886,37.89308166503906,64465615
2021-03-31,37.72334618698808,38.317415268164275,37.51117888924058,37.63847732543945,37016290
2021-04-01,38.27497530948657,38.99634599060085,38.06280803340867,38.44470977783203,100666755
2021-04-07,38.86905008588918,38.91148289990526,38.19011534938338,38.48714828491211,31113574
2021-04-08,38.61444703694108,39.20851610037721,38.57201422614192,38.91147994995117,46146020
2021-04-09,39.25094691660904,41.712088666887055,38.784179546705495,40.48151779174805,164705584
2021-04-12,40.73611986105047,40.82098548246128,39.378250493981824,39.717716217041016,98281449
2021-04-13,39.97231907544021,40.65125704321444,38.020380511629696,38.147682189941406,81140581
2021-04-14,38.572014420161544,38.69931285319935,37.256577854275065,37.93551254272461,67268065
2021-04-15,38.1901096940217,38.69930986164237,38.06280803340867,38.44470977783203,39947616
2021-04-16,39.420682386046565,40.60881724518992,39.293380719480986,40.01475143432617,131617280
2021-04-19,40.31178575880984,40.60881867469784,39.50554939615045,39.887451171875,66349567
2021-04-20,39.88745122433884,41.075589364285534,39.33581496563159,39.80258560180664,76300798
2021-04-21,39.54798412647146,40.22692208844622,39.50555131320207,39.84502029418945,42054779
2021-04-22,40.31178203619188,40.439083695482964,37.42630581652976,38.10524368286133,72273185
2021-04-23,38.40228153167561,39.71771815212824,38.23254704316842,39.67528533935547,46789566
2021-04-26,40.31178561258125,41.28775645395749,40.22691999046851,40.7785530090332,116838791
2021-04-27,40.86342461852863,41.37262486030437,40.354221139336715,41.245323181152344,102673999
2021-04-28,40.48151975940209,40.60881819151831,39.67528340633561,39.717716217041016,126263884
2021-04-29,39.8450179746125,39.97231640700999,38.86904713915201,38.91147994995117,55043009
2021-05-03,39.03878119289731,39.97231596993501,38.444712135957,38.65687942504883,66475586
2021-05-04,39.33581128140201,39.590414599984186,35.941134899406904,38.10524368286133,75720378
2021-05-05,37.8506424806103,38.31741309916556,35.64410400390625,35.64410400390625,65743667
2021-05-06,36.068438695207746,36.323038791455446,34.37110040366856,34.75300216674805,50924681
2021-05-07,35.389509309147584,37.08684785407153,35.347076493007755,36.57764434814453,64289963
2021-05-10,36.74737411537427,37.12927588625898,35.64410485080862,36.15330505371094,41344302
2021-05-11,34.455965655342766,34.88030022369633,33.09809633157771,33.69216537475586,67256474
2021-05-12,33.437563435196815,33.8618979801236,30.339919962265032,31.273454666137695,73016015
2021-05-13,29.873154815863113,32.546460703822575,29.745853148020135,32.249427795410156,48533060
2021-05-14,33.39513029466183,34.24379945831185,32.41916269891387,32.5040283203125,47672972
2021-05-17,29.703420690261243,31.825093596708477,29.321518919617557,29.618555068969727,49166902
2021-05-18,30.50965526865833,32.54645919799805,30.339920798526084,32.54645919799805,49933440
2021-05-19,32.546461656278,33.225399588088116,31.740228527731464,32.588897705078125,34798587
2021-05-20,32.33429244931544,32.63132858626619,31.74022665024553,31.909957885742188,23501975
2021-05-21,32.631330879638014,33.09809828489045,31.99482898954397,32.92836380004883,22271038
2021-05-24,32.50403151202717,33.60730088562391,32.122129703400844,33.140533447265625,23068038
2021-05-25,33.692168076301535,35.21977199737935,33.52243358786709,34.24380111694336,53754637
2021-05-26,35.00759982609468,35.55923602741152,34.455963624777844,34.62569808959961,35225442
2021-05-27,34.37110185044681,34.75300362960164,34.03163288288341,34.540836334228516,19805201
2021-05-28,35.55923928001635,36.87467583723072,35.3046359407873,36.06843948364258,80862613
2021-05-31,36.45033694196761,36.53520255339134,35.686533489491815,35.81383514404297,35832966
2021-06-01,36.620076636124544,38.02037884924645,36.36547329063327,36.492774963378906,69265629
2021-06-02,37.25658478329868,37.426316058915916,36.195748123608126,36.70494842529297,46172797
2021-06-03,36.91711575723107,37.044417451360566,36.365479399225364,36.70494842529297,32900897
2021-06-04,36.662507120840836,36.70493992992406,35.856270798596334,36.19573974609375,25893349
2021-06-07,36.238180942512436,36.74738124419728,35.2197771017262,36.70494842529297,24743298
2021-06-08,37.25657655274196,37.38387498133269,36.49277303153421,36.53520584106445,24730771
2021-06-09,36.49277162131756,36.620073282404725,35.856269790713185,35.94113540649414,16975274
2021-06-10,36.23817470038825,37.4687456611434,36.1957418887931,37.38387680053711,52861793
2021-06-11,37.468744252987854,38.4447118326612,37.171708108153105,37.51117706298828,76166717
2021-06-15,38.23254492660397,38.48714502656199,37.63847586842465,37.850643157958984,30655591
2021-06-16,37.76577672708023,38.105245678020324,36.95954039665939,37.25657653808594,23278918
2021-06-17,37.34144347630028,38.020378164749815,37.1717089948339,37.93551254272461,24082318
2021-06-18,38.57201479248263,38.741749275587395,38.06281134316836,38.27497863769531,44853249
2021-06-21,37.85064329252995,38.02037777224406,36.917108510226235,36.95954132080078,32816395
2021-06-22,37.341442736568276,37.46874440450021,35.81383890846457,35.898704528808594,35054693
2021-06-23,36.06844176955667,36.53520919203241,35.5592415336588,36.365474700927734,49732375
2021-06-24,37.426306721829796,38.74174644160444,37.256575488556976,38.529579162597656,114386240
2021-06-25,38.95391859861118,39.4631188370257,38.10524937630956,38.147682189941406,77328896
2021-06-28,38.48714593222226,38.57201479248263,37.55361113127008,38.27497863769531,29983368
2021-06-29,38.52958454832464,38.95391916565237,37.596046447753906,37.596046447753906,34591555
2021-06-30,38.0628127320341,38.784183502197266,37.596045314526236,38.784183502197266,33029792
2021-07-01,38.529580690077935,38.572013500078356,37.34144258557069,37.51117706298828,31078791
2021-07-02,37.55361113127008,38.44471312080007,37.25657821389875,38.27497863769531,27050747
2021-07-05,38.48714456975832,38.869046333870514,38.105246043062,38.317413330078125,21607402
2021-07-06,38.31741770680567,38.52958501805617,37.72334858782104,37.76578140258789,14377905
2021-07-07,37.850647032121586,38.14768321032203,37.4687484618037,37.76578140258789,15142352
2021-07-08,38.27498077595638,38.402282454750754,37.299013109058826,37.34144592285156,36007398
2021-07-09,36.74737507145416,37.341444148573764,36.323040478856726,36.492774963378906,37631605
2021-07-12,36.959540411198574,37.12927488673539,36.53520584106445,36.53520584106445,19557602
2021-07-13,36.959543132753836,38.44471423758541,36.78980864471844,37.72334671020508,92816665
2021-07-14,37.171707696265635,37.55360945686951,36.450340222003966,36.53520584106445,43351946
2021-07-15,36.57764434814453,36.78981166626003,36.36547703002904,36.57764434814453,24813853
2021-07-16,36.78980539829465,37.511176099435524,36.704939780473744,37.17170715332031,34301059
2021-07-19,36.91710813424268,36.91710813424268,36.49277355798702,36.62007522583008,18414297
2021-07-20,36.280605861118865,36.280605861118865,35.47436952783305,35.64410400390625,31770566
2021-07-21,36.06843971911772,36.11087253012761,34.03163241648351,34.37110137939453,46586617
2021-07-22,35.05003507280106,35.43193683588055,34.32866759386325,34.75300216674805,33501273
2021-07-23,35.5592388100166,36.28060629518849,35.30463547415274,35.898704528808594,34181546
2021-07-26,35.8987058862593,36.66250944790108,35.686538589960584,36.492774963378906,31278482
2021-07-27,36.91710961020909,37.17170971865836,36.068440423767505,36.40790939331055,31413286
2021-07-28,36.06843918909273,36.49277376778794,34.54083535327316,34.92273712158203,59824373
2021-07-29,35.30463418860921,35.30463418860921,34.45596506640787,35.13490295410156,28375957
2021-07-30,34.837870545540824,36.06844155185194,34.7530049192088,35.21977233886719,36472355
2021-08-02,35.898707536815955,37.46874754406361,35.81384190936091,37.42631149291992,86508794
2021-08-03,37.044409700957864,37.044409700957864,36.36547179086953,36.7898063659668,41051876
2021-08-04,37.256578833063394,37.596044567498474,37.04441153501045,37.553611755371094,38556261
2021-08-05,37.59604302891131,38.61444666537132,37.21414126056182,38.57201385498047,84193320
2021-08-06,39.463118986649945,40.73612282492898,37.34144592285156,37.34144592285156,242493944
2021-08-09,37.08684785407153,37.2565823560472,36.45034589972505,36.57764434814453,35100990
2021-08-10,36.704945701314216,37.0868475179441,36.06844375273651,36.23817825317383,27937630
2021-08-11,35.98357395044467,35.98357395044467,34.79543582251439,35.262203216552734,44926942
2021-08-12,34.83786536127291,35.00759982609468,34.37109801107478,34.62569808959961,35773762
2021-08-13,34.45597085814344,34.49840691131924,32.37673374918192,32.419166564941406,86565065
2021-08-16,32.03726242955501,32.801066007610174,31.57049501515067,32.20699691772461,37202739
2021-08-17,32.20699691772461,32.20699691772461,32.20699691772461,32.20699691772461,0
2021-08-18,31.655358151692436,33.73459818410805,31.57049253298806,33.69216537475586,48460353
2021-08-19,33.01323569782312,33.098101329342086,32.29186488024664,32.419166564941406,27317561
2021-08-20,32.54646218256618,32.801065529819994,31.867527477193427,32.037261962890625,18654552
2021-08-23,32.546462018509196,33.14053109674684,32.4615963947964,32.92836380004883,15326813
2021-08-24,33.22539948118648,33.395130726176916,32.3342942579068,32.758628845214844,19027258
2021-08-25,32.8859281008175,33.47999712689606,32.67376082274771,33.35269546508789,16963149
2021-08-26,33.649737400527016,33.73460303142572,32.9707994036722,33.31026840209961,14729563
2021-08-27,33.352697449299626,33.60729755064684,33.01323172664198,33.225399017333984,15628557
2021-08-30,33.564865636078196,33.692167308858366,33.22539990435778,33.64973449707031,16278220
2021-08-31,33.777035612871444,34.20137023925781,33.52243548452288,34.20137023925781,22923691
2021-09-01,34.20136858129683,35.389506772548444,34.11650295510005,35.30463790893555,30608023
2021-09-02,34.795433089373034,35.134902024235636,34.37109853950263,34.710567474365234,24064717
2021-09-03,35.09247066195302,35.559241319027535,34.92273940928897,35.21977233886719,21451011
2021-09-06,35.47437013143625,35.47437013143625,34.880301073779776,34.92273712158203,17791855
2021-09-07,35.050037848787014,35.43193964211338,34.66813605546065,35.21977233886719,26868323
2021-09-08,35.52574802371621,35.65683733962142,33.95264956225716,33.9963493347168,43819655
2021-09-09,33.9963493347168,34.43332038871663,33.90895312362209,33.9963493347168,14825697
2021-09-10,34.127435088921935,35.13246974176123,34.127435088921935,35.00137710571289,18462599
2021-09-13,35.001381306308524,35.21986683672721,34.47701736683353,34.520713806152344,10292430
2021-09-14,34.69550127765375,34.69550127765375,34.08374115427369,34.127437591552734,8985176
2021-09-15,34.17113179820023,34.2148315664511,33.20979690551758,33.20979690551758,20809818
2021-09-16,33.47197920401677,33.603071842523434,33.20979726082772,33.384586334228516,8174322
2021-09-17,32.77282400538062,33.16609856021,32.33585301864221,32.46694564819336,39996745
2021-09-22,31.199732799572523,32.1610677502469,30.63166911628574,31.811492919921875,28058596
2021-09-23,32.02998094726153,32.37955580496104,31.37452433852214,31.680402755737305,18731192
2021-09-24,31.81149403860682,32.24846509224799,31.76779426618305,32.20476531982422,10530996
2021-09-27,32.204763477668166,32.903919790561,32.029977733269334,32.7728271484375,11963753
2021-09-28,32.59804003748121,32.860222003726314,32.24846519376259,32.6854362487793,8105838
2021-09-29,31.81149403860682,32.99131454990815,31.81149403860682,32.20476531982422,14617471
2021-09-30,32.24846509224799,32.46695061906857,31.898886915805228,32.20476531982422,10117857
2021-10-01,32.161069264413946,32.64173676238131,31.63670532732674,31.724098205566406,14700623
2021-10-04,32.11737096880933,32.16106740540338,30.850154304635648,30.981246948242188,12495557
2021-10-05,30.63167060311295,31.156037874789366,30.0636102260776,31.068641662597656,11607563
2021-10-06,31.156034416615924,31.33082015394972,29.714028746842402,29.845121383666992,21060190
2021-10-07,30.19469838072039,30.893851382204065,30.063609068218472,30.76276206970215,13356487
2021-10-08,32.02997897522384,32.20476472639995,30.981247799044677,31.112337112426758,35738336
2021-10-12,30.587974163929402,31.461916282898816,30.50058128556231,31.068641662597656,13333439
2021-10-13,31.068638884543088,31.199731524196476,30.194696843718674,30.282093048095703,15941899
2021-10-14,30.7627623442517,31.068640743310542,30.32579129769649,31.024944305419922,13537691
2021-10-15,31.461915899553205,31.724097865284566,31.287126811124107,31.54930877685547,14454296
2021-10-18,31.811493564949277,31.986279316743616,31.199733432195536,31.593008041381836,9902185
2021-10-19,30.23839515531091,31.11233725036411,29.888820317584344,30.937551498413086,35873364
2021-10-20,30.76276365883143,31.33082404333332,30.369489033361106,31.156038284301758,26179877
2021-10-21,31.418217626400292,32.11737060546875,31.28712498427679,31.4619140625,23460495
2021-10-22,31.855185599994776,32.55433851201142,31.63670010662557,32.46694564819336,27704281
2021-10-25,32.161066695778956,32.59803771972656,31.76779210746124,32.59803771972656,18228260
2021-10-26,32.94761657031187,33.77786220016348,32.55434197366381,33.60307312011719,51914812
2021-10-27,33.20979874617604,33.86525530037688,32.90392035441209,33.29719161987305,61344091
2021-10-28,33.60307685512342,34.520715460082165,33.38459131423682,34.2585334777832,50032231
2021-10-29,34.60810834290689,34.87029365903063,34.171137261133694,34.2585334777832,29863072
2021-11-01,34.6954990870537,35.350955606328675,34.65180265253355,35.17616653442383,33469875
2021-11-02,35.56944407198505,35.74423315843163,34.12743827608145,34.47701644897461,31849143
2021-11-03,34.95768414075688,35.21986610504764,34.21483468629562,34.82659149169922,21689146
2021-11-04,35.2635653027418,35.30726507839678,34.345926689008984,34.43332290649414,19325516
2021-11-05,34.52071414206259,34.782896114351296,34.30222860951789,34.69550323486328,14476078
2021-11-08,34.913986420500876,35.48204676663747,34.65180446583596,35.2635612487793,19843322
2021-11-09,35.83162491816036,36.44338503474749,35.83162491816036,35.91901779174805,33418578
2021-11-10,36.00641149680857,36.7929573059082,35.525744057832526,36.7929573059082,39998344
2021-11-11,36.88035709697396,37.361024582735475,36.74926444911876,37.09884262084961,42981641
2021-11-12,37.404722621863236,37.92908990190516,37.186237088635266,37.49211883544922,40247365
2021-11-15,38.14757401085983,38.278663325607475,37.2299321385036,37.44841766357422,30026100
2021-11-16,37.666902035904236,37.97278376193676,37.44841651752005,37.710601806640625,20800518
2021-11-17,38.2349657172329,38.62824031708933,37.44841651752005,37.710601806640625,40631657
2021-11-18,37.710602034275425,37.754298471451136,36.749263747287344,37.404720306396484,33057387
2021-11-19,37.71060427820603,37.797997157757685,36.880358587166654,37.01144790649414,19496111
2021-11-22,37.05514400844605,38.45344994566788,37.05514400844605,38.1475715637207,48704681
2021-11-23,38.36605984628385,38.67193825032723,37.623207054739886,38.278663635253906,34292818
2021-11-24,38.58454635253519,38.62824279224705,37.62320800975103,37.66690444946289,22758484
2021-11-25,38.06017887950767,38.103875318995634,37.18623675444974,37.31732940673828,16672830
2021-11-26,37.40472293240382,37.40472293240382,36.26859881695102,36.53078079223633,23389746
2021-11-29,35.962715063051505,37.05514257609895,35.613136925346645,36.7929573059082,21050576
2021-11-30,37.36102365598054,37.797994692892594,37.01144549292112,37.055145263671875,24916514
2021-12-01,37.0114460451167,37.57950973510742,36.61817477308796,37.57950973510742,16055533
2021-12-02,37.579511964388026,38.01648303374138,36.88035892018761,37.18623733520508,22218733
2021-12-03,37.49211630058393,37.49211630058393,36.9677490559948,37.055145263671875,19195260
2021-12-06,36.355991308382734,37.142540559646285,36.355991308382734,37.01144790649414,14496499
2021-12-07,37.09883937099062,37.14253580517304,36.61817192733558,36.96774673461914,12667873
2021-12-08,37.14253650174171,37.27362914057169,36.61817261407037,36.661869049072266,19344772
2021-12-09,36.7055658273903,36.83665846744642,36.18120193481445,36.18120193481445,15840368
2021-12-10,36.13750216557953,36.26859480563565,35.65683470841428,36.18120193481445,11279383
2021-12-13,36.13750238243152,36.53077697113551,35.87532043457031,35.87532043457031,6326553
2021-12-14,35.6568306762351,35.6568306762351,35.00137421772408,35.04507064819336,14843752
2021-12-15,35.0013769015697,35.48204434123642,34.87028760011016,35.30725860595703,10601819
2021-12-16,35.56944274902344,35.787928265499225,35.394653669077925,35.56944274902344,9046847
2021-12-17,35.39465389302397,35.48204676663747,35.13247193835905,35.2635612487793,9022515
2021-12-20,35.263560327266426,35.700531351563775,35.13247102027183,35.21986389160156,6127727
2021-12-21,35.5257450536539,36.093805376067344,35.4820452848477,36.006412506103516,10138795
2021-12-22,36.57447318733418,36.7492622628009,36.006412859347726,36.18120193481445,13847536
2021-12-23,36.31228983162192,36.39968603287525,35.962715028081185,36.13750076293945,7431801
2021-12-24,36.268595377604164,36.35598824980358,36.00641342718154,36.05010986328125,5992783
2021-12-27,36.13750365767378,36.22489986592784,35.91901813777533,36.093807220458984,5054645
2021-12-28,36.181204115788816,36.44338607788086,36.13750434391971,36.44338607788086,8869417
2021-12-29,36.5744743347168,36.61817410532263,36.31229238020393,36.5744743347168,7299943
2021-12-30,36.79295962810659,37.14253778787517,36.487081238677376,36.88035583496094,22563564
2022-01-03,36.88035607033481,37.05514515133463,35.91901779174805,35.91901779174805,17436115
2022-01-04,36.09380432922489,36.35598626533649,35.87531882682786,36.13750076293945,9114262
2022-01-05,36.13750182757663,36.705565484074164,35.919016318742855,36.661869049072266,12295659
2022-01-06,36.09380756481866,36.61817481787244,35.87532204283571,36.26859664916992,12160234
2022-01-07,36.1812037972532,36.35598954789275,35.5257472308814,35.61314010620117,11535384
2022-01-10,34.95768138083551,35.482045268018325,34.95768138083551,35.350955963134766,9995956
2022-01-11,35.263564550466455,35.307264325189195,34.52071505372629,34.739200592041016,14279238
2022-01-12,34.78289160151515,35.00137710571289,34.34592059311968,35.00137710571289,10180710
2022-01-13,35.088775634765625,35.962717709516205,35.0013794269959,35.088775634765625,13912218
2022-01-14,35.04507681264532,35.04507681264532,34.34592380068354,34.47701644897461,12630437
2022-01-17,34.73919484609951,35.4820442199707,34.65180197875849,35.4820442199707,7701303
2022-01-18,35.52574410888047,35.919015347083295,35.17616597067329,35.30725860595703,7015805
2022-01-19,35.08877274387351,35.6568330453654,35.00137654330418,35.132469177246094,6275162
2022-01-20,35.13246974176123,35.26355904398533,34.91398423756348,35.00137710571289,6472628
2022-01-21,34.782892504451745,34.87028870869411,34.30222504950382,34.389617919921875,10380736
2022-01-24,34.214833586542206,34.25853002354872,33.38458794812056,33.777862548828125,19187113
2022-01-25,33.384586561595036,34.477014110509636,33.384586561595036,33.734161376953125,16043733
2022-01-26,35.00137748566375,36.57447246619906,34.95768105111471,35.83162307739258,76803215
2022-02-07,36.661868669121404,36.96774704478896,35.61313757082311,35.83162307739258,39313819
2022-02-08,36.05010793056562,36.88035350724652,35.87531886171319,36.7929573059082,25300368
2022-02-09,37.01144514450585,37.05514491484523,36.53077767519235,36.88035583496094,17294888
2022-02-10,37.142540648754604,37.57951171521054,36.9677515554073,37.49211883544922,35176940
2022-02-11,37.404716541531926,38.409751164536836,37.317323675976766,38.06017303466797,47584649
2022-02-14,37.66690318864484,37.66690318864484,36.924053736934546,37.44841766357422,20849982
2022-02-15,37.84169368831917,38.06017922154714,37.22993352851593,37.49211883544922,17990015
2022-02-16,38.23496372024448,38.322356589503904,37.579507199326,37.79799270629883,20388386
2022-02-17,38.27866213024111,39.3273932845952,38.23496569335644,39.021514892578125,89558893
2022-02-18,38.759330718877194,39.458487064446985,38.58454496630928,39.41478729248047,48880611
2022-02-21,39.32739037076553,39.37108680441265,38.80302649935167,39.065208435058594,24390773
2022-02-22,38.75932705685476,38.803026824692466,37.66689953739634,38.58454132080078,28359700
2022-02-23,38.5845460533028,39.15260643280083,38.40975696198624,38.62824249267578,16434450
2022-02-24,38.01648263480707,38.191271727479155,37.22993338469499,37.66690444946289,36165444
2022-02-25,38.147572134311,38.890421549479164,37.97278305608779,38.0164794921875,20518384
2022-03-01,38.497149840732206,38.84672802336532,38.278664310042664,38.62824249267578,17544957
2022-03-02,38.40975373504154,38.62823924737531,38.01647914607589,38.49714660644531,11712938
2022-03-03,39.06521062770237,39.327392578125,38.540843393032745,39.327392578125,33162257
2022-03-04,38.89042085007538,39.32739187086275,38.671935339681696,38.977813720703125,16979460
2022-03-07,38.40975221923231,38.40975221923231,36.880353693252374,37.92908477783203,29226692
2022-03-08,37.57950678488219,38.234963298572,36.31229019165039,36.31229019165039,25154728
2022-03-09,36.79296056839921,36.924053215118775,36.00641468955528,36.26859664916992,13689493
2022-03-10,37.14253778787517,37.31732686775947,36.79295962810659,36.88035583496094,13161544
2022-03-11,36.618173534050584,36.618173534050584,36.00641342718154,36.05010986328125,14538402
2022-03-14,36.48708251592545,36.530778953970035,36.09380790587512,36.44338607788086,10887053
2022-03-15,36.31229181370387,36.31229181370387,35.3946533203125,35.3946533203125,15662851
2022-03-16,35.919015347083295,36.093804416186885,34.95768046774985,35.30725860595703,11088947
2022-03-17,36.26859446640661,36.661869049072266,36.00641252257094,36.661869049072266,14944715
2022-03-18,36.83666065896374,37.09884262084961,36.4870824872329,37.09884262084961,13458992
2022-03-21,37.18623515159015,37.273631360623625,36.83666031692968,36.92405319213867,7739522
2022-03-22,36.83666031692968,37.01144606734766,36.661871232687204,36.92405319213867,4649600
2022-03-23,37.27362844154452,37.31732487572693,36.79295766406525,36.96774673461914,7001587
2022-03-24,36.836659623054096,36.8803560598355,36.268595943422525,36.5744743347168,8752211
2022-03-25,36.137502735480666,36.35598824980358,35.83162434895833,36.05010986328125,11245910
2022-03-28,36.050108941085426,36.181201579855454,35.65683435859964,36.006412506103516,7438009
2022-03-29,36.26859336133659,36.26859336133659,35.35095491895918,35.4820442199707,11796774
2022-03-30,35.78792791285862,36.00641342718154,35.17616780598958,35.3946533203125,11725521
2022-03-31,35.48204162053404,35.569437815296546,35.04507064819336,35.04507064819336,12424608
2022-04-01,34.87028998369413,35.307261019410475,34.52071182159128,35.2635612487793,12591884
2022-04-06,34.9576839363343,35.00138037448981,34.34592380068354,34.47701644897461,13861948
2022-04-07,34.25852861429479,34.65180319882466,34.17113241005242,34.389617919921875,11064264
2022-04-08,35.001378155031034,35.13247079500944,34.65180333812916,34.87028884887695,12306791
2022-04-11,34.95768613035574,35.04507901215173,34.56441149462429,34.739200592041016,13361520
2022-04-12,34.651802604045386,35.132470050742924,33.734160811285065,33.86525344848633,14265014
2022-04-13,34.25852875201828,34.87028884887695,33.646768655159605,34.87028884887695,11243874
2022-04-14,34.9576819303391,34.9576819303391,33.90895080566406,33.90895080566406,12876875
2022-04-15,33.69046471231169,33.86525378571248,33.384586334228516,33.384586334228516,9459462
2022-04-18,33.34089025233131,33.734161504366504,32.99131210182857,33.55937576293945,6295379
2022-04-19,33.82155828395237,34.2148328764985,33.73416207792858,34.083740234375,8095656
2022-04-20,34.78289230716647,35.350955963134766,34.47701392861388,35.350955963134766,17732960
2022-04-21,35.30725881188426,35.30725881188426,34.870287803488786,35.00137710571289,8777969
2022-04-22,34.608105051669725,35.08877586296818,34.52071217715608,34.782894134521484,6537249
2022-04-25,34.17113512823511,34.21483490074459,33.34089279174805,33.34089279174805,12808605
2022-04-26,33.55937504857904,33.69046435185891,33.035007833986846,33.20979690551758,10580512
2022-04-27,32.335856119791664,33.82155828395237,32.335856119791664,33.42828369140625,24827553
2022-04-28,33.51567785538169,33.55937762699007,32.77282841158229,32.99131393432617,17362885
2022-04-29,33.603071842523434,34.214831932514066,33.25349369572185,33.384586334228516,15122754
2022-05-03,33.559377257012734,33.559377257012734,33.122406216342384,33.471981048583984,7212029
2022-05-04,33.55937576293945,33.734161504366504,33.34089025233131,33.55937576293945,4795536
2022-05-05,34.2585334777832,34.520715460082165,33.952651720247104,34.2585334777832,10345190
2022-05-06,33.42828552875884,33.646771055090596,33.25349644092852,33.51567840576172,8461648
2022-05-09,33.25349261703425,33.64676718597279,32.8602180480957,32.8602180480957,7760032
2022-05-10,32.423250577713894,33.16610336303711,32.117372176231974,33.16610336303711,6527071
2022-05-11,33.03500711582663,33.07870354930332,32.510643246458024,32.8602180480957,6083401
2022-05-12,32.641736476217964,33.34089283130435,32.55434359874445,32.6854362487793,6759488
2022-05-13,33.29718977437082,33.34088954262169,33.035007833986846,33.20979690551758,4750446
2022-05-16,33.69046749359204,33.90895301992379,33.42828552875884,33.51567840576172,6523577
2022-05-17,33.60307471935203,34.08374221198694,33.55937828071696,33.9963493347168,5954651
2022-05-18,34.34592636060793,34.56441190149452,34.21483703637084,34.2585334777832,7240056
2022-05-19,33.6030764595694,34.739200592041016,33.559380018671405,34.739200592041016,11921251
2022-05-20,34.913988084475925,34.913988084475925,34.21483506077354,34.345924377441406,7614201
2022-05-23,34.3896208163307,34.56440990571244,34.17113528805966,34.345924377441406,4101309
2022-05-24,34.433320042214405,34.433320042214405,33.82155990600586,33.82155990600586,5122834
2022-05-25,33.99634644227992,34.214831950690915,33.646768295292624,34.040042877197266,3750353
2022-05-26,34.389617906301886,34.389617906301886,33.734161376953125,33.734161376953125,3014353
2022-05-27,34.12743667047471,34.171133106574416,33.90895115615179,34.083740234375,3473411
2022-05-30,34.38962023883905,34.6955019735767,34.08374183792594,34.47701644897461,8915183
2022-05-31,34.433320927514714,34.69550289725221,34.171135623952594,34.520713806152344,5706048
2022-06-01,34.65180829596922,34.73920117924242,34.477019195598004,34.60810852050781,5310773
2022-06-02,34.913987102169486,35.83162562832511,34.8702906645096,35.61314010620117,24792556
2022-06-06,35.8316247020295,35.8316247020295,35.00137907265662,35.56944274902344,9605829
2022-06-07,35.3946533203125,35.74423147675891,35.35095688421279,35.3946533203125,4111708
2022-06-08,35.13247079500944,35.219863665778824,34.520710698150765,34.87028884887695,17026657
2022-06-09,34.56441024547115,34.826592215208656,34.520713806152344,34.520713806152344,4451320
2022-06-10,34.08374207181973,34.25853115946577,33.86525654571832,34.17113494873047,6052018
2022-06-13,33.29718977437082,33.603071483005664,33.20979690551758,33.20979690551758,9081623
2022-06-14,32.9039201337564,33.69046599322813,32.77282749026558,33.60307312011719,8928227
2022-06-15,33.47198210780279,33.646771196367006,33.29719301923856,33.34089279174805,6580121
2022-06-16,33.646767553637616,34.08373856082772,32.947614608898306,33.03500747680664,7016141
2022-06-17,32.5106436017082,33.03500747680664,31.98627639278556,33.03500747680664,18027336
2022-06-20,33.035012079208975,33.035012079208975,31.898887968995968,32.07367706298828,9401194
2022-06-21,32.42324864338265,32.59803771972656,31.89888474817526,32.59803771972656,8565085
2022-06-22,32.4232506776544,32.4232506776544,30.893851997881562,31.19973373413086,13829824
2022-06-23,31.3308214203765,31.680399576822914,30.63166844130804,30.80645751953125,7424607
2022-06-24,30.937550161654748,31.724096012922622,30.937550161654748,31.4619140625,6595222
2022-06-27,31.811496903246184,32.33586088130497,31.680404241819055,32.16107177734375,5706043
2022-06-28,32.073674524697765,32.24846360485738,31.59300705462714,31.636703491210938,2761774
2022-06-29,31.46191657079409,31.986280513444136,31.287127478635863,31.898887634277344,4361175
2022-06-30,31.287126266588146,31.330822704478766,30.063609336528266,31.024944305419922,15551545
2022-07-01,30.675364190762274,30.675364190762274,28.359419791074693,28.40311622619629,16840322
2022-07-04,28.8400889013992,29.014877985748335,28.053539688740333,28.14093589782715,7343033
2022-07-05,28.752693679721094,28.840086547851563,26.742626041390235,27.310688018798828,22780871
2022-07-06,27.00480894010785,27.22329445202929,25.693895868579194,25.956079483032227,25169980
2022-07-07,26.218261437671043,26.611536026000977,25.693895875535187,26.611536026000977,9487432
2022-07-08,27.223296028971458,27.703965183189272,26.96111406624339,27.092205047607422,13523202
2022-07-11,27.48547965861179,27.48547965861179,27.004810504393976,27.092205047607422,8145100
2022-07-12,26.742628248452444,26.742628248452444,25.562806095287495,25.606502532958984,19213469
2022-07-13,26.53773495246624,27.468883547289618,26.444619737778904,27.00330924987793,12692340
2022-07-14,27.04986690003231,27.37576927464024,26.258391988016697,27.23609733581543,11122869
2022-07-15,27.096425064724617,28.213802337646484,26.81707941447537,28.213802337646484,11211011
2022-07-18,28.213801859906642,28.63281944017283,27.981014709986535,28.35347557067871,8634193
2022-07-19,27.934456787109376,29.191507697734284,27.934456787109376,29.098392486572266,8973508
2022-07-20,29.517412368077892,30.355444006308407,29.470853870826147,29.889869689941406,14815691
2022-07-21,29.79675527849178,30.16921614029294,29.70364006304149,30.122655868530273,8229615
2022-07-22,30.262330760160776,30.308887481689453,29.796756440773688,30.308887481689453,7071141
2022-07-25,30.169216885697168,30.215773606560102,29.56396885832866,29.982986450195312,5928380
2022-07-26,29.98298504427617,29.98298504427617,29.33118032660822,29.377737045288086,6193871
2022-07-27,30.960692924984585,31.798728139262913,29.796757100737043,30.588232040405273,35106304
2022-07-28,30.72790533212515,30.72790533212515,29.9364304034814,30.262331008911133,14106032
2022-07-29,30.355443968724195,30.681348121007666,30.122656810828914,30.40200424194336,8738195
2022-08-01,30.49511573227324,30.914133300073235,29.8898677396677,30.821016311645508,9939512
2022-08-02,30.3554442590203,30.3554442590203,29.796756495548827,29.843313217163086,10211694
2022-08-03,29.70364127629522,30.029543655670302,29.65708455468096,29.843313217163086,5233479
2022-08-04,29.750199540371835,29.982986698665744,29.470853884804097,29.936429977416992,7308056
2022-08-05,30.35544226772574,30.82101655742736,30.308885549165566,30.774459838867188,8777776
2022-08-08,30.588229628902713,31.24003434950467,30.448559472234415,31.193477630615234,10752886
2022-08-09,30.541674443265237,30.541674443265237,29.75019952626139,29.889869689941406,17812747
2022-08-10,29.424297135961744,29.424297135961744,28.95872281981053,29.005279541015625,15603221
2022-08-11,29.42429663383096,30.4951171875,29.42429663383096,30.4951171875,15376977
2022-08-12,30.495116432084647,31.19347787709422,30.262329283748123,31.146921157836914,12300809
2022-08-15,31.28659131560883,31.33315158691613,31.007247448015,31.146921157836914,6472371
2022-08-16,31.286592046490828,31.379709039230725,30.774461018596647,30.960691452026367,6650205
2022-08-17,30.727906011439675,30.914136455252393,30.40200539880512,30.541675567626953,9772449
2022-08-18,30.44856071472168,30.44856071472168,29.98298640272915,30.44856071472168,7994558
2022-08-19,30.634790612969073,31.19347835674752,30.495116900999438,31.007247924804688,6673137
2022-08-22,30.727902892426464,30.914133317336,30.588229185731834,30.867576599121094,2224000
2022-08-23,30.681349037575224,30.727905760135076,30.448561872725715,30.588232040405273,3382648
2022-08-24,30.68134835801919,30.68134835801919,30.122657043524583,30.308887481689453,5992890
2022-08-25,30.541673429120713,30.72790385989371,30.355442998347716,30.634790420532227,2813144
2022-08-26,30.96069097412973,31.3797085548663,30.91413425450345,31.100364685058594,10119276
2022-08-29,30.355443954467773,30.4951176699594,30.07610007553466,30.355443954467773,5805267
2022-08-30,30.35544372109311,30.495117435510913,30.07609984430761,30.44856071472168,3248718
2022-08-31,30.308886034761862,30.774460331922718,30.262329315455776,30.681346893310547,3621939
2022-09-01,30.63479256555845,30.63479256555845,30.355445123814235,30.541675567626953,2988305
2022-09-02,30.44856026061113,30.634790693040724,30.076099395751953,30.076099395751953,4256600
2022-09-05,30.169216934964815,30.215773655903778,29.424296967765958,29.517412185668945,5218038
2022-09-06,29.610526426607976,29.703641647023744,28.86560821533203,28.86560821533203,6009432
2022-09-07,28.586263408699846,28.819050564223378,28.167245818347464,28.63282012939453,4871498
2022-09-08,28.865607150765353,30.26233007741529,28.586263275845383,30.029542922973633,10643955
2022-09-12,30.262330760160776,30.541674641382997,30.122657043524583,30.308887481689453,4139218
2022-09-13,30.402003463150226,30.49511690310304,29.610525015351108,29.65708351135254,6693768
2022-09-14,28.819050158437925,29.284624462929493,28.679376446270435,29.191509246826172,5534114
2022-09-15,29.470853236344745,29.56396845281847,29.14495086669922,29.14495086669922,4408156
2022-09-16,29.19150932172312,29.610525131225586,29.0518373852223,29.610525131225586,6728035
2022-09-19,29.65708197751944,29.70363869508798,29.051835769003723,29.098392486572266,4094156
2022-09-20,29.377738019871018,29.4242965161204,28.958722209776802,29.14495086669922,3024727
2022-09-21,29.051837064997784,29.47085286988164,28.7724914190502,29.238065719604492,5723582
2022-09-22,28.95872188594304,29.005278605646758,28.446589089077037,28.772491455078125,7355271
2022-09-23,28.77249299491626,29.238067320970003,28.586264330109827,28.86560821533203,3839727
2022-09-26,28.400031482510386,28.493146695035083,27.56199812183802,27.60855484008789,9034727
2022-09-27,27.561998697083254,28.16724492708842,27.28265305367895,27.934457778930664,6640249
2022-09-28,28.306918542038115,28.306918542038115,27.049867512119995,27.096426010131836,6523558
2022-09-29,27.422327868904233,29.14495141389791,27.375769371780716,28.58626365661621,12919787
2022-09-30,27.422327931716538,29.005279541015625,27.04986705797551,29.005279541015625,13891865
2022-10-03,28.44659061147362,29.14495210055423,28.26036194666719,28.86560821533203,5282689
2022-10-04,29.4242969197148,29.982986450195312,29.4242969197148,29.982986450195312,9401634
2022-10-05,30.35544445273386,30.588231614340867,29.889870129519842,30.262331008911133,10932894
2022-10-06,30.262329131364822,30.308885850387696,29.517410970848914,29.796754837036133,6095311
2022-10-07,29.61052582457543,30.169217135710902,29.563969103326677,29.936429977416992,5310840
2022-10-11,29.377737729347423,29.424296225136374,28.120688535471,28.306917190551758,8873682
2022-10-12,28.49314743670695,29.284624099731445,28.353475502296742,29.284624099731445,7024384
2022-10-13,29.051838464276276,29.331182347653414,28.260361760007594,28.446590423583984,6906057
2022-10-14,29.331182604322564,30.3554447030185,29.238067383706994,30.215774536132812,13479082
2022-10-17,29.610525759962762,30.355443954467773,28.912164286604913,30.355443954467773,9676147
2022-10-18,30.681346893310547,30.821017051228807,30.262329315455776,30.681346893310547,12016816
2022-10-19,30.634789987647764,30.727903425693512,29.796754837036133,29.796754837036133,11592383
2022-10-20,29.470853884804097,29.936429977416992,29.144951507987606,29.936429977416992,12971086
2022-10-21,29.796755563910036,30.029542716753085,29.470853194724764,29.610525131225586,3430536
2022-10-24,30.16921712140172,30.541674443265237,29.843312968714734,29.889869689941406,6518643
2022-10-25,29.8433112199771,30.122655083018476,29.331180212392926,29.42429542541504,6048872
2022-10-26,28.213801397816464,28.30691661146445,27.375768027034535,27.981014251708984,26639692
2022-10-27,27.88790105970911,28.120688207866866,27.748227349994462,27.934457778930664,12360313
2022-10-28,27.748228678628333,27.748228678628333,26.63085137958412,26.723966598510742,20042384
2022-10-31,27.049866610447378,27.748228073120117,26.91019467311784,27.748228073120117,12996974
2022-11-01,27.65511458919807,28.446589491508337,27.51544087606093,28.213802337646484,8351006
2022-11-02,28.306918052843542,28.400033271232928,28.02757417370046,28.120689392089844,5804825
2022-11-03,27.701672217228225,28.539705643384732,27.701672217228225,28.446590423583984,6686044
2022-11-04,28.30691866886252,29.005280157943133,28.30691866886252,28.86560821533203,7667368
2022-11-07,29.238065741784773,30.634790420532227,29.19150902210403,30.634790420532227,17668748
2022-11-08,30.5416737008009,30.72790413323049,29.889868963322364,30.076099395751953,10221398
2022-11-09,30.448561198325645,30.634791636490515,30.122657043524583,30.308887481689453,8219973
2022-11-10,30.12265632011508,30.4951171875,30.029542879293892,30.4951171875,4725772
2022-11-11,32.124625227186414,32.21773866209745,31.33315037429307,31.4262638092041,18360295
2022-11-14,31.47282052665962,31.65905094853154,31.007246248004744,31.4262638092041,11753400
2022-11-15,31.426266213029464,31.565939928129644,31.05380534079573,31.333152770996094,9304486
2022-11-16,31.47282097989252,31.891838547126056,31.37970754364058,31.752164840698242,13645804
2022-11-17,31.65905311971482,31.705609840363206,31.240035529779163,31.379709243774414,7286392
2022-11-18,31.4728218745253,32.59020090156022,31.42626515507593,32.45052719116211,23139398
2022-11-21,32.49708630619779,32.68331317736806,31.79872488315958,31.84528160095215,14650184
2022-11-22,31.7521645961206,32.310855865478516,31.472820737466584,32.310855865478516,10406713
2022-11-23,32.35741258324587,32.77643014725184,32.21773887789392,32.310855865478516,12444897
2022-11-24,32.49708795813314,32.59020139845155,31.984953380231712,32.35741424560547,6372007
2022-11-25,32.40396931856276,32.49708630619779,31.659051177731985,31.84528160095215,7558250
2022-11-28,31.51937843189337,31.845282570463088,31.240034564583603,31.61249542236328,5701196
2022-11-29,31.42626403671925,31.84528160095215,31.146920177913945,31.84528160095215,5833533
2022-11-30,31.65905327254772,32.26430130004883,31.65905327254772,32.26430130004883,8725565
2022-12-01,32.63675666899404,33.288561378422074,32.4505262445789,32.72987365722656,17140603
2022-12-02,33.00921751782432,33.38167481460469,32.63675666899404,32.72987365722656,11713992
2022-12-05,33.14888857139312,33.940367008616974,32.96266169397575,33.381675720214844,20995385
2022-12-06,33.19544845247689,33.19544845247689,32.12462615966797,32.12462615966797,18652834
2022-12-07,31.79872440573709,32.03151154325479,31.472820281982422,31.472820281982422,12181994
2022-12-08,30.914134933190372,31.65905311971482,30.448560622606333,31.379709243774414,12487607
2022-12-09,31.333151555053515,31.75216557999317,31.240034564583603,31.61249542236328,8036895
2022-12-12,31.42626424144521,32.35741281156211,31.286590535107713,32.21773910522461,10531616
2022-12-13,32.45052768592387,32.63675811861076,32.12462709275938,32.35741424560547,9726363
2022-12-14,32.49708767285609,32.96266197446119,32.403970681305054,32.869544982910156,9376112
2022-12-15,32.72987697186801,33.05577758356189,32.590203251399046,32.82299041748047,6541871
2022-12-16,32.17118332241588,33.055775200153946,32.07806988351714,32.45052719116211,32498587
2022-12-19,32.17118401532572,32.96266247121208,31.845283420110803,32.776432037353516,33592318
2022-12-20,32.63675811861076,33.05577570414371,31.984953380231712,32.35741424560547,33878548
2022-12-21,32.35741375226337,32.45052719116211,31.89183945366965,32.45052719116211,33676637
2022-12-22,32.59019923133848,32.77642965164181,32.0780682395417,32.403968811035156,23672247
2022-12-23,31.98495429599425,32.63675905303514,31.659053693498887,32.59020233154297,15875980
2022-12-26,32.590199741782925,32.590199741782925,31.79872488315958,31.84528160095215,7979939
2022-12-27,31.89183973399882,32.403970756543536,31.89183973399882,31.938396453857422,4894396
2022-12-28,31.752166797573196,31.891840512609054,31.193479041530022,31.286592483520508,7193319
2022-12-29,31.007246248004744,31.798724652947946,30.82101582613282,31.4262638092041,6300351
2022-12-30,31.752164383442572,31.89183808785898,31.379707091748585,31.4262638092041,5260057
2023-01-03,31.24003337349243,31.89183807373047,31.193476656057538,31.89183807373047,3010115
2023-01-04,31.891838318744718,32.078068741964884,31.705607895524555,31.84528160095215,2382800
2023-01-05,32.2177388953426,32.49708630619779,31.79872488315958,31.84528160095215,6278978
2023-01-06,31.845283219754098,32.35741424560547,31.798726499594896,32.35741424560547,5491192
2023-01-09,32.54364488304284,32.776432037353516,32.357414449184276,32.776432037353516,8242530
2023-01-10,32.776432037353516,32.96266247121208,32.590201603494954,32.776432037353516,4748070
2023-01-11,32.77643276956182,32.86954621254616,32.59020233154297,32.59020233154297,3978522
2023-01-12,32.729874379943354,32.822987818182035,32.403970242008015,32.543643951416016,3123260
2023-01-13,32.63675717064399,32.72987416030779,32.03151272205413,32.12462615966797,3773710
2023-01-16,32.078067779541016,32.264298197173794,31.93839407830399,32.078067779541016,2900427
2023-01-17,32.171182387128745,32.26429937537038,31.984951962695387,32.21773910522461,3795473
2023-01-30,33.14888812617881,33.33511855314497,32.68331383478838,33.0557746887207,13566469
2023-01-31,33.14889071328463,33.335121154785156,32.822990104696395,33.335121154785156,9026452
2023-02-01,33.47479537658719,33.521352099648865,32.91610404369621,33.242008209228516,5667410
2023-02-02,33.474792852869825,34.87151575172072,33.381675861716424,34.731842041015625,24828062
2023-02-03,34.499053239547756,34.87151408222959,34.03347896222039,34.68528366088867,11903938
2023-02-06,34.26626781254654,34.359384803893285,33.70758007266617,33.80069351196289,6516984
2023-02-07,33.70758222391355,33.940369389062056,33.70758222391355,33.7541389465332,3363663
2023-02-08,33.98692537395283,34.2197125340484,33.89381193073467,33.94036865234375,3624927
2023-02-09,33.9869275360557,34.21971471096019,33.89381408691406,33.89381408691406,2445281
2023-02-10,33.84725220487392,33.84725220487392,33.335121154785156,33.335121154785156,4903083
2023-02-13,33.288565171212404,33.38167861800407,32.82299083315349,33.14889144897461,3551335
2023-02-14,33.61446473037795,34.17315604971662,33.38167756866605,33.847251892089844,6249271
2023-02-15,31.845282940198945,32.869544982910156,31.845282940198945,32.869544982910156,16806100
2023-02-16,32.63675855631601,32.8695457122841,32.63675855631601,32.68331527709961,6868900
2023-02-17,32.59020017855613,32.77643060427216,32.49708674172309,32.636756896972656,3275102
2023-02-20,32.63675832394708,32.96266247121208,32.49708816259072,32.776432037353516,3795863
2023-02-21,32.77643060427216,32.8695440411052,32.636756896972656,32.636756896972656,3660010
2023-02-22,32.450526247753835,32.450526247753835,32.03151223284115,32.21773910522461,4488469
2023-02-23,32.40397146266823,32.450528183541365,32.26430130004883,32.26430130004883,3762868
2023-02-24,32.31085491356954,32.31085491356954,31.93839407830399,32.078067779541016,6866550
2023-03-01,31.752166022372972,31.938396453857425,31.47282215117131,31.938396453857422,6038672
2023-03-02,32.124624956605075,32.68331266546524,31.984951253365125,32.403968811035156,7893136
2023-03-03,32.59020131784719,33.521349926928536,32.54364459780314,33.2885627746582,19256696
2023-03-06,33.474794684375134,33.52135140647409,32.86954664093816,32.91610336303711,8083578
2023-03-07,32.962661029988176,32.962661029988176,32.59020017855613,32.636756896972656,8124459
2023-03-08,32.49708938598633,32.54364610819113,32.31085894511688,32.49708938598633,6630091
2023-03-09,32.68331266546524,32.82298636870519,32.403968811035156,32.403968811035156,4701456
2023-03-10,32.217739126057744,32.264299396233625,31.659051404446302,31.752164840698242,7587720
2023-03-13,31.472821467701365,31.6590518951416,31.240034321413557,31.6590518951416,5620953
2023-03-14,31.472823169618135,31.472823169618135,31.240036010742188,31.240036010742188,4820042
2023-03-15,31.47282291955161,31.519379640546852,31.240035762525267,31.286592483520508,3429078
2023-03-16,31.193478605801005,31.379709039230725,30.821017738941556,30.960691452026367,4616840
2023-03-17,31.24003292081483,31.84528089484775,31.24003292081483,31.565937042236328,10395262
2023-03-20,31.75216436937594,32.031511778085,31.565937499636377,31.89183807373047,2333845
2023-03-21,32.17118193038967,32.264298917309304,31.798724638860687,31.89183807373047,3106607
2023-03-22,32.03151225355387,32.12462568980581,31.752164840698242,31.752164840698242,2988576
2023-03-23,31.752165086406162,31.891838793914815,31.612494930947445,31.705608367919922,4167052
2023-03-24,32.12462544235921,32.40396930101323,32.0315120068245,32.310855865478516,7718632
2023-03-27,32.310855865478516,32.40396930101323,32.0315120068245,32.310855865478516,3776300
2023-03-28,32.264298449789784,32.35741188331033,31.426263339905713,31.565937042236328,7354962
2023-03-29,31.752166561011588,31.798726833710074,31.286592250427546,31.379709243774414,3497677
2023-03-30,31.938396660072506,32.543644678292345,31.938396660072506,32.35741424560547,13489522
2023-03-31,32.72987388585563,33.52134875508631,32.45052647125664,32.636756896972656,29041605
2023-04-06,32.59020093627223,32.59020093627223,31.75216577709094,31.984952926635742,11715392
2023-04-07,32.12462566588984,33.10233095400694,32.12462566588984,32.72987365722656,11455928
2023-04-10,32.776431331407714,32.962661761255205,32.40397047171274,32.45052719116211,6497751
2023-04-11,32.869543811500485,33.00921751782432,32.68331338708535,32.72987365722656,8870355
2023-04-12,32.776432037353516,32.91610219870987,32.54364488304284,32.776432037353516,5000081
2023-04-13,32.77643233375355,32.77643233375355,32.26430130004883,32.26430130004883,6916103
2023-04-14,32.40397146266823,32.450528183541365,32.12462758537931,32.26430130004883,3785128
2023-04-17,32.26429914771116,32.310855865478516,31.938395019239906,32.310855865478516,4803148
2023-04-18,32.31085731682633,32.49708774831078,31.938396453857422,31.938396453857422,5303315
2023-04-19,32.07806971856289,32.07806971856289,31.56593870315332,31.61249542236328,7369048
2023-04-20,31.612494686320336,31.984951983377993,31.47282097989252,31.752164840698242,4562692
2023-04-21,31.752166561011588,31.891840275006842,31.286592250427546,31.379709243774414,10068116
2023-04-24,31.51937723015163,31.93839479116536,31.426263795281848,31.89183807373047,12317924
2023-04-25,32.124627478159994,32.124627478159994,30.63479110289146,30.914134979248047,24245761
2023-04-26,30.541673742597773,30.727904175282223,29.238066041881716,29.610525131225586,26908412
2023-04-27,29.843313407608477,30.35544445273386,29.843313407608477,30.262331008911133,15830783
2023-04-28,30.448560762924895,30.588230925513702,29.982986450195312,29.982986450195312,9505751
2023-05-02,30.2157749549924,30.681349288499064,29.98298778823907,30.541675567626953,5720821
2023-05-03,30.35544376914891,30.35544376914891,29.84331273555639,29.982986450195312,8609725
2023-05-04,30.0295433543875,30.448560948812236,30.0295433543875,30.355443954467773,8699200
2023-05-05,30.169217565088406,30.402004726695417,29.9364304034814,30.262331008911133,7371261
2023-05-08,30.448561448606778,30.49511817051814,30.169217565088406,30.262331008911133,5073295
2023-05-09,30.82101828451475,31.100365715629195,30.262330526386137,30.40200424194336,11883213
2023-05-10,30.40200354051625,30.40200354051625,30.02954267565707,30.076099395751953,5609399
2023-05-11,30.262329751170956,30.262329751170956,29.65708351135254,29.65708351135254,6641727
2023-05-12,29.889868638511693,29.936428910150664,29.657083264541907,29.70363998413086,7726522
2023-05-15,29.703641710759733,30.402004977363955,29.424297824938133,30.215774536132812,9057779
2023-05-16,30.262330815791778,30.40200453268473,29.843313217163086,29.843313217163086,8158514
2023-05-17,29.936429729332374,30.122656612784116,29.84331273555639,29.982986450195312,7262324
2023-05-18,30.215772839305487,30.634790420532227,30.169216119624746,30.634790420532227,11238499
2023-05-19,30.588232290567564,30.63479256555845,30.308888400873624,30.541675567626953,6996051
2023-05-22,30.72790459150718,30.77446131229641,30.40200399393245,30.44856071472168,5332937
2023-05-23,30.44856212174573,30.774462734380286,30.16921823205179,30.541675567626953,9610547
2023-05-24,30.588230148801458,30.72790385989371,30.308886278666975,30.634790420532227,6038182
2023-05-25,30.681347140212967,30.72790385989371,30.495116709439973,30.634790420532227,4023936
2023-05-26,30.774460331922718,30.96069076119706,30.63479017400446,30.681346893310547,7711925
2023-05-29,30.96069097412973,31.3797085548663,30.91413425450345,31.100364685058594,7732821
2023-05-30,31.286590597634415,31.286590597634415,30.634789438889875,30.821016311645508,6524696
2023-05-31,30.96069120483149,31.28659179669391,30.821017492861856,31.007247924804688,8446257
2023-06-01,31.100365613862543,31.426266213029464,30.914135177745674,31.333152770996094,6417961
2023-06-02,31.519376754760742,31.845280875989243,31.333149887829943,31.519376754760742,15653457
2023-06-05,31.612495705047728,31.612495705047728,31.00724769375601,31.100364685058594,15475901
2023-06-06,31.19347835674752,31.519378948609937,30.914134484858295,31.007247924804688,13493175
2023-06-07,31.193477659514453,31.24003437844702,30.727903366088867,30.727903366088867,10634803
2023-06-08,30.588230420895783,30.588230420895783,29.982985955562185,30.076099395751953,16507016
2023-06-09,30.122656848124905,30.122656848124905,29.843312968714734,29.889869689941406,12402854
2023-06-12,30.02954244474517,30.262329595479628,29.9364290052714,30.16921615600586,9233472
2023-06-13,30.40200539880512,30.727906011439675,30.308888400873624,30.541675567626953,11412162
2023-06-14,30.727904727477334,31.47282291955161,30.727904727477334,31.286592483520508,17299893
2023-06-15,31.705607192517135,31.93839432836829,31.472820056665984,31.565937042236328,18221523
2023-06-16,31.84528273422028,32.45052719116211,31.659052304372793,32.45052719116211,52307994
2023-06-19,32.4505291117313,32.77643327126539,32.403972389526494,32.49708938598633,51224132
2023-06-20,32.54617602938634,32.693441540318865,32.00619125366211,32.00619125366211,46929037
2023-06-21,32.00619232827976,32.00619232827976,31.61348054072817,31.662569046020508,27319590
2023-06-26,31.90801324518692,32.25163650512695,31.6134784873508,32.25163650512695,29824667
2023-06-27,32.10437295120965,32.25163846647719,31.760745925159647,32.15346145629883,8581666
2023-06-28,32.2516376207387,32.3007298697534,31.809837341308594,31.809837341308594,7086798
2023-06-29,32.00619317349446,32.59526648819734,32.00619317349446,32.104373931884766,9654900
2023-06-30,32.153462438473426,32.202550945062086,31.90801616031714,32.104373931884766,4452530
2023-07-03,32.30072981769335,32.30072981769335,31.809837290039734,31.90801429748535,5660013
2023-07-04,31.908015317695085,31.957103822987424,31.662569046020508,31.662569046020508,5558858
2023-07-05,31.76074504110416,32.00619130493097,31.76074504110416,31.90801429748535,4371391
2023-07-06,31.908015263034883,32.006192273451376,31.760746002197266,31.760746002197266,3925714
2023-07-07,31.809838307110407,31.809838307110407,31.269855385862474,31.662569046020508,5593680
2023-07-10,31.515298929125002,31.61347968225644,31.122587152237593,31.22076416015625,6648579
2023-07-11,31.269853577929638,31.515297962806883,31.269853577929638,31.368032455444336,3230287
2023-07-12,31.36803246947757,31.515297976905998,31.220763216836467,31.269853591918945,4596530
2023-07-13,31.515299824323424,31.809838346871384,31.31894393030219,31.466211318969727,6151745
2023-07-14,31.711657605974608,31.711657605974608,31.466211333876952,31.56439208984375,3554607
2023-07-17,31.66256803365854,31.90801429748535,31.12258700228211,31.90801429748535,8436917
2023-07-18,32.00619238344922,32.00619238344922,31.220765061779296,31.56439208984375,9910368
2023-07-19,31.417121921206345,32.00619145914385,31.22076416015625,31.22076416015625,7742590
2023-07-20,31.4171210790373,31.4171210790373,30.778961181640625,30.778961181640625,7300814
2023-07-21,30.680783315569233,30.926229582093786,30.33715816791358,30.53351593017578,7342244
2023-07-24,30.680783422618372,30.680783422618372,30.091712006382817,30.14080238342285,5833963
2023-07-25,30.386248562359643,30.680783333316924,30.2389793042746,30.43533706665039,4602189
2023-07-26,30.23897953803431,30.435337301928026,29.306284841055206,29.55173110961914,17260867
2023-07-27,29.551730984842294,30.091712024360415,29.404463598847027,30.04262351989746,9520699
2023-07-28,30.33715719592924,30.97531709392554,30.33715719592924,30.582603454589844,8272062
2023-07-31,30.877141060084654,31.269854711776947,30.631694793701172,30.631694793701172,11584003
2023-08-01,30.926229391187494,31.318943040681297,30.68078312617807,31.22076416015625,5965038
2023-08-02,31.22076433493641,31.22076433493641,30.5335159126265,30.631694793701172,8568504
2023-08-04,30.63169460559212,31.417121904153397,30.484425348581286,31.31894302368164,7100058
2023-08-07,31.318942122683247,31.51529800537151,30.975316987220864,31.073495864868164,4509322
2023-08-08,31.073496037013435,31.073496037013435,30.238978381297713,30.386247634887695,9898774
2023-08-09,30.38624858005073,30.582604469934434,30.140802313241295,30.337158203125,5052830
2023-08-10,30.337157369157385,30.337157369157385,29.846264849033137,29.895355224609375,4895359
2023-08-11,30.1408014846715,30.1408014846715,29.748085970487015,29.895355224609375,3529823
2023-08-14,29.895355270119946,29.895355270119946,29.35537237359743,29.600818634033203,7208530
2023-08-15,29.797176361083984,30.18989000286008,29.55173010089813,29.797176361083984,4729941
2023-08-16,29.600818649253878,29.64990902493009,29.404462764368105,29.502639770507812,5112656
2023-08-17,29.502639725297144,29.944443742674224,29.20810496211666,29.797176361083984,5483364
2023-08-18,29.797176391424365,29.94444377316456,29.502639755337622,29.600818634033203,3894109
2023-08-21,29.64990897949374,29.944443742674224,29.55173010089813,29.797176361083984,3482282
2023-08-22,30.091712132721273,30.238979519246854,29.64990997314453,29.64990997314453,5503788
2023-08-23,29.846265617710188,30.82805068324412,29.846265617710188,30.631694793701172,7235142
2023-08-24,30.97531709392554,31.073495971911047,30.33715719592924,30.582603454589844,6298718
2023-08-25,30.43533613768012,30.582603518663756,30.189889878505284,30.386247634887695,3937015
2023-08-28,30.582603454589844,31.024407469221465,30.582603454589844,30.582603454589844,4829185
2023-08-29,30.72987241197256,31.908015263034883,30.68078390676431,31.760746002197266,14258779
2023-08-30,34.55883512685281,34.90245840241069,32.88979976297282,34.11703109741211,141433116
2023-08-31,34.362478638544765,34.804282684368644,32.98797799491779,33.086158752441406,70582929
2023-09-01,33.28251471940038,33.82249574828478,32.447995179112915,32.59526443481445,29483998
2023-09-04,32.69344325530093,33.1843358079187,32.447996978992045,32.889801025390625,12031312
2023-09-05,33.03706731846363,33.67522533235377,32.889798067836026,33.233421325683594,14880483
2023-09-06,33.33160400390625,33.62613877699797,33.08615773546101,33.33160400390625,12361291
2023-09-07,33.47886937590592,34.16611967368144,33.3806923670292,33.72431564331055,21713310
2023-09-08,33.822496361588556,34.067942628733306,33.33160382729906,33.92067337036133,12878124
2023-09-11,33.920673587708734,33.96976209240966,33.13524627685547,33.13524627685547,11693850
2023-09-12,33.184333770287644,33.77340704438564,32.88979900584501,33.38069152832031,9199134
2023-09-13,33.52796173095703,33.82249650372593,33.380692471966164,33.52796173095703,7240328
2023-09-14,33.77340789296173,34.26430042777098,33.57705012999546,33.72431564331055,13390500
2023-09-15,33.7243145757413,34.36247634887695,33.478868316106464,34.36247634887695,29892554
2023-09-18,34.018855067251074,34.509747615146686,33.87158580479722,34.06794357299805,10924659
2023-09-19,34.06794266480472,34.2152081781198,33.527961625557104,33.72431564331055,10565247
2023-09-20,33.57704830325016,33.82249455730138,33.23342130045087,33.429779052734375,8761286
2023-09-21,33.33160407827847,33.380692583034474,32.93888854980469,32.93888854980469,7094743
2023-09-22,32.39890851542404,32.84071256240423,31.80983894959242,32.693443298339844,10222656
2023-09-25,32.93888753980273,33.5279608144507,32.693441278335925,33.18433380126953,6955207
2023-09-26,33.184335044023086,33.23342354911227,31.908015185640057,32.15346145629883,10743771
2023-09-27,31.809838346871384,31.858926852225082,31.122588036280955,31.466211318969727,13991569
2023-09-28,31.417121000330546,31.711655760666112,31.073495864868164,31.073495864868164,9457833
2023-10-02,31.31894309274964,31.368033469396977,30.729871681226403,31.122587203979492,10462092
2023-10-03,31.269854469462455,32.20254915092826,31.171675589148585,31.613479614257812,9872518
2023-10-04,31.171674742515464,31.220763245035947,30.82804960705308,31.073495864868164,5843395
2023-10-05,31.36803421531841,32.05528452387251,31.269855332295474,31.760746002197266,7167469
2023-10-06,31.85892765372848,32.39890871662971,31.613481375572196,32.104373931884766,5954609
2023-10-11,32.15346145629883,32.398907726957596,31.957103690729237,32.15346145629883,8013736
2023-10-12,32.25163748430716,32.349818236708465,31.613479447156127,32.20254898071289,4658567
2023-10-13,32.15346239415955,32.59526644327457,31.71165834504453,32.30073165893555,5234781
2023-10-16,32.15346158936966,32.349819355751904,31.56439203543583,31.662569046020508,5021850
2023-10-17,31.95710378353476,32.34981931581441,31.809838267839552,31.85892677307129,3700309
2023-10-18,31.711656621965293,32.20254915092826,31.46621035748381,31.613479614257812,8782925
2023-10-19,31.564390943561857,32.30072973311419,31.466210191160556,32.20254898071289,4630357
2023-10-20,32.00619034530976,32.30072884924119,31.711655586590993,32.05528259277344,4257997
2023-10-23,32.055285425296105,32.30073170345239,31.90801616031714,32.104373931884766,3478148
2023-10-24,32.34981837355532,32.49708388496111,31.809837341308594,31.809837341308594,5313030
2023-10-25,29.944443886928255,30.042622765996835,28.815391459155514,29.109926223754883,37034806
2023-10-26,28.2754087866755,28.619033929860013,27.980874019720986,28.128141403198242,19357017
2023-10-27,28.27540979269262,28.471767559386137,27.637249859848357,27.98087501525879,19091342
2023-10-30,27.78451648074216,27.78451648074216,26.90091030025262,27.244535446166992,18900029
2023-10-31,27.293623154020075,27.440892406977785,26.508195877075195,26.508195877075195,16789555
2023-11-01,26.606374664129607,26.999088301263075,26.115482149561185,26.900909423828125,13654283
2023-11-02,27.048177651173084,27.489981677170164,26.999089147220694,27.440893173217773,9904250
2023-11-03,27.637249078802476,27.686339455391753,27.342714309692383,27.342714309692383,7175334
2023-11-06,27.48998251035394,27.784517288208008,27.48998251035394,27.784517288208008,6059447
2023-11-07,27.784516377017336,27.784516377017336,27.539070112652848,27.637248992919922,4368654
2023-11-08,27.391801896366577,27.391801896366577,26.999088259835688,27.195446014404297,8812050
2023-11-09,27.244534558547283,27.293623060961593,26.900909423828125,26.900909423828125,6905300
2023-11-10,26.90091038616269,27.097268148056955,26.851821881992322,26.950000762939453,2802123
2023-11-13,27.244535480631793,27.48998174622307,26.900910334282724,27.04817771911621,4492649
2023-11-14,27.0972670889677,27.342713345439137,26.949999709606107,27.293622970581055,3739612
2023-11-15,27.44089307198123,28.177231864188887,27.44089307198123,27.833606719970703,15606740
2023-11-16,27.931785600119667,27.980874103890958,27.686339336050448,27.833606719970703,5151935
2023-11-17,27.8826961517334,27.98087503514995,27.73542876291179,27.8826961517334,5027782
2023-11-20,28.029963481193402,28.324500130819292,27.98087497589231,28.17723274230957,6329543
2023-11-21,28.37358766652913,28.37358766652913,28.128141403198242,28.128141403198242,5488951
2023-11-22,28.128142423971557,28.128142423971557,27.784517268316847,27.8826961517334,3452794
2023-11-23,27.83360660415322,28.47176651355649,27.83360660415322,28.324499130249023,6282572
2023-11-24,28.373588636120388,28.52085602463011,27.98087497589231,28.17723274230957,5061516
2023-11-27,28.275408888678683,28.373587768886495,27.735427856445312,27.735427856445312,5067065
2023-11-28,27.83360663624373,28.226320283051873,27.686339252766476,28.128141403198242,5430014
2023-11-29,28.324499130249023,28.422678009989458,28.22632025050859,28.324499130249023,4819323
2023-11-30,28.52085596973224,28.668125230564936,28.079053805053462,28.275409698486328,8283791
2023-12-01,28.128142364402034,28.275409752911756,28.029963481193402,28.17723274230957,4431848
2023-12-04,28.422678920397725,28.717213696446912,28.324500037512514,28.47176742553711,6562168
2023-12-05,28.471766546382757,28.471766546382757,28.02996252334461,28.128141403198242,6595427
2023-12-06,28.226321287322463,28.27540979269262,27.98087501525879,27.98087501525879,3544403
2023-12-07,28.177231847419236,28.471766615084455,27.931785583496094,27.931785583496094,4682386
2023-12-08,27.68633931957295,28.029962590980244,27.19544679172667,27.931785583496094,10548757
2023-12-11,28.079052984039922,28.079052984039922,27.686339336050448,27.833606719970703,3115716
2023-12-12,27.98087490280937,28.37358856201172,27.931786397636486,28.37358856201172,9033790
2023-12-13,28.422678920397725,28.47176742553711,28.177232649487923,28.47176742553711,7495346
2023-12-14,28.569946269835285,28.91357142316619,28.569946269835285,28.66812515258789,10575241
2023-12-15,29.011748195214633,30.77896245243882,28.962659690544413,29.55173110961914,41306531
2023-12-18,29.748087038242254,29.797177415580503,29.011748231626292,29.35537338256836,15234276
2023-12-19,29.208105169322685,29.208105169322685,28.668124142125652,28.913570404052734,7570891
2023-12-20,29.10992612812991,29.748086031069796,29.060837625060056,29.502639770507812,8826168
2023-12-21,29.208105888822598,29.797177306479796,29.0608385025599,29.74808692932129,8645838
2023-12-22,30.238978505854707,30.63169402023716,29.453551222302515,29.797176361083984,15408339
2023-12-25,29.99353316086454,30.091712042455896,29.64990988420442,29.94444465637207,9143627
2023-12-26,30.140802313241295,30.337158203125,29.846265669506128,30.337158203125,11678091
2023-12-27,30.68078218544777,31.564390210473736,30.43533592796419,31.368032455444336,34373354
2023-12-28,31.466209488595684,32.006190506501696,31.02440734829249,31.171674728393555,24489787
2023-12-29,31.171674820607322,31.31894220114404,30.729870806390824,30.778961181640625,8324804
2024-01-02,30.92622949425557,31.269854640935243,30.484425466723646,30.82805061340332,11137250
2024-01-03,30.582604347575895,30.975317998378497,30.189890696773293,30.82805061340332,12136774
2024-01-04,30.82805068324412,30.82805068324412,30.33715815047715,30.631694793701172,7853724
2024-01-05,30.778961225160696,31.22076336739554,30.484424591064453,30.484424591064453,5941571
2024-01-08,30.23897933959961,30.484425606552872,29.944444568298255,30.23897933959961,9252524
2024-01-09,30.435336278489796,30.53351515713523,29.698997497558594,29.698997497558594,5386765
2024-01-10,29.698997527999943,29.748086031069796,29.30628388562204,29.502639770507812,4777051
2024-01-11,29.551730115893623,29.895355254849456,29.453551237248192,29.698997497558594,4061570
2024-01-12,29.846264864078613,30.091711124264467,29.69899748248837,29.797176361083984,4559509
2024-01-15,29.84626581103189,29.99353319729459,29.50264066134799,29.74808692932129,6346256
2024-01-16,29.453552264638436,29.698998533510423,29.25719450049828,29.35537338256836,7432742
2024-01-17,29.159017733127133,29.306285121151728,28.47176742553711,28.47176742553711,11137330
2024-01-18,28.47176742553711,28.815392579332123,28.275409659766694,28.47176742553711,6604875
2024-01-19,28.717213528765708,29.20810606771897,28.668125023912953,29.15901756286621,4653446
2024-01-22,29.15901650380612,29.89535528549207,29.15901650380612,29.502639770507812,6408513
2024-01-23,29.50264066134799,29.944444692742493,29.453552156795897,29.74808692932129,6610650
2024-01-24,29.8462658828533,30.18989103336409,29.55173110961914,29.55173110961914,4799323
2024-01-25,29.74808701951212,29.94444478352865,29.45355224609375,29.45355224609375,2907035
2024-01-26,29.551730036971126,29.993532180786133,29.355372280204666,29.993532180786133,8092667
2024-01-29,29.99353341991205,29.99353341991205,28.96265983581543,28.96265983581543,15746021
2024-01-30,29.011747543219318,29.011747543219318,28.324499130249023,28.324499130249023,13107672
2024-01-31,28.079053728678687,29.208106198817575,27.78451708042087,28.66812515258789,18413424
2024-02-01,28.32450005683884,28.37358856201172,28.029963407982248,28.37358856201172,10037511
2024-02-02,28.422679014027924,28.471767519329017,27.88269609268368,28.17723274230957,9284378
2024-02-05,28.029963520628947,28.128142403975705,27.833607626541873,27.98087501525879,10286520
2024-02-15,27.98087403602063,28.275408803146714,27.882695156109808,28.02996253967285,6359626
2024-02-16,28.226321154627307,28.569946308422317,28.079053766602712,28.47176742553711,8098851
2024-02-19,28.47176643059819,28.766301196354934,28.37358755114382,28.619033813476562,4742474
2024-02-20,28.619033913304598,28.619033913304598,28.079052883331567,28.226320266723633,6397235
2024-02-21,28.079052883331567,28.27540877031886,27.882695123737893,28.226320266723633,7652887
2024-02-22,28.275409659766694,28.619034813561704,28.275409659766694,28.47176742553711,3745868
2024-02-23,28.668125285746278,28.766302296348464,28.17723274230957,28.17723274230957,4135852
2024-02-26,28.079053000869454,28.128141504670165,27.6863393526446,27.735427856445312,8062965
2024-02-27,27.833607721249262,28.02996361600446,27.4899825646696,27.68634033203125,4532867
2024-02-29,27.735427823315028,27.931785583496094,27.489981559391886,27.931785583496094,4861890
2024-03-01,27.931786604930085,27.980875110467274,27.68634033203125,27.68634033203125,3578880
2024-03-04,27.882695223741994,28.32449924810914,27.78451634359303,27.833606719970703,4956190
2024-03-05,27.833605844578457,27.931784721639605,27.293622957045297,27.391801834106445,9301473
2024-03-06,27.293622970581055,27.391801847690893,27.146355591219457,27.293622970581055,4762878
2024-03-07,27.342713450172027,27.637248210023397,26.802730560302734,26.802730560302734,10027613
2024-03-08,26.802731540122974,27.244535568657273,26.606375650579373,26.753643035888672,10705810
2024-03-11,26.753643001045187,27.146356652227322,26.70455449687482,26.950000762939453,5243480
2024-03-12,27.195446976556095,27.244535480631793,26.95000071096482,27.04817771911621,3951073
2024-03-13,27.146356777243223,27.293624163038928,26.410017975658292,26.459108352661133,9784238
2024-03-14,26.508195955420906,26.508195955420906,26.213661193847656,26.213661193847656,6545183
2024-03-15,26.213662121147102,26.50819689313942,26.115483239614193,26.26275062561035,6265848
2024-03-18,26.213661193847656,26.410017077361044,25.919124559668063,26.213661193847656,6970959
2024-03-19,26.213661208436772,26.60637484828845,26.115482330322266,26.115482330322266,6914744
2024-03-20,26.115483328882362,26.410018101881462,25.968215942382812,25.968215942382812,6528996
2024-03-21,26.606375685743473,27.097268219160856,26.55728530883789,26.55728530883789,12388571
2024-03-22,26.950000762939453,27.34271441412159,26.90091038616269,26.950000762939453,12687943
2024-03-25,26.999089409754102,27.146356795649663,26.360929489135742,26.360929489135742,11518417
2024-03-26,26.50819689313942,26.8518220422014,26.26275062561035,26.26275062561035,8243157
2024-03-27,26.311838199301178,26.45910745269415,26.16457081851455,26.213661193847656,6337249
2024-03-28,26.410018029782954,26.4591084068864,26.115483257587925,26.16457176208496,5295353
2024-03-29,26.36092950714326,26.45910838867617,26.213662121147102,26.26275062561035,1694000
2024-04-01,26.31183804547956,26.900909437788638,26.164570665553878,26.802730560302734,8484547
2024-04-02,26.90091038616269,27.19544702900409,26.655464120098053,26.950000762939453,8291442
2024-04-03,26.9500008157822,26.9500008157822,26.55728529122364,26.65546417236328,4028896
2024-04-08,26.851820832496266,27.440892222548978,26.802730457638184,27.293622970581055,12908489
2024-04-09,27.342714309692383,27.391802813675266,27.048177667975896,27.342714309692383,6773697
2024-04-10,27.195446925137336,27.637249078802476,27.097268044565173,27.342714309692383,7329069
2024-04-11,27.293623060961593,27.342713435982233,26.802730546393175,26.900909423828125,6266472
2024-04-12,26.9009095300567,27.048176910487502,26.410017013549805,26.410017013549805,8477799
2024-04-15,26.410017077361044,26.410017077361044,26.16457081851455,26.213661193847656,9169338
2024-04-16,26.213661252869784,26.213661252869784,25.526410977509677,25.820945739746094,13502565
2024-04-17,25.968214978687175,26.066391984305856,25.870036100462144,25.919124603271484,5753305
2024-04-18,25.919125602041216,25.919125602041216,25.575500451315506,25.77185821533203,10390534
2024-04-19,25.673679424209706,25.820946811440226,24.642805840989656,25.477323532104492,18283272
2024-04-22,25.575499544477214,25.919124683018904,25.33005328446263,25.624589920043945,8747377
2024-04-23,25.673679424209706,26.017304576151865,25.42823315462337,25.477323532104492,7100950
2024-04-24,25.771857286501085,25.771857286501085,25.477322523697897,25.722768783569336,9245155
2024-04-25,25.575500560830005,25.624590938347552,25.3791446685791,25.3791446685791,6118349
2024-04-26,25.42823217793375,25.62458993510336,25.330053299348947,25.526411056518555,5298042
2024-04-29,25.722768627981125,26.311838150024414,25.722768627981125,26.311838150024414,10295755
2024-04-30,26.36092837978223,27.097267150878906,26.213661000084162,27.097267150878906,12634221
2024-05-02,26.753642214267398,26.753642214267398,25.820945681608197,26.213661193847656,14043408
2024-05-03,26.508195848796063,27.097267242179466,26.45910734626675,26.704553604125977,11890150
2024-05-06,27.097267285701996,27.195446163524643,26.36092851094165,26.410017013549805,11290791
2024-05-07,26.606375738456837,26.75364312425254,26.311839094259017,26.459108352661133,6458021
2024-05-08,26.360928496723822,26.508195877075195,26.164570741184434,26.508195877075195,3644923
2024-05-09,26.606375884483686,26.606375884483686,25.870037078857422,25.870037078857422,5905483
2024-05-10,26.017303374865556,26.655463271803253,25.919124497042908,26.410017013549805,9217922
2024-05-13,26.606375685743473,26.70455456694823,26.36092941903478,26.55728530883789,4458843
2024-05-14,26.557284289108964,27.048176803677382,26.410016909259703,26.900909423828125,8147822
2024-05-15,26.999088378862776,27.097267256579908,26.55728436543885,26.606374740600586,6945687
2024-05-16,26.802730609184596,26.900909486849553,26.60637472646102,26.704553604125977,7161174
2024-05-17,26.704553555423168,26.999088315274538,26.704553555423168,26.802730560302734,7112688
2024-05-20,26.80273050526708,27.293623019082272,26.80273050526708,27.195446014404297,9650681
2024-05-21,27.195446056132976,27.588159693266444,26.802730546393175,26.900909423828125,8310991
2024-05-22,26.753642106655285,26.99908836451451,26.60637472646102,26.704553604125977,6526432
2024-05-23,26.704553711540637,26.802730716994155,26.213661193847656,26.213661193847656,8150780
2024-05-24,26.066391969578483,26.213661223135993,25.968214964015267,26.017303466796875,5113561
2024-05-27,26.11548322177434,26.508196875031302,26.066392844738214,26.360929489135742,5578948
2024-05-28,26.459108230810184,27.097268148056955,26.21366196474555,26.950000762939453,10262585
2024-05-29,26.900909515547635,26.900909515547635,26.508195877075195,26.508195877075195,5397526
2024-05-30,26.45910745269415,26.508195955420906,26.213661193847656,26.213661193847656,4627278
2024-05-31,26.213662016144504,26.704554549236303,26.164571639271482,26.65546417236328,7806239
2024-06-03,26.704553726402956,26.753642229157037,26.06639195496184,26.115482330322266,10158835
2024-06-04,26.164570847748042,26.213661223135993,25.526410948555423,26.017303466796875,11304539
2024-06-05,26.017304502779734,26.16457188959494,25.67367935180664,25.67367935180664,8912897
2024-06-06,25.771857236908808,26.01730349630794,25.526410977509677,25.820945739746094,8144524
2024-06-07,25.820945725046453,26.066391984305856,25.673678344012085,25.919124603271484,7004882
2024-06-11,26.11548237458886,26.213661252869784,25.6245898557906,25.820945739746094,7041493
2024-06-12,25.820946757353457,25.870037134731753,25.477323478737507,25.57550048828125,6079579
2024-06-13,25.67367933332377,26.01730448404948,25.477323441913665,25.77185821533203,8382276
2024-06-14,25.771857316677387,25.771857316677387,25.526411056518555,25.526411056518555,6811394
2024-06-17,25.673679209019305,26.3118391300736,25.624590704556056,26.26275062561035,12826670
2024-06-18,26.50819673498055,26.99908926710982,26.06639270702165,26.950000762939453,16566025
2024-06-19,27.14635672346003,27.48998187137348,26.55728530883789,26.55728530883789,15146966
2024-06-20,26.60637566809666,26.999089320048817,26.508196786957022,26.65546417236328,9369802
2024-06-21,26.655464120098053,26.950000762939453,26.557285239150918,26.950000762939453,15366573
2024-06-24,27.0,27.049999237060547,26.799999237060547,26.950000762939453,8384651
2024-06-25,27.049999237060547,27.049999237060547,26.450000762939453,26.649999618530273,6690316
2024-06-26,26.700000762939453,26.850000381469727,26.25,26.299999237060547,6265398
2024-06-27,26.100000381469727,26.100000381469727,25.850000381469727,26.100000381469727,9355122
2024-06-28,26.200000762939453,26.200000762939453,25.700000762939453,26.049999237060547,51157302
2024-07-01,26.149999618530273,26.600000381469727,25.600000381469727,25.950000762939453,45312969
2024-07-02,26.0,26.600000381469727,25.450000762939453,26.600000381469727,31018990
2024-07-03,26.5,27.100000381469727,26.299999237060547,26.799999237060547,38127761
2024-07-04,27.0,27.450000762939453,26.799999237060547,27.399999618530273,38266139
2024-07-05,27.399999618530273,28.25,27.0,27.850000381469727,39347537
2024-07-08,28.0,28.399999618530273,27.549999237060547,28.200000762939453,31246113
2024-07-09,28.200000762939453,28.25,27.200000762939453,27.600000381469727,22325922
2024-07-10,27.549999237060547,27.600000381469727,27.049999237060547,27.049999237060547,8715258
2024-07-11,27.200000762939453,28.5,27.049999237060547,28.25,31880098
2024-07-12,27.950000762939453,28.450000762939453,27.700000762939453,28.149999618530273,13879024
2024-07-15,28.25,28.299999237060547,27.700000762939453,27.700000762939453,9962278
2024-07-16,27.950000762939453,28.049999237060547,27.5,27.549999237060547,7426935
2024-07-17,27.799999237060547,28.350000381469727,27.649999618530273,27.899999618530273,12792135
2024-07-18,27.799999237060547,28.100000381469727,27.350000381469727,27.649999618530273,14924086
2024-07-19,27.600000381469727,27.600000381469727,26.350000381469727,26.350000381469727,19123666
2024-07-22,26.399999618530273,26.600000381469727,25.799999237060547,26.0,13610749
2024-07-23,26.399999618530273,26.549999237060547,26.0,26.0,8321909
2024-07-26,25.700000762939453,26.0,25.200000762939453,25.700000762939453,12735673
2024-07-29,26.200000762939453,26.600000381469727,25.799999237060547,26.0,10596181
2024-07-30,26.850000381469727,27.450000762939453,26.0,26.75,43606747
2024-07-31,26.600000381469727,29.399999618530273,26.549999237060547,29.399999618530273,113844119
2024-08-01,30.450000762939453,31.0,29.700000762939453,29.75,159548376
2024-08-02,29.0,29.200000762939453,28.100000381469727,28.149999618530273,43192141
2024-08-05,27.0,28.799999237060547,26.450000762939453,27.5,74270734
2024-08-06,28.200000762939453,28.399999618530273,25.149999618530273,26.5,56431857
2024-08-07,26.5,27.350000381469727,26.200000762939453,26.899999618530273,25100153
2024-08-08,26.950000762939453,27.299999237060547,26.5,27.0,15811730
2024-08-09,27.5,28.200000762939453,27.350000381469727,27.350000381469727,20928953
2024-08-12,27.5,28.149999618530273,27.450000762939453,27.600000381469727,15284140
2024-08-13,27.850000381469727,27.850000381469727,27.299999237060547,27.850000381469727,13694931
2024-08-14,28.100000381469727,28.399999618530273,27.899999618530273,28.049999237060547,18457191
2024-08-15,28.149999618530273,28.25,27.649999618530273,27.799999237060547,11836869
2024-08-16,28.149999618530273,28.299999237060547,27.799999237060547,27.799999237060547,10876405
2024-08-19,27.850000381469727,27.850000381469727,27.200000762939453,27.549999237060547,10454678
2024-08-20,27.700000762939453,28.0,27.700000762939453,27.899999618530273,8046447
2024-08-21,28.0,28.0,27.5,27.549999237060547,6534137
2024-08-22,27.700000762939453,27.850000381469727,27.5,27.75,4477354
2024-08-23,27.549999237060547,27.549999237060547,26.799999237060547,27.200000762939453,10602986
2024-08-26,27.299999237060547,28.100000381469727,27.299999237060547,27.799999237060547,12845401
2024-08-27,27.700000762939453,27.850000381469727,27.399999618530273,27.700000762939453,5612502
2024-08-28,27.850000381469727,27.850000381469727,27.299999237060547,27.399999618530273,5376764
2024-08-29,27.200000762939453,27.75,27.149999618530273,27.649999618530273,4160891
2024-08-30,27.799999237060547,27.950000762939453,27.700000762939453,27.700000762939453,6572247
2024-09-02,28.100000381469727,28.100000381469727,27.450000762939453,27.649999618530273,8725249
2024-09-03,27.649999618530273,27.850000381469727,27.100000381469727,27.100000381469727,7556151
2024-09-04,26.149999618530273,26.549999237060547,25.649999618530273,26.149999618530273,15358922
2024-09-05,26.350000381469727,26.700000762939453,25.600000381469727,25.649999618530273,13986680
2024-09-06,25.649999618530273,25.899999618530273,25.5,25.549999237060547,8838476
2024-09-09,25.200000762939453,26.049999237060547,25.200000762939453,25.700000762939453,6168782
2024-09-10,25.899999618530273,25.899999618530273,24.5,24.549999237060547,19016113
2024-09-11,24.700000762939453,25.450000762939453,24.649999618530273,25.350000381469727,7326158
2024-09-12,25.899999618530273,25.950000762939453,25.450000762939453,25.600000381469727,7275083
2024-09-13,25.700000762939453,26.200000762939453,25.450000762939453,26.200000762939453,8499059
2024-09-16,26.25,26.649999618530273,26.100000381469727,26.350000381469727,7577680
2024-09-18,26.649999618530273,26.700000762939453,26.0,26.0,6250713
2024-09-19,26.100000381469727,26.200000762939453,25.75,26.0,6672547
2024-09-20,26.200000762939453,26.5,25.799999237060547,25.799999237060547,8256198
2024-09-23,26.049999237060547,26.399999618530273,26.0,26.25,5346669
2024-09-24,26.350000381469727,26.549999237060547,26.049999237060547,26.149999618530273,5939732
2024-09-25,26.350000381469727,26.799999237060547,26.299999237060547,26.450000762939453,6548696
2024-09-26,26.899999618530273,27.350000381469727,26.75,26.799999237060547,12480360
2024-09-27,27.149999618530273,27.600000381469727,27.049999237060547,27.350000381469727,14504920
2024-09-30,27.0,27.350000381469727,26.700000762939453,26.799999237060547,5940588
2024-10-01,26.950000762939453,27.100000381469727,26.5,26.600000381469727,5216330
2024-10-04,26.600000381469727,26.850000381469727,26.299999237060547,26.350000381469727,4803889
2024-10-07,26.399999618530273,26.5,26.049999237060547,26.399999618530273,6686703
2024-10-08,26.399999618530273,26.600000381469727,26.0,26.049999237060547,4215817
2024-10-09,26.299999237060547,26.299999237060547,25.799999237060547,25.799999237060547,5634187
2024-10-11,26.200000762939453,26.200000762939453,25.75,25.799999237060547,3589610
2024-10-14,25.600000381469727,25.799999237060547,25.399999618530273,25.600000381469727,6191967
2024-10-15,25.700000762939453,26.0,25.600000381469727,25.75,4210073
2024-10-16,25.649999618530273,26.100000381469727,25.350000381469727,25.75,13450894
2024-10-17,25.899999618530273,26.450000762939453,25.850000381469727,26.25,4614246
2024-10-18,26.200000762939453,26.350000381469727,26.0,26.0,3582191
2024-10-21,26.0,26.450000762939453,26.0,26.399999618530273,4055347
2024-10-22,26.350000381469727,26.350000381469727,26.049999237060547,26.25,2689861
2024-10-23,26.149999618530273,26.399999618530273,25.799999237060547,25.799999237060547,5577888
2024-10-24,25.700000762939453,25.700000762939453,25.549999237060547,25.549999237060547,3561696
2024-10-25,25.549999237060547,25.799999237060547,25.399999618530273,25.450000762939453,3935538
2024-10-28,25.5,25.5,25.200000762939453,25.399999618530273,4037523
2024-10-29,25.600000381469727,25.649999618530273,25.200000762939453,25.549999237060547,6603462
2024-10-30,25.100000381469727,25.25,24.0,24.149999618530273,26438347
2024-11-01,23.5,23.549999237060547,22.200000762939453,22.899999618530273,28538290
2024-11-04,22.950000762939453,22.950000762939453,22.149999618530273,22.200000762939453,16382104
2024-11-05,22.049999237060547,22.649999618530273,22.049999237060547,22.399999618530273,11759323
2024-11-06,22.399999618530273,22.5,22.149999618530273,22.299999237060547,6796445
2024-11-07,22.350000381469727,23.299999237060547,22.299999237060547,23.299999237060547,11243963
2024-11-08,23.299999237060547,23.399999618530273,22.649999618530273,22.799999237060547,7909664
2024-11-11,22.549999237060547,22.549999237060547,22.049999237060547,22.200000762939453,12956140
2024-11-12,22.149999618530273,22.350000381469727,21.950000762939453,22.200000762939453,6287984
2024-11-13,22.049999237060547,22.200000762939453,22.0,22.0,5787302
2024-11-14,22.049999237060547,22.049999237060547,21.0,21.0,14614145
2024-11-15,21.149999618530273,21.75,21.149999618530273,21.600000381469727,5653932
2024-11-18,21.600000381469727,21.950000762939453,21.399999618530273,21.850000381469727,5643376
2024-11-19,21.799999237060547,21.950000762939453,21.450000762939453,21.700000762939453,4421413
2024-11-20,21.399999618530273,21.399999618530273,21.399999618530273,21.399999618530273,3695104
2024-11-21,21.350000381469727,21.700000762939453,21.25,21.5,3031634
2024-11-22,21.600000381469727,21.899999618530273,21.600000381469727,21.600000381469727,3041969
2024-11-25,21.850000381469727,21.899999618530273,21.549999237060547,21.75,5382282
2024-11-26,21.75,22.149999618530273,21.549999237060547,22.100000381469727,4777054
2024-11-27,21.899999618530273,22.0,21.200000762939453,21.299999237060547,6009812
2024-11-28,21.299999237060547,21.399999618530273,20.75,21.299999237060547,5713639
2024-11-29,21.0,21.0,20.700000762939453,20.950000762939453,4437831
2024-12-02,21.049999237060547,21.350000381469727,20.149999618530273,20.200000762939453,17667514
2024-12-03,20.450000762939453,20.799999237060547,20.299999237060547,20.450000762939453,8152415
2024-12-04,20.799999237060547,21.950000762939453,20.799999237060547,21.899999618530273,21614826
2024-12-05,21.700000762939453,22.149999618530273,21.399999618530273,21.5,16331734
2024-12-06,21.549999237060547,23.350000381469727,21.549999237060547,22.649999618530273,31911058
2024-12-09,22.200000762939453,22.450000762939453,22.049999237060547,22.200000762939453,12999389
2024-12-10,22.200000762939453,22.549999237060547,21.899999618530273,21.899999618530273,8166713
2024-12-11,21.899999618530273,21.899999618530273,21.0,21.0,11336734
2024-12-12,21.299999237060547,21.450000762939453,20.649999618530273,20.75,8704121
2024-12-13,20.600000381469727,20.700000762939453,20.25,20.350000381469727,6813417
2024-12-16,20.5,20.799999237060547,20.25,20.299999237060547,7315150
2024-12-17,20.5,20.950000762939453,20.450000762939453,20.5,7270151
2024-12-18,20.5,21.149999618530273,20.399999618530273,20.950000762939453,5306656
2024-12-19,20.5,20.950000762939453,20.450000762939453,20.850000381469727,4152950
2024-12-20,20.75,20.850000381469727,20.200000762939453,20.200000762939453,8783464
2024-12-23,20.399999618530273,20.75,20.25,20.399999618530273,3025534
2024-12-24,20.600000381469727,21.149999618530273,20.600000381469727,20.850000381469727,7147108
2024-12-25,20.850000381469727,21.149999618530273,20.700000762939453,20.75,2600171
2024-12-26,20.850000381469727,21.200000762939453,20.600000381469727,20.700000762939453,3375391
2024-12-27,20.799999237060547,20.799999237060547,20.399999618530273,20.600000381469727,3894542
2024-12-30,20.450000762939453,20.450000762939453,20.0,20.100000381469727,7740630
2024-12-31,19.950000762939453,19.950000762939453,19.5,19.799999237060547,9593637
2025-01-02,19.649999618530273,19.75,19.299999237060547,19.549999237060547,7728347
2025-01-03,19.649999618530273,19.950000762939453,19.5,19.649999618530273,3834030
2025-01-06,19.799999237060547,20.299999237060547,19.799999237060547,20.100000381469727,6194032
2025-01-07,20.200000762939453,20.75,19.950000762939453,20.100000381469727,6453089
2025-01-08,20.0,20.0,19.399999618530273,19.450000762939453,7267755
2025-01-09,19.399999618530273,19.399999618530273,18.350000381469727,18.399999618530273,15499075
2025-01-10,18.299999237060547,18.549999237060547,18.25,18.299999237060547,4973370
2025-01-13,18.200000762939453,18.299999237060547,17.600000381469727,17.75,10588443
2025-01-14,17.950000762939453,18.299999237060547,17.850000381469727,18.25,4786835
2025-01-15,18.200000762939453,18.350000381469727,17.899999618530273,18.0,6560761
2025-01-16,18.299999237060547,18.600000381469727,18.149999618530273,18.450000762939453,6253737
2025-01-17,18.850000381469727,19.100000381469727,18.5,19.0,7759833
2025-01-20,19.399999618530273,19.649999618530273,19.049999237060547,19.5,7705057
2025-01-21,19.600000381469727,20.100000381469727,19.149999618530273,19.200000762939453,12280634
2025-01-22,19.25,19.350000381469727,19.0,19.200000762939453,5332073
2025-02-03,19.200000762939453,19.200000762939453,18.600000381469727,18.799999237060547,7656599
2025-02-04,18.850000381469727,18.950000762939453,18.399999618530273,18.5,7047126
2025-02-05,18.850000381469727,19.100000381469727,18.700000762939453,18.75,4965749
2025-02-06,18.850000381469727,19.450000762939453,18.799999237060547,19.399999618530273,8698050
2025-02-07,19.649999618530273,19.75,19.450000762939453,19.549999237060547,5888062
2025-02-10,19.600000381469727,19.799999237060547,19.299999237060547,19.399999618530273,6338055
2025-02-11,19.649999618530273,19.700000762939453,19.200000762939453,19.299999237060547,4219554
2025-02-12,19.299999237060547,19.799999237060547,19.299999237060547,19.5,4314199
2025-02-13,19.5,21.399999618530273,19.450000762939453,20.899999618530273,37969160
2025-02-14,20.5,21.450000762939453,19.799999237060547,21.100000381469727,42385168
2025-02-17,21.0,21.399999618530273,20.399999618530273,21.0,19611318
2025-02-18,21.25,22.649999618530273,21.049999237060547,22.149999618530273,42423316
2025-02-19,22.0,23.049999237060547,21.899999618530273,22.299999237060547,36584801
2025-02-20,22.299999237060547,22.649999618530273,21.799999237060547,22.399999618530273,21331488
2025-02-21,22.200000762939453,22.25,21.700000762939453,22.0,19027618
2025-02-24,21.649999618530273,22.200000762939453,21.649999618530273,21.700000762939453,8812830
2025-02-25,21.5,22.799999237060547,21.200000762939453,22.450000762939453,27483485
2025-02-26,22.450000762939453,23.649999618530273,22.049999237060547,22.200000762939453,40656486
2025-02-27,22.200000762939453,22.5,21.799999237060547,22.0,17788942
2025-03-03,21.799999237060547,21.899999618530273,21.350000381469727,21.5,13128412
2025-03-04,21.049999237060547,21.149999618530273,20.75,21.100000381469727,11924298
2025-03-05,20.899999618530273,21.399999618530273,20.75,21.0,9502605
2025-03-06,21.299999237060547,21.299999237060547,20.799999237060547,20.850000381469727,6357569
2025-03-07,20.649999618530273,21.799999237060547,20.649999618530273,21.5,14301155
2025-03-10,21.75,22.049999237060547,21.549999237060547,21.649999618530273,15741910
2025-03-11,21.100000381469727,21.649999618530273,20.799999237060547,21.5,8326095
2025-03-12,21.25,22.5,21.149999618530273,21.950000762939453,24550740
2025-03-13,22.0,22.299999237060547,21.049999237060547,21.100000381469727,23072323
2025-03-14,21.149999618530273,21.950000762939453,20.950000762939453,21.799999237060547,11293378
2025-03-17,22.450000762939453,22.450000762939453,21.850000381469727,22.100000381469727,19190249
2025-03-18,22.799999237060547,23.600000381469727,22.149999618530273,22.350000381469727,57440289
2025-03-19,22.350000381469727,22.5,21.600000381469727,21.700000762939453,19139312
2025-03-20,21.950000762939453,22.299999237060547,21.899999618530273,22.049999237060547,12822266
2025-03-21,22.100000381469727,22.149999618530273,21.5,21.649999618530273,13449970
2025-03-24,21.649999618530273,21.649999618530273,20.799999237060547,20.799999237060547,15242773
2025-03-25,21.049999237060547,21.100000381469727,20.649999618530273,20.649999618530273,7586685
2025-03-26,20.75,21.450000762939453,20.700000762939453,21.299999237060547,15440971
2025-03-27,21.799999237060547,23.299999237060547,21.100000381469727,23.25,108036171
2025-03-28,23.299999237060547,23.5,22.549999237060547,22.850000381469727,103445512
2025-03-31,22.200000762939453,22.5,20.649999618530273,20.700000762939453,51908008
2025-04-01,20.950000762939453,22.200000762939453,20.700000762939453,21.75,39679872
2025-04-02,21.450000762939453,22.100000381469727,21.0,21.75,29121563
2025-04-07,19.600000381469727,19.600000381469727,19.600000381469727,19.600000381469727,3340825
2025-04-08,18.0,19.100000381469727,17.700000762939453,18.100000381469727,32383138
2025-04-09,18.799999237060547,18.799999237060547,16.899999618530273,17.049999237060547,43236053
2025-04-10,18.75,18.75,18.75,18.75,3575731
2025-04-11,17.200000762939453,18.950000762939453,17.200000762939453,18.850000381469727,30774015
2025-04-14,19.350000381469727,20.200000762939453,19.149999618530273,19.25,23341643
2025-04-15,19.600000381469727,19.899999618530273,19.450000762939453,19.799999237060547,12873493
2025-04-16,19.549999237060547,19.75,19.149999618530273,19.200000762939453,14927416
2025-04-17,18.899999618530273,19.350000381469727,18.700000762939453,19.149999618530273,9824245
2025-04-18,19.25,19.850000381469727,19.049999237060547,19.549999237060547,12424698
2025-04-21,19.700000762939453,19.799999237060547,19.149999618530273,19.25,9602343
2025-04-22,19.100000381469727,19.649999618530273,18.899999618530273,19.100000381469727,8734507
2025-04-23,19.600000381469727,19.850000381469727,19.450000762939453,19.600000381469727,10396506
2025-04-24,19.700000762939453,20.049999237060547,19.399999618530273,19.799999237060547,13961776
2025-04-25,20.25,21.549999237060547,20.049999237060547,21.25,35156516
2025-04-28,21.299999237060547,21.350000381469727,20.75,20.899999618530273,22279774
2025-04-29,20.850000381469727,21.299999237060547,20.799999237060547,21.0,12469026
2025-04-30,20.850000381469727,20.950000762939453,19.850000381469727,19.850000381469727,25292113
2025-05-02,20.0,20.299999237060547,19.950000762939453,20.0,7745458
2025-05-05,20.149999618530273,20.299999237060547,19.5,19.700000762939453,10558377
2025-05-06,19.700000762939453,20.549999237060547,19.649999618530273,20.549999237060547,12002219
2025-05-07,20.450000762939453,20.600000381469727,20.299999237060547,20.399999618530273,6715863
2025-05-08,20.5,20.649999618530273,20.200000762939453,20.200000762939453,6642150
2025-05-09,20.399999618530273,20.450000762939453,20.100000381469727,20.25,4432839
2025-05-12,20.450000762939453,20.950000762939453,20.399999618530273,20.75,9860668
2025-05-13,21.149999618530273,21.700000762939453,20.950000762939453,21.200000762939453,27218574
2025-05-14,21.25,21.5,21.200000762939453,21.399999618530273,11379082
2025-05-15,21.700000762939453,21.950000762939453,21.450000762939453,21.549999237060547,11601808
2025-05-16,21.5,21.600000381469727,21.100000381469727,21.399999618530273,6513619
2025-05-19,21.399999618530273,21.799999237060547,21.200000762939453,21.350000381469727,8837929
2025-05-20,21.5,22.100000381469727,21.5,21.899999618530273,13255091
2025-05-21,22.049999237060547,22.350000381469727,21.799999237060547,22.0,10901760
2025-05-22,21.799999237060547,22.200000762939453,21.549999237060547,21.600000381469727,7028633
2025-05-23,21.700000762939453,21.75,21.100000381469727,21.100000381469727,6290740
2025-05-26,21.149999618530273,21.299999237060547,21.049999237060547,21.100000381469727,4435542
2025-05-27,21.149999618530273,21.600000381469727,20.700000762939453,21.200000762939453,8562557
2025-05-28,22.649999618530273,23.200000762939453,21.5,21.700000762939453,52354973
2025-05-29,21.850000381469727,22.299999237060547,21.399999618530273,21.549999237060547,19776476
2025-06-02,21.5,21.850000381469727,21.149999618530273,21.600000381469727,12859975
2025-06-03,21.700000762939453,21.75,21.200000762939453,21.25,8596619
2025-06-04,21.5,21.799999237060547,21.200000762939453,21.600000381469727,14587890
2025-06-05,21.799999237060547,22.5,21.549999237060547,22.049999237060547,21001694
2025-06-06,22.149999618530273,22.450000762939453,21.799999237060547,21.850000381469727,24662699
2025-06-09,21.799999237060547,22.149999618530273,21.799999237060547,21.850000381469727,10561413
2025-06-10,22.100000381469727,22.25,21.799999237060547,21.799999237060547,11888807
2025-06-11,22.0,22.200000762939453,21.700000762939453,22.049999237060547,13263534
2025-06-12,22.100000381469727,22.450000762939453,21.850000381469727,22.100000381469727,15476522
2025-06-13,21.950000762939453,22.149999618530273,21.600000381469727,21.600000381469727,12458661
2025-06-16,21.5,21.899999618530273,21.299999237060547,21.899999618530273,7620466
2025-06-17,22.149999618530273,22.549999237060547,21.950000762939453,22.100000381469727,13633628
2025-06-18,22.100000381469727,23.5,22.100000381469727,22.799999237060547,45309311
2025-06-19,23.049999237060547,23.149999618530273,22.149999618530273,22.200000762939453,19383835
2025-06-20,22.299999237060547,22.399999618530273,21.25,21.25,16319344
2025-06-23,20.950000762939453,21.549999237060547,20.799999237060547,21.350000381469727,13973267
2025-06-24,21.649999618530273,22.450000762939453,21.649999618530273,22.149999618530273,14334666
2025-06-25,22.049999237060547,22.450000762939453,21.700000762939453,21.700000762939453,8937444
2025-06-26,21.850000381469727,22.299999237060547,21.700000762939453,21.700000762939453,9123340
2025-06-27,21.950000762939453,22.149999618530273,21.75,21.850000381469727,5674783
2025-06-30,21.899999618530273,21.950000762939453,21.049999237060547,21.25,9552935
2025-07-01,21.350000381469727,21.450000762939453,20.899999618530273,21.25,12189128
2025-07-02,21.049999237060547,21.450000762939453,20.600000381469727,21.149999618530273,13109834
2025-07-03,21.399999618530273,22.350000381469727,21.350000381469727,22.25,18008730
2025-07-04,22.100000381469727,22.25,21.299999237060547,21.350000381469727,11426614
2025-07-07,21.399999618530273,21.649999618530273,21.200000762939453,21.450000762939453,6068375
2025-07-08,21.549999237060547,21.600000381469727,20.850000381469727,20.899999618530273,9558979
2025-07-09,21.049999237060547,21.200000762939453,20.850000381469727,21.0,3895709
2025-07-10,21.049999237060547,21.200000762939453,20.850000381469727,20.899999618530273,3449244
2025-07-11,21.100000381469727,21.100000381469727,20.549999237060547,20.75,7169114
2025-07-14,20.600000381469727,20.700000762939453,20.25,20.399999618530273,5807982
2025-07-15,20.399999618530273,20.549999237060547,20.0,20.149999618530273,8295557
2025-07-16,20.100000381469727,20.5,20.100000381469727,20.25,6889019
2025-07-17,20.350000381469727,21.0,20.299999237060547,20.850000381469727,7395120
2025-07-18,21.0,21.049999237060547,20.600000381469727,20.75,5469488
2025-07-21,20.75,20.75,20.399999618530273,20.399999618530273,3733019
2025-07-22,20.5,20.549999237060547,19.899999618530273,19.899999618530273,8091483
2025-07-23,20.0,20.549999237060547,20.0,20.5,7441539
2025-07-24,20.5,20.600000381469727,20.049999237060547,20.200000762939453,5836498
2025-07-25,20.200000762939453,20.350000381469727,20.0,20.100000381469727,5194600
2025-07-28,20.100000381469727,20.200000762939453,19.799999237060547,19.899999618530273,7490043
2025-07-29,19.899999618530273,20.149999618530273,19.5,19.5,9762534
2025-07-30,19.549999237060547,19.799999237060547,19.25,19.600000381469727,5767516
2025-07-31,19.399999618530273,19.450000762939453,18.950000762939453,18.950000762939453,13432726
2025-08-04,18.600000381469727,18.649999618530273,18.200000762939453,18.450000762939453,8130077
2025-08-05,18.600000381469727,18.899999618530273,18.549999237060547,18.649999618530273,7196768
2025-08-06,18.700000762939453,18.75,18.25,18.299999237060547,7091551
2025-08-07,18.350000381469727,18.450000762939453,18.149999618530273,18.299999237060547,6288188
2025-08-08,18.600000381469727,19.25,18.600000381469727,19.049999237060547,15487410
2025-08-11,19.049999237060547,19.149999618530273,18.799999237060547,19.0,6212567
2025-08-12,19.100000381469727,19.549999237060547,19.100000381469727,19.25,8865192
2025-08-13,19.450000762939453,19.799999237060547,19.25,19.350000381469727,9920576
2025-08-14,19.450000762939453,19.799999237060547,19.450000762939453,19.5,7315278
2025-08-15,19.649999618530273,19.75,19.299999237060547,19.649999618530273,5465164
2025-08-18,19.649999618530273,19.950000762939453,19.450000762939453,19.75,8221047
2025-08-19,19.75,20.0,19.450000762939453,19.549999237060547,7241010
2025-08-20,19.399999618530273,19.399999618530273,19.0,19.0,11035180
2025-08-21,19.100000381469727,20.149999618530273,19.100000381469727,20.100000381469727,13632141
2025-08-22,20.049999237060547,20.100000381469727,19.649999618530273,19.700000762939453,6009294
2025-08-25,20.100000381469727,20.25,19.950000762939453,20.0,5963034
2025-08-26,20.0,20.25,19.850000381469727,20.149999618530273,5945532
2025-08-27,20.200000762939453,20.5,20.200000762939453,20.399999618530273,6982371
2025-08-28,20.399999618530273,20.399999618530273,19.950000762939453,20.100000381469727,5582857
2025-08-29,20.450000762939453,20.700000762939453,20.100000381469727,20.100000381469727,5931214
2025-09-01,20.100000381469727,20.25,19.75,19.950000762939453,4354152
2025-09-02,20.100000381469727,20.200000762939453,19.649999618530273,19.75,4259880
2025-09-03,19.899999618530273,20.149999618530273,19.600000381469727,19.700000762939453,4889295
2025-09-04,19.950000762939453,20.200000762939453,19.75,19.899999618530273,5604091
2025-09-05,20.0,20.799999237060547,19.950000762939453,20.450000762939453,22387595
2025-09-08,20.899999618530273,21.5,20.299999237060547,20.700000762939453,27818185
2025-09-09,20.399999618530273,20.5,20.0,20.100000381469727,11661661
2025-09-10,20.200000762939453,20.549999237060547,19.899999618530273,20.299999237060547,10110384
2025-09-11,20.549999237060547,22.299999237060547,20.450000762939453,22.299999237060547,71715292
2025-09-12,23.649999618530273,24.0,22.049999237060547,22.600000381469727,147388749
2025-09-15,22.899999618530273,23.299999237060547,22.200000762939453,22.799999237060547,54287358
2025-09-16,23.399999618530273,23.899999618530273,22.600000381469727,23.600000381469727,84150584
2025-09-17,23.850000381469727,24.700000762939453,23.649999618530273,24.600000381469727,91987174
2025-09-18,25.5,27.049999237060547,25.200000762939453,27.049999237060547,110876074
2025-09-19,28.100000381469727,28.899999618530273,27.149999618530273,27.850000381469727,230135494
2025-09-22,27.799999237060547,28.100000381469727,26.0,26.100000381469727,112765463
2025-09-23,26.350000381469727,27.649999618530273,26.350000381469727,26.75,114060565
2025-09-24,26.600000381469727,26.799999237060547,25.75,26.25,56476869
2025-09-25,26.0,26.350000381469727,25.299999237060547,25.5,43129569
2025-09-26,25.25,25.299999237060547,24.149999618530273,24.299999237060547,42050489
2025-09-30,25.299999237060547,25.799999237060547,24.75,25.049999237060547,44245216
2025-10-01,25.0,26.200000762939453,24.799999237060547,25.5,39849304
2025-10-02,26.450000762939453,26.899999618530273,25.0,25.149999618530273,83814111
2025-10-03,25.100000381469727,25.5,24.549999237060547,25.299999237060547,42742947
2025-10-07,25.700000762939453,27.350000381469727,25.600000381469727,27.100000381469727,106609696
2025-10-08,26.549999237060547,26.899999618530273,25.5,26.850000381469727,64841645
2025-10-09,27.200000762939453,27.600000381469727,26.450000762939453,27.5,94568322
2025-10-13,25.799999237060547,26.75,25.75,26.75,43137219
2025-10-14,27.350000381469727,28.0,25.700000762939453,25.700000762939453,76339512
2025-10-15,25.799999237060547,26.200000762939453,25.100000381469727,25.899999618530273,25191199
2025-10-16,26.149999618530273,27.799999237060547,26.149999618530273,27.0,83322341
2025-10-17,26.700000762939453,27.25,26.649999618530273,26.75,33429110
2025-10-20,27.549999237060547,29.399999618530273,26.799999237060547,29.399999618530273,120074633
2025-10-21,30.0,30.200000762939453,27.850000381469727,28.25,164312365
2025-10-22,27.700000762939453,28.200000762939453,27.399999618530273,27.899999618530273,37338546
2025-10-23,27.600000381469727,30.450000762939453,27.5,30.149999618530273,159074573
2025-10-27,33.150001525878906,33.150001525878906,32.54999923706055,33.150001525878906,121397236
2025-10-28,33.599998474121094,36.45000076293945,33.5,36.45000076293945,197058550
2025-10-29,38.0,39.70000076293945,36.900001525878906,38.5,412061832
2025-10-30,35.900001525878906,36.099998474121094,34.650001525878906,34.650001525878906,238859020
2025-10-31,33.099998474121094,33.400001525878906,31.200000762939453,31.200000762939453,257625951
2025-11-03,31.25,32.349998474121094,30.799999237060547,30.950000762939453,153097812
2025-11-04,31.149999618530273,31.25,29.549999237060547,29.700000762939453,111160757
2025-11-05,28.799999237060547,31.600000381469727,28.5,31.350000381469727,135847681
2025-11-06,31.850000381469727,34.45000076293945,31.399999618530273,34.45000076293945,294060962
2025-11-07,34.349998474121094,36.0,34.099998474121094,35.25,366325111
2025-11-10,36.0,38.5,35.04999923706055,37.900001525878906,373760141
2025-11-11,38.900001525878906,41.650001525878906,38.79999923706055,40.20000076293945,435540803
2025-11-12,40.099998474121094,42.0,39.099998474121094,40.650001525878906,376408496
2025-11-13,40.650001525878906,41.25,38.0,38.900001525878906,272488272
2025-11-14,37.0,38.5,36.349998474121094,38.04999923706055,137296530
2025-11-17,40.599998474121094,40.900001525878906,37.349998474121094,38.75,235821509
2025-11-18,38.5,39.349998474121094,36.599998474121094,37.650001525878906,143517789
2025-11-19,37.04999923706055,38.0,36.20000076293945,36.400001525878906,99466754
2025-11-20,38.099998474121094,38.5,35.29999923706055,37.54999923706055,147095431
2025-11-21,34.29999923706055,35.5,34.0,34.5,91792999
2025-11-24,35.349998474121094,35.400001525878906,33.29999923706055,33.849998474121094,103884924
2025-11-25,35.599998474121094,36.20000076293945,34.400001525878906,34.5,98954888
2025-11-26,34.25,34.599998474121094,32.29999923706055,32.849998474121094,95795905
2025-11-27,33.400001525878906,33.849998474121094,32.54999923706055,33.70000076293945,77148441
2025-11-28,33.79999923706055,35.349998474121094,33.25,34.099998474121094,70967375
2025-12-01,34.099998474121094,34.45000076293945,33.099998474121094,33.849998474121094,49266433
2025-12-02,36.04999923706055,36.04999923706055,33.349998474121094,33.5,122919304
2025-12-03,33.75,34.349998474121094,32.79999923706055,32.79999923706055,74711291
2025-12-04,32.79999923706055,33.0,31.850000381469727,32.900001525878906,53274394
2025-12-05,33.0,34.099998474121094,32.25,33.900001525878906,73987944
2025-12-08,34.150001525878906,37.25,34.099998474121094,37.25,155950460
2025-12-09,37.599998474121094,39.45000076293945,37.349998474121094,38.75,282338999
2025-12-10,39.0,39.599998474121094,36.5,37.0,170558327
2025-12-11,37.54999923706055,37.79999923706055,36.29999923706055,36.400001525878906,84131721
2025-12-12,36.400001525878906,39.20000076293945,36.29999923706055,38.099998474121094,158889970
2025-12-15,36.95000076293945,38.45000076293945,35.849998474121094,37.95000076293945,84971608
2025-12-16,37.599998474121094,37.70000076293945,36.0,37.150001525878906,87367490
2025-12-17,37.400001525878906,38.349998474121094,36.5,37.650001525878906,99931767
2025-12-18,37.75,39.20000076293945,37.70000076293945,37.95000076293945,160797874
2025-12-19,39.20000076293945,39.79999923706055,37.04999923706055,37.150001525878906,135679520
2025-12-22,38.150001525878906,39.70000076293945,38.099998474121094,38.95000076293945,140446678
2025-12-23,39.400001525878906,39.5,38.349998474121094,38.5,84431244
2025-12-24,38.75,39.150001525878906,38.0,38.95000076293945,68665993
2025-12-26,39.54999923706055,40.099998474121094,38.599998474121094,39.20000076293945,91939826
2025-12-29,39.20000076293945,39.29999923706055,38.0,38.150001525878906,72033688
2025-12-30,38.25,39.5,38.25,38.75,97373538
2025-12-31,39.150001525878906,42.25,39.150001525878906,39.45000076293945,257186471
2026-01-02,40.54999923706055,43.349998474121094,40.04999923706055,43.349998474121094,171000281
2026-01-05,47.650001525878906,47.650001525878906,47.650001525878906,47.650001525878906,35149787
2026-01-06,49.400001525878906,52.400001525878906,47.70000076293945,52.400001525878906,376374262
2026-01-07,57.0,57.599998474121094,53.0,57.599998474121094,464396791
2026-01-08,57.29999923706055,63.29999923706055,57.0,63.29999923706055,527306444
2026-01-09,63.29999923706055,64.0,57.0,58.29999923706055,735439805
2026-01-12,60.0,61.20000076293945,58.599998474121094,61.20000076293945,60516562
2026-01-13,62.79999923706055,62.79999923706055,58.599998474121094,60.900001525878906,39143029
2026-01-14,60.0,60.900001525878906,59.20000076293945,60.099998474121094,27600667
2026-01-15,60.29999923706055,62.0,59.79999923706055,61.900001525878906,34623912
2026-01-16,64.0,67.80000305175781,63.0,67.0,69517417
2026-01-19,73.0,73.69999694824219,73.0,73.69999694824219,45468378
2026-01-20,66.4000015258789,76.80000305175781,66.4000015258789,76.80000305175781,69705694
2026-01-21,78.80000305175781,78.80000305175781,69.19999694824219,73.30000305175781,87528436
2026-01-22,78.5,78.5,72.80000305175781,73.4000015258789,66543167
2026-01-23,74.0,74.0,67.4000015258789,69.30000305175781,51472396
2026-01-26,72.5,76.19999694824219,69.80000305175781,76.19999694824219,206594251
2026-01-27,76.9000015258789,80.9000015258789,73.0,76.19999694824219,349241577
2026-01-28,81.69999694824219,83.80000305175781,81.4000015258789,83.80000305175781,207246371
2026-01-29,89.4000015258789,92.0999984741211,85.5,92.0999984741211,458760716
2026-01-30,93.9000015258789,95.5,90.5,92.80000305175781,395892486
2026-02-02,87.0,89.4000015258789,83.5999984741211,84.80000305175781,241465093
2026-02-03,92.0,93.19999694824219,82.0999984741211,84.5,399712074
2026-02-04,82.80000305175781,91.9000015258789,82.69999694824219,89.69999694824219,250607793
2026-02-05,87.5,91.69999694824219,86.0999984741211,87.9000015258789,229124963
2026-02-06,85.0,85.80000305175781,79.5,80.80000305175781,234140868
2026-02-09,88.80000305175781,88.80000305175781,87.30000305175781,88.80000305175781,123907496
2026-02-10,91.5,95.30000305175781,89.30000305175781,89.5999984741211,271835715
2026-02-11,89.0999984741211,98.5,88.80000305175781,98.5,345272475
2026-02-23,106.0,108.0,103.0,103.5,191468129
2026-02-24,103.0,113.5,101.5,113.5,121657201
2026-02-25,114.5,117.5,105.5,108.0,223469894
2026-02-26,110.0,113.0,107.0,110.0,143339483
2026-03-02,105.5,120.5,105.5,116.0,176612499
2026-03-03,116.5,117.5,104.5,104.5,228206911
2026-03-04,97.0,103.0,94.19999694824219,98.0,209068319
2026-03-05,107.5,107.5,105.0,107.5,79660540
2026-03-06,107.0,110.5,102.5,102.5,172718919
2026-03-09,92.30000305175781,92.30000305175781,92.30000305175781,92.30000305175781,31979696
2026-03-10,97.80000305175781,98.80000305175781,88.80000305175781,90.69999694824219,315844331
2026-03-11,93.30000305175781,99.69999694824219,93.30000305175781,99.69999694824219,130474935
2026-03-12,102.5,109.0,98.5,99.0,269829466
2026-03-13,108.0,108.5,104.5,108.5,235674254
2026-03-16,119.0,119.0,119.0,119.0,26742034
2026-03-17,130.5,130.5,130.5,130.5,61678842
2026-03-18,137.0,143.5,135.0,143.5,240034785
2026-03-19,139.5,157.5,139.5,157.0,82361568
2026-03-20,170.0,170.0,145.0,160.0,68366567
2026-03-23,147.0,155.0,147.0,148.5,42551616
2026-03-24,145.0,145.0,134.0,136.5,39406759
2026-03-25,144.0,144.0,134.0,142.0,23767286
2026-03-26,137.0,137.0,128.0,128.0,35817030
2026-03-27,118.0,125.0,115.5,125.0,46595086
2026-03-30,120.0,129.0,120.0,128.0,19165097
2026-03-31,120.5,120.5,115.5,115.5,25217116
2026-04-01,125.0,127.0,125.0,127.0,15068445
2026-04-02,138.0,138.0,127.0,129.0,26437911
2026-04-07,135.5,137.5,134.0,136.5,14551167
2026-04-08,150.0,150.0,150.0,150.0,21738095
2026-04-09,154.0,154.0,137.0,142.0,168256680
2026-04-10,149.0,156.0,141.5,146.0,196931578
2026-04-13,147.0,153.5,144.0,147.5,104889620
2026-04-14,153.0,162.0,147.0,155.5,252795753
2026-04-15,161.0,162.0,140.5,142.0,251750601
2026-04-16,138.5,141.5,134.0,139.0,142525933
2026-04-17,139.0,141.0,130.5,131.0,117232815
2026-04-20,120.0,125.0,118.0,120.5,168093827
2026-04-21,123.5,132.5,123.5,132.5,134347440
2026-04-22,132.5,138.5,130.0,134.5,161871685
2026-04-23,140.0,144.5,124.0,126.0,216226253
2026-04-24,129.5,136.0,124.0,132.0,149120354
2026-04-27,138.5,145.0,138.0,145.0,153264563
2026-04-28,151.5,159.5,151.0,159.5,243565455
2026-04-29,161.5,171.5,159.0,167.0,353235350
2026-04-30,172.5,176.0,154.0,154.0,286828964
2026-05-04,161.0,163.0,151.0,154.5,223563196
2026-05-05,155.0,162.5,153.0,160.5,171185097
2026-05-06,173.0,176.5,166.5,172.0,255931787
2026-05-07,172.0,172.0,160.0,164.5,232538438
2026-05-08,160.0,164.5,149.0,153.0,166036626
2026-05-11,161.0,162.5,156.0,159.5,147917503
2026-05-12,159.5,159.5,151.5,153.0,135092407
2026-05-13,149.0,168.0,147.0,168.0,236659909
2026-05-14,172.0,178.5,165.0,169.0,316444979
2026-05-15,168.0,168.5,161.5,162.5,128479519
2026-05-18,157.0,163.0,153.0,160.0,78647929
2026-05-19,157.5,157.5,144.0,144.0,139838037
2026-05-20,144.5,148.0,136.5,141.0,110932797
2026-05-21,146.0,149.0,141.0,141.0,95084719
2026-05-22,144.0,152.5,143.5,149.5,111440834
2026-05-25,148.0,154.5,140.5,152.5,134337901
2026-05-26,154.5,162.5,151.0,160.5,161604930
2026-05-27,172.0,175.0,154.0,155.5,239892831
2026-05-28,155.5,168.0,153.5,160.0,214396021
2026-05-29,167.0,169.5,162.5,166.5,169317639
2026-06-01,169.5,175.0,166.0,167.5,187452083
2026-06-02,173.0,180.0,170.0,175.5,245121452
2026-06-03,177.5,177.5,162.0,162.0,55943065
2026-06-04,158.0,161.0,156.5,156.5,26062881
2026-06-05,148.0,150.0,141.0,150.0,52379426
2026-06-08,135.0,143.5,135.0,143.5,33329366
2026-06-09,148.0,148.0,143.5,145.5,22167679
2026-06-10,141.5,144.0,135.0,135.0,23692755
2026-06-11,135.0,140.5,132.5,140.0,21434293
2026-06-12,147.0,148.0,144.0,146.5,25796133
2026-06-15,151.0,159.0,150.0,159.0,26842402
2026-06-16,164.0,166.5,160.5,166.5,41502089
2026-06-17,164.0,168.5,159.5,161.5,112243922
2026-06-18,164.0,171.5,162.5,169.0,124602424
2026-06-22,177.0,185.5,173.5,185.5,133012115
2026-06-23,188.0,192.0,168.5,172.0,204257809
2026-06-24,169.0,174.0,166.0,172.0,112891697
2026-06-25,179.5,179.5,161.0,161.5,160313441
2026-06-26,162.0,174.5,162.0,162.5,189108464
2026-06-29,166.0,167.5,158.0,158.5,82784915
2026-06-30,162.0,162.5,153.5,155.5,98074462
2026-07-01,156.0,156.5,142.5,143.5,126239928
2026-07-02,135.0,146.0,135.0,145.5,69703260
2026-07-03,142.0,147.0,140.5,142.5,51366602
2026-07-06,146.5,152.0,144.0,144.5,62622891
2026-07-07,146.0,146.0,136.5,139.0,64374440
2026-07-08,141.0,143.0,134.0,138.5,52491657
2026-07-09,141.5,148.0,139.5,143.5,62372119
2026-07-10,143.5,143.5,143.5,143.5,0
2026-07-13,146.0,147.0,138.0,138.0,50877860
2026-07-14,140.5,143.0,130.5,139.5,66962318
2026-07-15,144.5,150.5,144.0,148.5,109271875
2026-07-16,143.5,144.0,136.0,136.5,70737205
2026-07-17,127.0,129.5,124.0,125.0,67181435
2026-07-20,126.0,127.0,115.5,117.5,70724200
2026-07-21,120.5,123.5,118.0,123.0,45360794
2026-07-22,129.5,135.0,129.5,135.0,54359175
2026-07-23,132.0,134.5,125.5,129.5,66944522
2026-07-24,126.5,131.0,123.5,124.0,38932855
2026-07-27,123.5,125.5,118.0,125.5,37028235
2026-07-28,115.0,116.0,113.0,113.0,36349240
2026-07-29,110.0,110.5,102.0,102.0,78702405
2026-07-30,95.80000305175781,103.0,91.80000305175781,91.80000305175781,93640086
2026-07-31,100.5,100.5,100.5,100.5,11352531
2026-08-03,102.5,110.5,102.0,110.5,49703003
2026-08-04,113.0,121.0,109.5,120.0,117248948
2026-08-05,123.0,127.5,117.0,117.5,172044661
2026-08-06,117.5,129.0,116.0,129.0,121491985
2026-08-07,130.5,130.5,120.5,121.5,111033754
2026-08-10,124.0,133.5,123.0,133.5,133813584
2026-08-11,134.0,139.0,129.0,132.5,144441816
2026-08-12,135.0,140.0,134.5,136.5,103744646
2026-08-13,140.0,141.5,136.0,136.5,87759248
2026-08-14,140.5,144.5,134.5,137.0,93286607
2026-08-17,135.0,135.0,128.0,129.5,73095444
2026-08-18,130.0,133.5,121.0,122.0,105560659
2026-08-19,117.0,120.5,115.0,119.0,49355745
2026-08-20,122.0,124.5,119.5,122.0,48394870
2026-08-21,120.5,122.5,119.5,122.5,29899720
2026-08-24,121.0,128.0,119.5,124.0,39602232
2026-08-25,120.5,122.5,117.5,122.0,33041411
2026-08-26,123.0,125.5,121.5,125.5,23634227
2026-08-27,128.5,131.0,126.5,127.5,42357435
2026-08-28,130.0,130.0,125.0,126.5,29666324
2026-08-31,124.0,127.5,122.5,126.0,35612781
2026-09-01,126.0,127.5,122.0,122.5,31459951
2026-09-02,122.0,123.5,120.0,123.0,18569662
2026-09-03,125.0,127.5,117.0,117.0,46118841
2026-09-04,120.5,123.0,116.5,121.5,29419487
2026-09-07,124.5,126.5,123.0,124.5,28398614
2026-09-08,125.5,130.0,125.0,126.0,58356092
2026-09-09,127.5,130.0,124.0,126.5,32726500
2026-09-10,124.5,126.5,122.0,122.5,24923516
2026-09-11,118.5,120.5,117.5,119.0,21904636
2026-09-14,116.5,117.5,114.5,116.0,21776524
2026-09-15,116.0,116.5,114.0,114.5,16454981
2026-09-16,116.0,120.0,116.0,119.0,21115032
2026-09-17,121.5,122.5,116.5,116.5,28950720
2026-09-18,119.5,122.0,119.5,121.0,55767066
2026-09-21,123.5,124.5,119.5,120.0,25793216
2026-09-22,122.5,123.5,118.0,118.0,23692951
2026-09-23,121.0,123.5,119.0,119.0,27347213
2026-09-24,117.5,117.5,115.0,117.0,18013559
2026-09-29,115.5,118.5,114.5,118.5,14927096
2026-09-30,120.0,123.0,119.5,122.5,26401195
2026-10-01,121.0,122.5,119.5,121.0,16249153
2026-10-02,122.5,123.0,121.0,122.0,12855785
2026-10-05,122.5,122.5,119.5,121.5,24076011
2026-10-06,121.5,122.5,119.5,119.5,12948914
