date,open,high,low,close,volume
2011-09-29,4.608167462793963,4.714802780341723,4.577699911120652,4.676718711853027,6808026
2011-09-30,4.699569262733906,4.707185779366357,4.608167352115147,4.661485195159912,5246767
2011-10-03,4.585317231590473,4.585317231590473,4.372046947479248,4.372046947479248,13143996
2011-10-04,4.273027564691211,4.417747316085792,4.242560385330273,4.364429473876953,13776469
2011-10-05,4.432981503754804,4.440598392079433,4.280644850571113,4.311112403869629,12916142
2011-10-06,4.417747645807239,4.486298526158492,4.387280464172363,4.387280464172363,11730893
2011-10-07,4.402513835420434,4.432981014251709,4.402513835420434,4.432981014251709,5352009
2011-10-11,4.5548487016309265,4.562465588016065,4.493913981652692,4.5167646408081055,7922772
2011-10-12,4.516765813953194,4.59293395538208,4.478681743238751,4.539616107940674,8257911
2011-10-13,4.570084030857278,4.592934326692061,4.501532401146939,4.524383068084717,5714736
2011-10-14,4.539616039412209,4.615784550794246,4.47868167563013,4.49391508102417,12782291
2011-10-17,4.547232887538121,4.600550733704209,4.51676570591591,4.531999111175537,6304295
2011-10-18,4.493914822098011,4.52438237333656,4.455831496358641,4.509148597717285,3824469
2011-10-19,4.562466663900706,4.585316957341625,4.493915041372033,4.531999111175537,4260763
2011-10-20,4.493915421103111,4.509149198752933,4.379663944244385,4.379663944244385,5717801
2011-10-21,4.463448415573191,4.463448415573191,4.387280279146776,4.455831527709961,6382971
2011-10-24,4.531999111175537,4.570083552081997,4.5091488177346175,4.531999111175537,19294004
2011-10-25,4.554849775719413,4.585316957341625,4.531999111175537,4.531999111175537,13039776
2011-10-26,4.4558312695591935,4.501531480782084,4.44059786581823,4.471065044403076,5806695
2011-10-27,4.4634486385707834,4.539616036596702,4.4558317503270075,4.486298561096191,5980395
2011-10-28,4.570083736650612,4.592934031014369,4.425364710876185,4.440598487854004,9784430
2011-10-31,4.417747729873908,4.448214912088553,4.303495518241767,4.318728923797607,8057645
2011-11-01,4.265411044834874,4.410130425013093,4.250177269614881,4.356812953948975,5990613
2011-11-02,4.250177447535577,4.417747497558594,4.234943671677869,4.417747497558594,5905806
2011-11-03,4.42536454773447,4.42536454773447,4.2730278968811035,4.2730278968811035,7592742
2011-11-04,4.402513871646567,4.4558313422642915,4.356812917472142,4.394896984100342,8614508
2011-11-07,4.394897588517979,4.402514477111732,4.288261890411377,4.288261890411377,6583237
2011-11-08,4.288261561120486,4.333962518070707,4.257794380187988,4.257794380187988,6377862
2011-11-09,4.2730278968811035,4.372046701380644,4.2730278968811035,4.2730278968811035,5113938
2011-11-10,4.189242425117231,4.189242425117231,3.9759721755981445,3.9759721755981445,13956300
2011-11-11,3.945505993581777,4.006440737079972,3.800786209712946,3.83125376701355,13859232
2011-11-14,3.8845700838350687,3.983588873128002,3.8845700838350687,3.9150376319885254,9028323
2011-11-15,3.937888948431231,3.95312272647872,3.846487022352291,3.8617208003997803,5893545
2011-11-16,3.8845709213172177,4.036907581618355,3.793168999357132,3.8084027767181396,41827007
2011-11-17,3.8845708378902355,3.9074215034409954,3.5418145656585693,3.5418145656585693,52416589
2011-11-18,3.4504121515439694,3.4504121515439694,3.298076629638672,3.298076629638672,44404923
2011-11-21,3.1609739087511386,3.2295255275082453,3.069572925567627,3.069572925567627,28411221
2011-11-22,2.993404594383015,3.153357010226234,2.8943857960178963,3.107656240463257,49895892
2011-11-23,3.0848067491343474,3.2142919953826588,2.9705543518066406,2.9705543518066406,30965636
2011-11-24,2.9857879698596754,3.1076565144194994,2.970554378595762,3.0543394088745117,17441543
2011-11-25,3.0771895550725525,3.1305066548395915,3.0086381234866026,3.023871898651123,13323826
2011-11-28,3.160974176618938,3.160974176618938,3.0543394088745117,3.0543394088745117,14526445
2011-11-29,3.1076564174318753,3.1533571897973287,3.0848066806793213,3.0848066806793213,24750234
2011-11-30,3.0848065433794116,3.17620771293924,2.871535539627075,2.871535539627075,187177290
2011-12-01,3.0314886006819193,3.0391054882641795,2.917236214705336,3.023871898651123,64000349
2011-12-02,3.023872063320195,3.1076563468759346,2.993404696883476,3.0391056537628174,23193063
2011-12-05,3.0543395126346518,3.153357395335154,3.0467228095196868,3.1381239891052246,25501232
2011-12-06,3.138124094328835,3.191441574575833,3.031489133834839,3.031489133834839,26724286
2011-12-07,3.0771895550725525,3.1000392900620146,3.016255011068863,3.023871898651123,12923294
2011-12-08,3.0314886996655925,3.0467224753275235,2.86391865179611,2.871535539627075,27053295
2011-12-09,2.7877503309241476,2.7877503309241476,2.6734988689422607,2.6734988689422607,39489207
2011-12-12,2.734433521187988,2.8029842154889084,2.719199930481407,2.7420504093170166,16527063
2011-12-13,2.681115898429114,2.7420506374275364,2.681115898429114,2.7039663791656494,10047023
2011-12-14,2.7268166822121302,2.8867692947387695,2.711583091230951,2.8867692947387695,24681776
2011-12-15,2.8867692875696616,2.8867692875696616,2.787750482559204,2.787750482559204,15778108
2011-12-16,2.78775039164752,2.825834646091138,2.7344334745147085,2.7572832107543945,12049684
2011-12-19,2.7572834871954264,2.772517079169286,2.7039663791656494,2.7039663791656494,12171275
2011-12-20,2.772516690231047,2.8867690778860036,2.757283100394208,2.810600757598877,22819097
2011-12-21,2.993404735516099,3.00102162361145,2.940086889951594,3.00102162361145,21355928
2011-12-22,3.00102171961119,3.061956269668806,2.9477038723410995,2.9705543518066406,11521431
2011-12-23,3.115272814146028,3.1762075424194336,3.0924230796372045,3.1762075424194336,22529937
2011-12-26,3.2066748532769083,3.221908628749368,3.0924232071966666,3.107656240463257,13697793
2011-12-27,3.107656148148236,3.26760948699727,3.092423115334153,3.2599925994873047,25657562
2011-12-28,3.2599923137271953,3.4504118870643086,3.2219082506186165,3.3209266662597656,48619707
2011-12-29,3.3209269937747257,3.3590114317421422,3.2752260393167534,3.343777656555176,21656327
2011-12-30,3.4047125461515533,3.4351797268538893,3.1762077631266696,3.1990580558776855,28403047
2012-01-02,3.1990580558776855,3.1990580558776855,3.1990580558776855,3.1990580558776855,0
2012-01-03,3.1990580558776855,3.1990580558776855,3.1990580558776855,3.1990580558776855,0
2012-01-04,3.1990580558776855,3.1990580558776855,3.1990580558776855,3.1990580558776855,0
2012-01-05,3.1990580558776855,3.1990580558776855,3.1990580558776855,3.1990580558776855,0
2012-01-06,3.298076723739989,3.3437776784978617,3.1609738594663703,3.206674814224243,14939238
2012-01-09,3.1990583586354835,3.2066752473076634,3.1228902141196433,3.145740509033203,7560045
2012-01-10,3.199057707816564,3.221908369184347,3.176207417551686,3.1914408206939697,7804247
2012-01-11,3.2066750712622354,3.221908847770266,3.1685910010951184,3.1838247776031494,7512022
2012-01-12,3.2219086270961927,3.2219086270961927,3.145740120875911,3.168590784072876,6824374
2012-01-13,3.1914412466212885,3.206675022899565,3.115273107435813,3.122889995574951,11089225
2012-01-16,3.1685907965133655,3.1762076842755924,3.069572925567627,3.069572925567627,9106999
2012-01-17,3.100039367382161,3.282843003952658,3.100039367382161,3.27522611618042,17708224
2012-01-18,3.3056939688063927,3.3437780400385786,3.214292049407959,3.214292049407959,27831880
2012-01-30,3.4351797103881836,3.4351797103881836,3.427562822473373,3.4351797103881836,25461383
2012-01-31,3.4961132396680332,3.671300172805786,3.435179622323425,3.671300172805786,51069901
2012-02-01,3.785552493826052,3.884570172059114,3.6941505894956173,3.8236358165740967,40554909
2012-02-02,3.8998048091359787,3.907421698032223,3.724618591140312,3.8160197734832764,36672198
2012-02-03,3.823636254717698,4.082608222961426,3.7398519702037456,4.082608222961426,44382444
2012-02-06,4.364429779974665,4.425364514073105,4.143541879134381,4.181626319885254,75363407
2012-02-07,4.181625733364779,4.303494813365183,4.113074862937111,4.174008846282959,27367998
2012-02-08,4.196858928430082,4.280643939971924,4.189242041725754,4.280643939971924,36704895
2012-02-09,4.242559864027411,4.242559864027411,4.0978412437238605,4.1587748527526855,43023495
2012-02-10,4.1587755345952155,4.448214678171067,4.1587755345952155,4.417747497558594,91558396
2012-02-13,4.41013111468623,4.7224202156066895,4.303495784779026,4.7224202156066895,74348793
2012-02-14,4.851905326762813,5.011858502462515,4.722420076473059,4.966157913208008,90294472
2012-02-15,5.0270921479248765,5.232745536388756,5.0270921479248765,5.217512130737305,72332849
2012-02-16,5.225128780204339,5.301296918287838,4.859521865844727,4.859521865844727,91487894
2012-02-17,4.93569016125499,5.080409925108986,4.638634858584148,4.691952705383301,75171315
2012-02-20,4.722419662192734,4.897605857471537,4.70718588637565,4.798587799072266,31975141
2012-02-21,4.836670751562783,4.889988591699611,4.684335231781006,4.684335231781006,26980749
2012-02-22,4.684336035437587,4.82905506383068,4.63863507478015,4.714803218841553,31557239
2012-02-23,4.722419517232545,4.844287864513608,4.691952337636547,4.699569225311279,22883468
2012-02-24,4.722419887367262,4.775737734166414,4.67671892883984,4.691952705383301,21774852
2012-02-29,4.989008405048597,5.019475589456949,4.859522407434366,4.905223369598389,66038771
2012-03-01,4.950923701728387,4.950923701728387,4.798587799072266,4.798587799072266,30366881
2012-03-02,4.806204795837402,4.8976059683982935,4.775737614616122,4.806204795837402,28779057
2012-03-05,4.714803133913488,4.851905271210215,4.699569728037394,4.783354759216309,23538420
2012-03-06,4.82905506383068,4.836671581354437,4.691952924064323,4.714803218841553,27297497
2012-03-07,4.57769955150735,4.760503362774809,4.57769955150735,4.684335231781006,17468109
2012-03-08,4.798588361412262,4.821438285609752,4.7224202156066895,4.7224202156066895,19432965
2012-03-09,4.798587724553708,4.836671050196182,4.730036476647269,4.745270252227783,19983696
2012-03-12,4.790970912054662,4.798587428271711,4.684335231781006,4.684335231781006,12587133
2012-03-13,4.722419668260052,4.737653444096708,4.676718711853027,4.676718711853027,10076655
2012-03-14,4.790971288422059,4.790971288422059,4.661485307119316,4.676718711853027,14658253
2012-03-15,4.676718873311216,4.699569537855092,4.531999111175537,4.531999111175537,26233838
2012-03-16,4.531998992169634,4.684335638486393,4.387280347142997,4.63863468170166,41458150
2012-03-19,4.669102208117863,4.684335985207984,4.5472331047058105,4.5472331047058105,14930042
2012-03-20,4.570083400620957,4.592933693304576,4.394897204874975,4.417747497558594,15081264
2012-03-21,4.493915222864486,4.531999294206063,4.440598487854004,4.440598487854004,12441021
2012-03-22,4.455831753090551,4.524382634018169,4.455831753090551,4.49391508102417,9229611
2012-03-23,4.547232586330869,4.547232586330869,4.440598014371004,4.448214530944824,6865244
2012-03-26,4.448214565070732,4.4862982615407985,4.4025139808654785,4.4025139808654785,8120995
2012-03-27,4.417747430918121,4.471065274512871,4.250177383422852,4.250177383422852,12350084
2012-03-28,4.265411040277867,4.303495107184233,4.082607964450823,4.097841739654541,19498358
2012-03-29,4.052141113326413,4.074991406879691,3.823636322278843,3.907421350479126,21684937
2012-03-30,3.8617203969270855,4.151158809661865,3.8617203969270855,4.151158809661865,15839414
2012-04-02,4.113075487479855,4.135925409989115,4.01405668258667,4.01405668258667,9098825
2012-04-03,3.9835892623842746,4.029290217977226,3.7474687099456787,3.7474687099456787,21277252
2012-04-05,3.518964064639636,3.7093844108696636,3.503730288500053,3.6255993843078613,19439095
2012-04-06,3.694151302025484,3.846486849017679,3.671300635983972,3.8084027767181396,11791178
2012-04-09,3.73223458768686,3.793168199876072,3.671299862188941,3.739851474761963,7052228
2012-04-10,3.808402042151388,3.8541029943166056,3.785552493826052,3.8236358165740967,5117003
2012-04-11,3.8084020500511993,3.8236358245055078,3.7474684366456055,3.785552501678467,3224693
2012-04-12,3.7855531163341154,3.846486739633428,3.755085562478519,3.800785779953003,3882710
2012-04-13,3.854103543733418,3.9378885727963664,3.854103543733418,3.869337320327759,9895802
2012-04-16,3.869336808136891,3.869336808136891,3.777935645081628,3.793168306350708,5469512
2012-04-17,3.80840229624289,3.8464863637376707,3.6560667684696337,3.671300172805786,8943516
2012-04-18,3.7703187221882275,3.7703187221882275,3.6636834144592285,3.6636834144592285,8436720
2012-04-19,3.6865335168541082,3.6865335168541082,3.5646644409110975,3.610365390777588,7537566
2012-04-20,3.610366254205668,3.656067215001657,3.4732633718177013,3.4808802604675293,9323613
2012-04-23,3.4427959346482213,3.4961134090625046,3.3056938045682145,3.359011650085449,8297760
2012-04-24,3.3742448593538055,3.587515115737915,3.3742448593538055,3.587515115737915,14558120
2012-04-25,3.678917306855268,3.7931687747836995,3.678917306855268,3.7703192234039307,15833283
2012-04-26,3.8007858102366536,3.8464867702812113,3.633216489313546,3.6408333778381348,15407207
2012-04-27,3.6789172599489555,3.7398519939054635,3.656066966654611,3.7093844413757324,10730585
2012-04-30,3.678917003562143,3.7627020249739473,3.678917003562143,3.7246179580688477,7550849
2012-05-02,3.7322357435393827,3.9835901260375977,3.7322357435393827,3.9835901260375977,18811731
2012-05-03,3.953121696077446,4.0064395342430945,3.9074207449501612,3.9150376319885254,13327914
2012-05-04,3.8388692249011016,4.02167303380041,3.8388692249011016,3.945504903793335,13022406
2012-05-07,3.8845700838350687,3.975971986089638,3.8236357297339563,3.9150376319885254,7876793
2012-05-08,3.983589243898903,4.08260804240797,3.983589243898903,4.029290199279785,11929116
2012-05-09,3.9835899114707005,3.9835899114707005,3.8388701333285464,3.8617208003997803,12027206
2012-05-10,3.8617208003997803,3.9455058374549754,3.846487022352291,3.8617208003997803,4885062
2012-05-11,3.861720397746676,3.884570691332362,3.7550854469448343,3.7703192234039307,5129264
2012-05-14,3.7703191443250432,3.8084024713651465,3.617982867341021,3.6255993843078613,6630238
2012-05-15,3.4808797283587016,3.6713000599806755,3.4808797283587016,3.656066656112671,6364579
2012-05-16,3.656066675955418,3.6941507424865083,3.5189638137817383,3.5189638137817383,4511096
2012-05-17,3.526580377872837,3.6484494538158483,3.526580377872837,3.610365390777588,4274046
2012-05-18,3.610365988121192,3.610365988121192,3.4961134090001607,3.503730297088623,5563515
2012-05-21,3.503730579027348,3.5875156125365564,3.503730579027348,3.5646653175354004,2984578
2012-05-22,3.6103657383996857,3.6408329175432317,3.5875150757148315,3.6179826259613037,2950859
2012-05-23,3.579898699606356,3.579898699606356,3.4504127058682172,3.4808802604675293,5441925
2012-05-24,3.480880067435621,3.534197542821743,3.2447591301058734,3.3056938648223877,5316247
2012-05-25,3.313310404490953,3.3666278742680995,3.2752259673602495,3.298076629638672,3981821
2012-05-28,3.313310404490953,3.3590113579448784,3.237141901332465,3.298076629638672,2980491
2012-05-29,3.2980769983554836,3.526581048965454,3.2980769983554836,3.526581048965454,6108116
2012-05-30,3.5265811114885386,3.541814517211032,3.427563046534913,3.4732632637023926,5241658
2012-05-31,3.4199461064590673,3.633216381072998,3.3590117422836583,3.633216381072998,5730063
2012-06-01,3.564664989635196,3.564664989635196,3.3894787922360865,3.3970956802368164,6623086
2012-06-04,3.1685906747773283,3.2676094696761426,3.1609737873077393,3.1609737873077393,11067767
2012-06-05,3.2447591011298047,3.3056938353021654,3.2219088077545166,3.2219088077545166,7071641
2012-06-06,3.2523753826693818,3.2828425585214704,3.2066744333398054,3.2371416091918945,5380619
2012-06-07,3.2828433034052993,3.3361611515715475,3.1990582724738967,3.214292049407959,4638817
2012-06-08,3.214291517084392,3.2447586948038323,3.1457399033370153,3.1533567905426025,3498526
2012-06-11,3.206675160940928,3.267609897574207,3.1990582724738967,3.214292049407959,6001852
2012-06-12,3.1762075424194336,3.199057833582636,3.168590654997393,3.1762075424194336,2365387
2012-06-13,3.19905818300822,3.221908847770266,3.1685910010951184,3.1838247776031494,2573828
2012-06-14,3.122889628259692,3.1533568061297323,3.107656039324672,3.1305065155029297,4948412
2012-06-15,3.138123694473013,3.1990580558776855,3.138123694473013,3.1990580558776855,5271290
2012-06-18,3.2752264192027805,3.343778044392349,3.2752264192027805,3.3133108615875244,9130499
2012-06-19,3.3133104612829714,3.3133104612829714,3.237141956818912,3.2447588443756104,2878314
2012-06-20,3.2752262936699554,3.3361610280470693,3.2599928884028944,3.3285441398620605,6011048
2012-06-21,3.3209273107079094,3.3209273107079094,3.229525764171973,3.2676098346710205,5918067
2012-06-22,3.1990578705105075,3.2599925994873047,3.168590691573571,3.2599925994873047,2440998
2012-06-25,3.244758495930638,3.244758495930638,3.199057546601062,3.2371416091918945,2504348
2012-06-26,3.313310397576397,3.45802903175354,3.2828428479354166,3.45802903175354,18705467
2012-06-27,3.4580295876361262,3.4580295876361262,3.359011890900316,3.366628408432007,11035071
2012-06-28,3.3894790743360153,3.442796181469766,3.343778113630977,3.366628408432007,5461338
2012-06-29,3.419945846229437,3.458029171511057,3.3970955541781174,3.4123289585113525,6637391
2012-07-02,3.465646525441392,3.465646525441392,3.4199463062939164,3.442796230316162,4922867
2012-07-03,3.4504120567954115,3.67891681779028,3.4504120567954115,3.6636834144592285,15214093
2012-07-04,3.6484494916156094,3.656066378522754,3.579897880554199,3.579897880554199,10079720
2012-07-05,3.5798982280913214,3.6560667334543275,3.549431048607877,3.587515115737915,6424863
2012-07-06,3.587515525657116,3.6103661912078757,3.5341976771416497,3.5418145656585693,3790751
2012-07-09,3.5113468725223367,3.518963759932582,3.45802903175354,3.45802903175354,3747837
2012-07-10,3.4580284293925234,3.5341965480212565,3.404711711219831,3.4275619983673096,4501900
2012-07-11,3.4275629604700173,3.480880064711454,3.412329184027071,3.4504125118255615,2607546
2012-07-12,3.496112990777767,3.496112990777767,3.397095312987503,3.404712200164795,2882401
2012-07-13,3.3666278183982943,3.419945658393541,3.3513944149017334,3.3513944149017334,2882401
2012-07-16,3.359011816972641,3.404712776671858,3.206675160940928,3.214292049407959,3932776
2012-07-17,3.1990583192087234,3.313310905677359,3.1990583192087234,3.2828433513641357,3620116
2012-07-18,3.298076723739989,3.3133104990269233,3.199057926580776,3.206674814224243,3217540
2012-07-19,3.23714221297039,3.2676097656080483,3.206675031435688,3.2219088077545166,4240328
2012-07-20,3.221908206817293,3.2599922694081256,3.2066744333398054,3.2371416091918945,3573115
2012-07-23,3.2066752448973577,3.2219090222302675,3.1228902117723147,3.1381239891052246,4649034
2012-07-24,3.1381237845603223,3.1533571897973287,3.0619562017208555,3.0848066806793213,5432729
2012-07-25,3.0695729085502346,3.1457401157870293,3.0543391331102354,3.0924232006073,3624203
2012-07-26,3.1228901399718274,3.1305070284631573,3.0771899223327637,3.0771899223327637,4409941
2012-07-27,3.1228897015680688,3.1914409461605953,3.1228897015680688,3.1762075424194336,4582619
2012-07-30,3.1914409461605953,3.2752259655972034,3.1762075424194336,3.1762075424194336,3831622
2012-07-31,3.237141956818912,3.2447588443756104,3.183824486127874,3.2447588443756104,4250546
2012-08-01,3.2447589361944047,3.305693667269372,3.2066748684361515,3.27522611618042,6334948
2012-08-02,3.27522611618042,3.27522611618042,3.27522611618042,3.27522611618042,0
2012-08-03,3.27522598604281,3.27522598604281,3.1609737873077393,3.1609737873077393,5326465
2012-08-06,3.2066747210046764,3.2599925618560417,3.168590654997393,3.1762075424194336,3162365
2012-08-07,3.1838247776031494,3.221908847770266,3.1457403363330725,3.1838247776031494,2603459
2012-08-08,3.2371422238478678,3.374245097869157,3.2371422238478678,3.3285441398620605,10752042
2012-08-09,3.3513947233353827,3.4504124118301376,3.305693766433949,3.3970956802368164,7691853
2012-08-10,3.412329106213291,3.412329106213291,3.3666281490295624,3.381861925125122,4160630
2012-08-13,3.38947842581021,3.41232871623918,3.359011248203948,3.404712200164795,4303677
2012-08-14,3.4047122389980813,3.4580289654356156,3.3590112865159805,3.3742446899414062,5835304
2012-08-15,3.3894787922360865,3.43517974913752,3.381861904235356,3.3970956802368164,3709010
2012-08-16,3.397095863986959,3.4732632637023926,3.397095863986959,3.4732632637023926,6743654
2012-08-17,3.503730494176943,3.579898637140196,3.480880199729156,3.5418145656585693,6933703
2012-08-20,3.5341976771416497,3.595132414174036,3.503730494176943,3.5418145656585693,7675505
2012-08-21,3.5722816553664347,3.587515059317116,3.5113469262549355,3.5189638137817383,5086350
2012-08-22,3.5265811114885386,3.5341976287983012,3.4732632637023926,3.4732632637023926,4179022
2012-08-23,3.4884970405278537,3.4884970405278537,3.4351799349476435,3.4732632637023926,2955968
2012-08-24,3.427562529687676,3.4504120781714467,3.3666278026772374,3.3742446899414062,5326465
2012-08-27,3.3742447056980316,3.3894784802975058,3.3361606403022592,3.3513944149017334,3483199
2012-08-28,3.3970953517339124,3.419945642423507,3.3285437374593054,3.3742446899414062,4150412
2012-08-29,3.3970957194254883,3.4123291244997325,3.359011650085449,3.359011650085449,2213144
2012-08-30,3.3590113022014707,3.3894784802975058,3.3361606403022592,3.3513944149017334,5117003
2012-08-31,3.3513946157930494,3.3894786834716797,3.343777728036736,3.3894786834716797,2893640
2012-09-03,3.3970957012206817,3.419945994261071,3.351394744036953,3.381861925125122,3164408
2012-09-04,3.412328888415175,3.6179826259613037,3.389478596833247,3.6179826259613037,18630878
2012-09-05,3.5798985881717162,3.587515476584447,3.4656463752896625,3.4732632637023926,11063680
2012-09-06,3.4656461878315983,3.5037302567323017,3.3970956802368164,3.3970956802368164,6015135
2012-09-07,3.5037305980520976,3.5265812642803116,3.442796230316162,3.442796230316162,6666000
2012-09-10,3.412328226200421,3.4580284293925234,3.412328226200421,3.4275619983673096,5752541
2012-09-11,3.44279591619851,3.44279591619851,3.381861925125122,3.381861925125122,3754989
2012-09-12,3.3970951635798152,3.4275623398461,3.313310150520363,3.3209266662597656,8054580
2012-09-13,3.320926865702785,3.3970953675972426,3.320926865702785,3.3513944149017334,5455208
2012-09-14,3.42756275115031,3.4351796389066234,3.3590115035493624,3.3894786834716797,8033123
2012-09-17,3.427562529687676,3.427562529687676,3.3513943992518116,3.3742446899414062,4094215
2012-09-18,3.3742445030529327,3.3742445030529327,3.313310150520363,3.3209266662597656,6399319
2012-09-19,3.3209270481002076,3.4351796216656054,3.3209270481002076,3.4123289585113525,6413624
2012-09-20,3.4275627339475214,3.5037301267166296,3.381861778741949,3.4123289585113525,9774212
2012-09-21,3.465646525441392,3.480880302926868,3.4199463062939164,3.442796230316162,7050184
2012-09-24,3.4656462882685077,3.503730358272915,3.442795994707047,3.4504125118255615,7358757
2012-09-25,3.4656460592291416,3.473262946947226,3.404712441896202,3.4123289585113525,3787686
2012-09-26,3.374245097869157,3.3894788742391744,3.3285441398620605,3.3285441398620605,4156543
2012-09-27,3.313310349505961,3.3742447056980316,3.313310349505961,3.3513944149017334,3057123
2012-09-28,3.3513944149017334,3.3742447056980316,3.320926865702785,3.3513944149017334,4075824
2012-10-01,3.3285441990283116,3.343777975669116,3.252376058030216,3.2676098346710205,5474621
2012-10-02,3.275226414938268,3.3056939688063927,3.160974201241711,3.214292049407959,5447033
2012-10-03,3.2142917562083895,3.298076779497134,3.2142917562083895,3.27522611618042,3749880
2012-10-04,3.351394863989518,3.351394863989518,3.244759169709814,3.2676098346710205,3461742
2012-10-05,3.267609156146869,3.2828425585214704,3.221908206817293,3.2371416091918945,3463786
2012-10-08,3.3513948044170867,3.412329167691244,3.320927251677052,3.3285441398620605,7457869
2012-10-09,3.3285435531020595,3.3742445030529327,3.2828426031511864,3.3209266662597656,6247076
2012-10-11,3.2752262826645073,3.2904600589833364,3.2219088077545166,3.2219088077545166,5746411
2012-10-12,3.2219084042899793,3.2523755820094196,3.1381233872343373,3.1533567905426025,4728732
2012-10-15,3.1228901256848767,3.1762079737772893,3.1076565343233953,3.1152732372283936,2321452
2012-10-16,3.1381239914640036,3.1609742863775634,3.1381239914640036,3.145740509033203,2413410
2012-10-17,3.19905818300822,3.221908847770266,3.1685910010951184,3.1838247776031494,3724336
2012-10-18,3.1838247380604,3.229525695913931,3.1838247380604,3.2219088077545166,2082358
2012-10-19,3.199057833582636,3.221908495848758,3.1762075424194336,3.1762075424194336,1787068
2012-10-22,3.122889421419397,3.244758495930638,3.115272534680653,3.2371416091918945,3958320
2012-10-23,3.199057926580776,3.229525477154645,3.176207634753305,3.206674814224243,2688266
2012-10-24,3.168590875175349,3.2066749438290056,3.1533570992727085,3.1990580558776855,2063967
2012-10-25,3.1914412466212885,3.214291911038704,3.122889995574951,3.122889995574951,2846639
2012-10-26,3.138123753813007,3.1609740469961074,3.00102162361145,3.00102162361145,8347827
2012-10-29,3.0314889018642566,3.092423451921873,2.9705543518066406,2.9705543518066406,8716684
2012-10-30,2.9781709641102494,3.0848064632153074,2.9781709641102494,3.0086381435394287,2840509
2012-10-31,3.0467225810806036,3.0467225810806036,2.993404735516099,3.00102162361145,2607546
2012-11-01,3.0010215886213523,3.031488769544575,2.955320631685044,2.9781711101531982,3353435
2012-11-02,3.0467225063875594,3.069572984561937,3.008638252395949,3.0162551403045654,4353744
2012-11-05,3.0086384223987155,3.0314889018642566,2.9553207606801073,2.9705543518066406,3234910
2012-11-06,2.970554256781522,3.008638326155325,2.9172364112170173,3.00102162361145,5579863
2012-11-07,2.9705540764772222,3.0086381435394287,2.9553204867626324,3.0086381435394287,3874536
2012-11-08,2.93247005915635,3.1076562510699537,2.93247005915635,3.069572925567627,4905497
2012-11-09,3.0695728239071816,3.2599925994873047,3.0238718699503147,3.2599925994873047,7346496
2012-11-12,3.267609794788176,3.4351798513798926,3.2295257247539637,3.3056938648223877,15813870
2012-11-13,3.2828427597288594,3.2904596469344467,3.1533567905426025,3.1533567905426025,8699314
2012-11-14,3.16097369337297,3.1990577584862483,3.1305065155029297,3.1305065155029297,3590485
2012-11-15,3.0924232071966666,3.138123605856709,3.0771896172756743,3.107656240463257,2604481
2012-11-16,3.1381237845603223,3.1762078543072723,3.0848066806793213,3.0848066806793213,3209366
2012-11-19,3.1381235048529854,3.1381235048529854,3.0619559288024902,3.0619559288024902,2504348
2012-11-20,3.122889804426832,3.1305066920997504,3.046722412109375,3.046722412109375,3217540
2012-11-21,3.0467226785422725,3.077189860795339,2.9705543518066406,2.9705543518066406,5558406
2012-11-22,2.985787812608267,3.031488769544575,2.9781711101531982,2.9781711101531982,2123229
2012-11-23,3.0238719700972014,3.084806515540613,3.0086381945727476,3.069572925567627,4675600
2012-11-26,3.11527332310586,3.160974284001609,3.107656619990895,3.1381239891052246,4390527
2012-11-27,3.1381239069435876,3.2371423437060822,3.1381239069435876,3.214292049407959,7444586
2012-11-28,3.1762078605737107,3.3285441398620605,3.1685909723887016,3.3285441398620605,15833283
2012-11-29,3.351394622799863,3.3818618027858784,3.27522611618042,3.27522611618042,12660700
2012-11-30,3.298076958224982,3.3361610280470693,3.290460070039973,3.3285441398620605,8182301
2012-12-03,3.3437780888876065,3.366628383519548,3.27522646278583,3.2828433513641357,6205184
2012-12-04,3.2904594899934807,3.3209266662597656,3.244758540042607,3.3209266662597656,5662626
2012-12-05,3.3285441628359838,3.549431324005127,3.3209272745984024,3.549431324005127,25489993
2012-12-06,3.6179831673420737,3.7322353845538174,3.557048428834021,3.5646653175354004,36463758
2012-12-07,3.579898699606356,3.648450326351829,3.4427961883213682,3.4808802604675293,16325775
2012-12-10,3.4656461878315983,3.511347144733032,3.3970956802368164,3.3970956802368164,9719036
2012-12-11,3.3970953675972426,3.427562545693278,3.29045968760675,3.3513944149017334,7971817
2012-12-12,3.351394361026655,3.404712200164795,3.351394361026655,3.404712200164795,5014826
2012-12-13,3.5722821233227844,3.6408333778381348,3.5037304977044617,3.6408333778381348,11856571
2012-12-14,3.6713007399695945,3.8693376246539937,3.6408335554876095,3.8160197734832764,41694178
2012-12-17,3.922655057605874,4.082608222961426,3.8541034359513864,4.082608222961426,43002038
2012-12-18,4.082608028207605,4.082608028207605,3.9226548704823445,3.9302713871002197,26586348
2012-12-19,3.9607393510700537,4.044524382531476,3.8693374310934163,3.884570837020874,14959674
2012-12-20,3.884570192496521,4.074990889370582,3.884570192496521,3.922654628753662,18366241
2012-12-21,3.960739104928896,4.014056579016029,3.7322350613936917,3.8769540786743164,18012710
2012-12-24,3.8845704318782976,4.090224915928414,3.823636072317691,3.9302713871002197,14061541
2012-12-25,3.9378886222839355,4.006440246716996,3.884570774636659,3.9378886222839355,7586611
2012-12-26,3.9378886222839355,4.029290540792705,3.899804551422443,3.9378886222839355,8873014
2012-12-27,3.937888685524408,3.968356239585269,3.884570837020874,3.884570837020874,6328817
2012-12-28,3.8921872848462122,3.9302713520072765,3.8388694423795493,3.8464863300323486,9162174
2013-01-02,3.884570837020874,3.9607393510700537,3.8769543196086316,3.884570837020874,10382163
2013-01-03,3.9835892986899384,3.9912061865420054,3.9226549380792837,3.968355894088745,11585803
2013-01-04,3.96835608512613,3.9988232668981536,3.8998044622603802,3.907421350479126,7066532
2013-01-07,3.9226548704823445,3.960738937983457,3.9074210950407258,3.9302713871002197,6356405
2013-01-08,3.9378885727963664,4.036907378453655,3.869337320327759,3.869337320327759,11386558
2013-01-09,3.8084023277951156,3.8769539467360117,3.7474687099456787,3.7474687099456787,18842384
2013-01-10,3.7703186519594714,3.8236357481764824,3.739851474761963,3.739851474761963,7512022
2013-01-11,3.8084019955159514,3.9988226890563965,3.777935560352335,3.9988226890563965,30495624
2013-01-14,4.189242868797788,4.2730278968811035,4.12069235933661,4.2730278968811035,52170343
2013-01-15,4.273028389464706,4.570084095001221,4.265411871481539,4.570084095001221,67857515
2013-01-16,4.646251938946956,4.768121043024224,4.631018161773682,4.631018161773682,48677947
2013-01-17,4.661485791954743,4.707186382012086,4.311112622299209,4.333962917327881,38186456
2013-01-18,4.455831452805919,4.539615733481239,4.379663317659917,4.4025139808654785,22214211
2013-01-21,4.379663133863685,4.379663133863685,4.151158366912138,4.2273268699646,20686671
2013-01-22,4.227327309838348,4.3339626314430415,4.227327309838348,4.2730278968811035,10195179
2013-01-23,4.273028130630145,4.326345979900638,4.158775914567357,4.166392803192139,11054484
2013-01-24,4.151158610901362,4.455831527709961,4.151158610901362,4.455831527709961,20764326
2013-01-25,4.455831800417956,4.50914890541488,4.311112406571169,4.318728923797607,20300444
2013-01-28,4.372046541088412,4.531998960976686,4.356813136333648,4.417747497558594,13622182
2013-01-29,4.432981343381764,4.562466584701221,4.432981343381764,4.463448524475098,16746742
2013-01-30,4.478681487680595,4.516765556221922,4.4025140928038295,4.417747497558594,11644043
2013-01-31,4.432981087843082,4.455831379570143,4.356812953948975,4.356812953948975,8172083
2013-02-01,4.417747459496754,4.570083361246642,4.387280279146776,4.455831527709961,19624035
2013-02-04,4.516766179105457,4.6462521784438815,4.493915512167679,4.524383068084717,21273165
2013-02-05,4.486298930038383,4.5396164099235925,4.463449005633853,4.478682041168213,9682253
2013-02-06,4.6081673970366905,4.623400801553027,4.501531709907648,4.509148597717285,13959365
2013-02-18,4.531999199300123,4.531999199300123,4.311112406571169,4.318728923797607,19650601
2013-02-19,4.379663284059922,4.463448306298328,4.3415792167790945,4.448214530944824,14951500
2013-02-20,4.509149225545903,4.5396164099235925,4.402514636878474,4.478682041168213,16169444
2013-02-21,4.478681303704739,4.486298191320705,4.349196069747949,4.364429473876953,13199171
2013-02-22,4.341579588785814,4.387280547659263,4.303495518241767,4.318728923797607,11881093
2013-02-25,4.417747201747465,4.448214380319865,4.349195957183838,4.349195957183838,8782077
2013-02-26,4.303495005588024,4.333962184173267,4.1968593238852945,4.234943389892578,12304104
2013-02-27,4.2654109395807405,4.333962184173267,4.212093098729375,4.234943389892578,15273356
2013-03-01,4.288261489888988,4.303495265653666,4.212093353271484,4.212093353271484,10992157
2013-03-04,4.250177447535577,4.49391489243536,4.219710266923105,4.417747497558594,27318954
2013-03-05,4.486298124532772,4.6843353440850635,4.440597912826101,4.577699661254883,43386222
2013-03-06,4.646252111899991,4.669102407407511,4.448215227893513,4.478682041168213,36857138
2013-03-07,4.478681237030198,4.608167211265176,4.4177472503183814,4.577699661254883,30319880
2013-03-08,4.5777000954155165,4.71480297015625,4.531999137168605,4.60816764831543,31398865
2013-03-11,4.653868053604068,4.829054235345734,4.6081671007872025,4.684335231781006,32910057
2013-03-12,4.722420392312562,4.7452710595710625,4.570084095001221,4.570084095001221,17894185
2013-03-13,4.570083096476639,4.631017453646332,4.463448156981135,4.471065044403076,18979301
2013-03-14,4.47106530343642,4.5548495855201825,4.455831527709961,4.455831527709961,10353553
2013-03-15,4.49391478153139,4.54723262461461,4.410130500793457,4.410130500793457,22475783
2013-03-18,4.417747430918121,4.440598094359988,4.227327091083923,4.250177383422852,20642735
2013-03-19,4.265411048178173,4.364429473876953,4.265411048178173,4.364429473876953,9954043
2013-03-20,4.41013060962974,4.501531780364214,4.4025140928038295,4.417747497558594,16563846
2013-03-21,4.410130203255807,4.448214268287857,4.333962073191709,4.341578960418701,12921251
2013-03-22,4.32634602861733,4.379663878488206,4.288261956167556,4.333962917327881,10098112
2013-03-25,4.417747316085792,4.448214495446729,4.364429473876953,4.364429473876953,7639743
2013-03-26,4.387280462348728,4.592933845522917,4.379663574167436,4.531999111175537,24906564
2013-03-27,4.493914963362532,4.600550653843627,4.463448524475098,4.463448524475098,15144613
2013-03-28,4.516765180620381,4.539615471403834,4.40251372670312,4.425364017486572,7579459
2013-03-29,4.440598191909009,4.722419707289846,4.440598191909009,4.63863468170166,36421866
2013-04-01,4.684335593752968,4.897605857471537,4.669101817935884,4.798587799072266,48139477
2013-04-02,4.84428805947559,4.950923749007616,4.600550612898207,4.63863468170166,42821186
2013-04-03,4.6386349815880195,4.950924069083371,4.6386349815880195,4.920456886291504,51182296
2013-04-08,4.935690229604301,5.2479793131431745,4.760504023546291,5.217512130737305,77693033
2013-04-09,5.21751217166778,5.2860634253945005,5.02709218736154,5.1794281005859375,47959646
2013-04-10,5.179428059954225,5.263213089897592,4.958540894735928,5.217512130737305,39324703
2013-04-11,5.3317644544546585,5.575501918792725,5.286063494339785,5.575501918792725,67300652
2013-04-12,5.590735911511305,5.941109086666335,5.52218465424632,5.788773536682129,68655514
2013-04-15,5.811622990534709,5.994426069369087,5.598351989688732,5.6821370124816895,55463495
2013-04-16,5.499334645244531,5.7963899651156545,5.499334645244531,5.659287452697754,39190851
2013-04-17,5.788772437959347,5.842089907444335,5.7126039352182305,5.819239616394043,34313963
2013-04-18,5.674520084340486,6.207696283797867,5.674520084340486,6.09344482421875,49754889
2013-04-19,6.131528651615288,6.451434210333853,6.131528651615288,6.382882595062256,56130708
2013-04-22,6.5123688605076495,6.824657917022705,6.5123688605076495,6.824657917022705,65868137
2013-04-23,6.992227916832941,7.296900487087126,6.413351072438308,6.626621723175049,126861429
2013-04-24,6.809425730270997,7.0455459389572725,6.283865236728976,6.459052562713623,94682956
2013-04-25,6.321949689881675,6.794192362327231,6.321949689881675,6.771341323852539,72276652
2013-04-26,6.809424686665221,6.931292660008991,6.474284605595005,6.497135639190674,78528838
2013-04-29,6.420967032229201,6.420967032229201,6.16961307424367,6.2457804679870605,59572015
2013-04-30,6.382882964254566,6.428584291147653,6.177229962059184,6.2457804679870605,39967393
2013-05-02,6.360032817728343,6.4666685073845205,6.2838646800327576,6.344799041748047,31279318
2013-05-03,6.390500713750542,6.436201301946034,6.230547170654451,6.253397464752197,22633135
2013-05-06,6.2838650130531875,6.352416637494541,6.2153137597148,6.23816442489624,23118474
2013-05-07,6.268630724714464,6.641854143421822,6.253396949169988,6.55045223236084,58329548
2013-05-08,6.580919783449792,6.778957381116233,6.261014208045163,6.55045223236084,52370609
2013-05-09,6.550451919990015,6.550451919990015,6.283864200600859,6.329565525054932,34869803
2013-05-10,6.428584961564475,6.451435256291065,6.268631414066436,6.299098968505859,21549042
2013-05-13,6.299098126504903,6.474284685599498,6.299098126504903,6.4362006187438965,23104169
2013-05-14,6.4362010145180175,6.62662136050533,6.367650135286127,6.5047526359558105,38346873
2013-05-15,6.5123691200392315,6.603770291887038,6.38288313698031,6.558069705963135,32998950
2013-05-16,6.634237626752522,6.68755547005525,6.504752390139158,6.55045223236084,39621015
2013-05-17,6.588536886166302,6.619003694327269,6.4362006187438965,6.4362006187438965,26613935
2013-05-20,6.436200508287532,6.474284574489546,6.283864243479482,6.3067145347595215,27924861
2013-05-21,6.306714565059897,6.588536804749963,6.306714565059897,6.497135639190674,37594853
2013-05-22,6.497136617592021,6.946527481079102,6.497136617592021,6.946527481079102,84241531
2013-05-23,6.931292785547512,6.931292785547512,6.588536924080542,6.649471282958984,79385077
2013-05-24,6.771339253534146,6.877974926459128,6.596152712762342,6.664704322814941,53178826
2013-05-27,6.672322706342465,7.129331588745117,6.672322706342465,7.129331588745117,91744357
2013-05-28,7.182649821921259,7.472087905513938,7.182649821921259,7.434003829956055,103279072
2013-05-29,7.4873194654961255,7.6929728188035815,7.197881467671248,7.479702949523926,97493834
2013-05-30,7.357835119302122,7.586339555272438,7.266433196472802,7.3045172691345215,67404872
2013-05-31,7.418768326783883,7.525404010440682,7.205498443881988,7.235965251922607,64809587
2013-06-03,7.182649319907165,7.578722342055725,7.182649319907165,7.472087383270264,64003414
2013-06-04,7.4873194775434335,7.502553251718151,7.159796672713147,7.182647705078125,58336700
2013-06-05,7.197882477390655,7.304516684783331,7.152181148529053,7.152181148529053,28188476
2013-06-06,7.129330791565787,7.213115447088676,6.969377255286767,6.976994514465332,30896156
2013-06-07,7.00746127490117,7.144564517084674,6.5199863791638135,6.558069705963135,57313913
2013-06-10,6.725639120599765,6.794190735194485,6.626620699011922,6.702788829803467,29920370
2013-06-11,6.763723811483942,6.9084428280475505,6.7104059665580245,6.801807880401611,23566008
2013-06-13,6.649471592530389,6.7027894373584775,6.337182524860846,6.344799041748047,37693964
2013-06-14,6.497136240966655,6.565686379279508,6.367650254823317,6.3981170654296875,24769648
2013-06-17,6.413350637974932,6.8398919105529785,6.413350637974932,6.8398919105529785,41983337
2013-06-18,6.832275731473488,6.969377494931104,6.733256554188664,6.74087381362915,38280458
2013-06-19,6.9312932478794185,7.152181148529053,6.893209178264371,7.152181148529053,54621560
2013-06-20,6.855125764617702,6.946526936779259,6.7484900741546845,6.763723850250244,41123011
2013-06-21,6.329565678348842,6.756106930348773,6.329565678348842,6.687555313110352,34016629
2013-06-24,6.7027899581883545,6.954143941467784,6.7027899581883545,6.756107807159424,21361037
2013-06-25,6.7789576372951785,6.809425189535509,6.481902342878513,6.5047526359558105,22863033
2013-06-26,6.702789465065322,6.801807896037711,6.5199863791638135,6.558069705963135,27916687
2013-06-27,6.702789686836556,6.74087375710184,6.558069922946111,6.573303699493408,20444513
2013-06-28,6.5961543320646365,6.672322476508063,6.451435302945704,6.459052562713623,25686172
2013-07-01,6.519986439337421,6.778957665639438,6.497136146164582,6.725639820098877,25731130
2013-07-02,6.702788385687324,6.817040574304472,6.657087064916999,6.664704322814941,21395777
2013-07-03,6.7180230855167675,6.771340187124512,6.634237690322249,6.7104058265686035,17176906
2013-07-04,6.710407057976201,6.710407057976201,6.245781638493706,6.268631935119629,49513752
2013-07-05,6.337182941839613,6.39050079017595,5.986809782268158,6.154379844665527,32295975
2013-07-08,6.169613116177837,6.169613116177837,5.941108335673974,5.94872522354126,24102435
2013-07-09,6.070594541995402,6.070594541995402,5.750688579592198,5.826857089996338,21758504
2013-07-10,5.834474085688779,5.834474085688779,5.491717452515714,5.5145673751831055,36450475
2013-07-11,5.484100282509469,5.849706794828739,5.484100282509469,5.819239616394043,27363911
2013-07-12,5.811622311648875,5.811622311648875,5.59835133571619,5.628818511962891,20900220
2013-07-15,5.5678858065808114,5.7735399565134236,5.5678858065808114,5.72783899307251,11596020
2013-07-16,5.788773309248341,6.01727699635001,5.743072349166223,5.910641670227051,20178854
2013-07-17,5.9334921978362285,6.040127899251747,5.788773536682129,5.788773536682129,17599917
2013-07-18,5.864940852620826,5.887791147665497,5.644053677581062,5.666903972625732,14797213
2013-07-19,5.651670717077692,5.727838864062656,5.5831190879088295,5.636436939239502,10442447
2013-07-22,5.68213708826055,5.720221156301347,5.605968952178955,5.605968952178955,13776469
2013-07-23,5.636435611844693,5.6821365634935805,5.491716611978541,5.522183418273926,19693515
2013-07-24,5.5602681847430935,5.5831184779007765,5.499334193356921,5.545034408569336,11756438
2013-07-25,5.491717472138868,5.522184283206229,5.217512090400025,5.255596160888672,36127597
2013-07-26,5.29368021900807,5.461250277207751,5.29368021900807,5.37746524810791,21032028
2013-07-29,5.37746511882828,5.37746511882828,5.03470886457452,5.164194107055664,15582951
2013-07-30,5.164193738750638,5.308913489351236,5.164193738750638,5.293679714202881,16297165
2013-07-31,5.293680437111092,5.293680437111092,5.027092304432845,5.049942970275879,23184889
2013-08-01,5.065175351423141,5.1641933989606255,5.065175351423141,5.126110076904297,11839201
2013-08-02,5.225129181787945,5.240362587913657,5.004242009692788,5.049942970275879,14576511
2013-08-05,5.1946608089528405,5.400315284729004,5.118493419220873,5.400315284729004,22819097
2013-08-06,5.415549453610083,5.59073566227476,5.415549453610083,5.468867301940918,34987307
2013-08-07,5.407932596832626,5.415549485367837,5.225129127502441,5.225129127502441,25338771
2013-08-08,5.225128875146631,5.225128875146631,5.027092009413501,5.11087703704834,14587751
2013-08-09,5.141343851050311,5.194660576149752,5.110876302758283,5.126110076904297,7446629
2013-08-12,5.171811346762817,5.346998300960902,5.148961423063121,5.278446674346924,12316365
2013-08-13,5.316530156380972,5.354614595330372,5.225128616211224,5.270829200744629,11283360
2013-08-14,5.522183743035929,5.529800259506254,5.385081622232041,5.415548801422119,21165880
2013-08-15,5.293679313400262,5.423165279048679,5.270828652407831,5.339380264282227,11081050
2013-08-16,5.331764589993365,5.400316217459813,5.2936805174466635,5.324147701263428,8483722
2013-08-19,5.324147701263428,5.392699328729876,5.308914294906537,5.324147701263428,5922155
2013-08-20,5.293680091742715,5.385082006945686,5.148961073026758,5.164194107055664,10568124
2013-08-22,5.011857491528881,5.255595279099877,5.011857491528881,5.1870436668396,7222862
2013-08-23,5.255596444899963,5.339381478723301,5.247979556170026,5.324147701263428,8780034
2013-08-26,5.354614592033052,5.362231108715304,5.2555957930314605,5.26321268081665,8155735
2013-08-27,5.263212760442768,5.293679940941521,5.179427735743989,5.1946611404418945,6622064
2013-08-28,5.133727550506592,5.187044281697479,5.103259998733639,5.133727550506592,9210197
2013-08-29,5.179427952200144,5.217512022190913,5.148961141531079,5.209895133972168,5935437
2013-08-30,5.232744912348689,5.2784458660588305,5.232744912348689,5.247978687286377,6545432
2013-09-02,5.263212713926239,5.400315581613321,5.263212713926239,5.3469977378845215,8652313
2013-09-03,5.407931505053725,5.407931505053725,5.30129620039774,5.339380264282227,8909798
2013-09-04,5.369848221212262,5.392698885524061,5.278446306170969,5.286063194274902,7488522
2013-09-05,5.651669979095459,5.651669979095459,5.583118358877912,5.651669979095459,59810087
2013-09-06,5.697371078255269,5.925874752890569,5.674520413909376,5.750688552856445,58168109
2013-09-09,5.750689249367752,5.75830613840559,5.552651989898928,5.560268878936768,27479371
2013-09-10,5.659286273220589,5.674519676368282,5.506950386229138,5.522183418273926,15955895
2013-09-11,5.560268310401972,5.826857172849763,5.560268310401972,5.758305549621582,34760475
2013-09-12,5.788773333810233,6.047744576134117,5.758305779557564,5.994426727294922,44225092
2013-09-13,6.04012724617247,6.131529160045087,5.872557194440323,5.9563422203063965,26859159
2013-09-16,6.123912389475278,6.428584575653076,6.116295501322668,6.428584575653076,57689923
2013-09-17,6.413350217007494,6.428583991929467,6.3067145347595215,6.3067145347595215,25965114
2013-09-18,6.32194978871746,6.38288416045526,6.215314452624805,6.268631935119629,19985740
2013-09-23,6.32194853141191,6.360032598949649,6.161996115738686,6.200079441070557,19852910
2013-09-24,6.17723040132903,6.2381643948774155,6.0934453716062,6.146762847900391,25481819
2013-09-25,6.116295376407928,6.146762557293173,6.055360643534491,6.078211307525635,22432869
2013-09-26,6.131529191719044,6.177230148891431,6.032510389328378,6.040127277374268,19560685
2013-09-27,6.055360862452331,6.139146262345983,6.055360862452331,6.101061820983887,11902550
2013-09-30,6.101061340788736,6.13152889148041,6.0705941611999945,6.09344482421875,8964973
2013-10-01,6.093444654675262,6.390499925727455,6.093444654675262,6.3067145347595215,21424386
2013-10-02,6.360032406440047,6.565685771154294,6.291480790064734,6.497135639190674,42290889
2013-10-03,6.497135719477543,6.527602527638511,6.413350327071707,6.4362006187438965,31373321
2013-10-04,6.436201394682539,6.48951924314947,6.36765051140158,6.375267028808594,12804769
2013-10-07,6.398116841583909,6.459051945076591,6.329565963463476,6.367650032043457,12164122
2013-10-08,6.276248351856691,6.276248351856691,6.09344526121439,6.131529331207275,24769648
2013-10-09,6.078211539296101,6.108678721343101,5.956342440005139,5.979192733764648,19253134
2013-10-11,6.116295720454451,6.1315294973054595,5.986809730529785,5.986809730529785,14225024
2013-10-14,5.971575097853067,5.971575097853067,5.697370493759697,5.735454559326172,20237094
2013-10-15,5.788772978273737,6.032510428501352,5.788772978273737,6.0020432472229,13075537
2013-10-16,6.0020436158580885,6.055361093594309,5.895407918179698,5.994426727294922,10821522
2013-10-17,6.0325106214754465,6.070594692067521,5.941108703613281,5.941108703613281,6550541
2013-10-18,5.956342655582061,6.032510799007783,5.9182585838692,5.994426727294922,7764398
2013-10-21,6.093444751692879,6.230546501555997,6.047743797302246,6.047743797302246,16752873
2013-10-22,6.002042882915733,6.085827904673174,5.9868091076496786,6.017276287078857,5910915
2013-10-23,6.017276177182289,6.0934446810185285,5.887790203094482,5.887790203094482,10228898
2013-10-24,5.903024633021206,5.979192774205356,5.903024633021206,5.941108703613281,8218062
2013-10-25,5.910641388448262,5.910641388448262,5.697371117472579,5.712604522705078,31284427
2013-10-28,5.735454965382697,5.765922145772297,5.689754009246826,5.689754009246826,9461551
2013-10-29,5.689754636445845,5.750689003942027,5.659287452697754,5.659287452697754,8801491
2013-10-30,5.811623396331732,5.826857172849763,5.758305549621582,5.758305549621582,10017392
2013-10-31,5.773538326903327,5.804005503563422,5.6745195388793945,5.6745195388793945,8207845
2013-11-01,5.71260423752698,5.735454900889438,5.5298004150390625,5.5298004150390625,15907872
2013-11-04,5.529800563792373,5.567885003754286,5.324147185718671,5.362231254577637,20607995
2013-11-05,5.385081730657129,5.461249865717384,5.362231067477293,5.423165798187256,10554841
2013-11-06,5.46886807373525,5.46886807373525,5.263213910982471,5.331765174865723,11405972
2013-11-07,5.446016709933755,5.598352626284719,5.392699231986661,5.537417888641357,16599608
2013-11-08,5.5221838542214785,5.5221838542214785,5.407932022734031,5.423165798187256,8257911
2013-11-11,5.46886807373525,5.49171837132866,5.324148285300245,5.331765174865723,10017392
2013-11-12,5.407932211428986,5.430782875406134,5.30129689284447,5.362231254577637,6025353
2013-11-13,5.369848030280899,5.407932098343488,5.339380850051416,5.3469977378845215,4917759
2013-11-14,5.362231796858228,5.407932758331299,5.331764612910509,5.407932758331299,6459603
2013-11-15,5.438399390635393,5.45363279447307,5.369847774505615,5.369847774505615,7114555
2013-11-18,5.415548801422119,5.4612497557587,5.3926985098052915,5.415548801422119,7450716
2013-11-19,5.48410070984683,5.567884993192316,5.4003156842954505,5.4764838218688965,14142261
2013-11-20,5.484100821531912,5.522184148888318,5.461250157132751,5.491717338562012,8114864
2013-11-21,5.499333415445703,5.499333415445703,5.423165287557226,5.461249351501465,7052228
2013-11-22,5.484100572725896,5.5602679661890075,5.484100572725896,5.5298004150390625,9603577
2013-11-25,5.560268328286386,5.598352398601001,5.48410092986308,5.499334335327148,6524996
2013-11-26,5.499333977197931,5.567884853976493,5.491717089410444,5.5298004150390625,10589581
2013-11-27,5.529800662996391,5.552651327383478,5.484100818634033,5.484100818634033,8429568
2013-11-28,5.506951406377848,5.682137616095089,5.506951406377848,5.575501918792725,15633017
2013-11-29,5.59835162300058,5.636435688038996,5.560267557962165,5.56788444519043,9795669
2013-12-02,5.598351547321104,5.613585321571701,5.522183418273926,5.522183418273926,6794743
2013-12-03,5.52218480485057,5.583119174947286,5.514567915812731,5.560268878936768,5761737
2013-12-04,5.537417293042428,5.57550136080963,5.491717079707072,5.506950855255127,5229397
2013-12-05,5.506951636123362,5.552651855938865,5.453633785247803,5.453633785247803,7830813
2013-12-06,5.453633087488081,5.499334043662397,5.430782794952393,5.430782794952393,8149604
2013-12-09,5.484100418478453,5.545034034652756,5.407931913848867,5.415548801422119,7412911
2013-12-10,5.407932065953972,5.5602679661890075,5.407932065953972,5.5298004150390625,12197841
2013-12-11,5.52979993429632,5.545033708546917,5.4612494345802505,5.522183418273926,10676431
2013-12-12,5.545034371704828,5.560268147777308,5.446016311645508,5.446016311645508,13436221
2013-12-13,5.415549130603497,5.461250087717987,5.385081949561488,5.446016311645508,11877006
2013-12-16,5.560268231339235,5.826857089996338,5.552651343188526,5.826857089996338,55846657
2013-12-17,5.94110866734174,6.009659919768364,5.750688686646878,5.834474086761475,36611914
2013-12-18,5.87255760982905,5.910641681452649,5.76592265460654,5.7735395431518555,14241372
2013-12-19,5.7735398264742335,5.826857677804906,5.598352865747019,5.636436939239502,21213903
2013-12-20,5.659286867019958,5.804006253173664,5.64405309117096,5.651669979095459,16134704
2013-12-23,5.712604340285563,5.735455004059061,5.651669979095459,5.651669979095459,8154713
2013-12-24,5.720221820193936,5.720221820193936,5.659287452697754,5.659287452697754,6111181
2013-12-25,5.674520861341616,5.727838711249823,5.65928745501283,5.666903972625732,7209580
2013-12-26,5.682137050115455,5.682137050115455,5.628819206775094,5.644052982330322,8078080
2013-12-27,5.644052982330322,5.682137050115455,5.636436094552708,5.644052982330322,8343740
2013-12-30,5.65928633280814,5.8725565768417285,5.65928633280814,5.8649396896362305,21755438
2013-12-31,5.979192251330836,6.207696283797867,5.979192251330836,6.09344482421875,63086890
2014-01-02,6.1696130034668215,6.207696328798692,6.108678272744678,6.200079441070557,32236713
2014-01-03,6.200079988156467,6.291481535650418,6.139146365366433,6.253397464752197,29328767
2014-01-06,6.314332231993349,6.474285024271721,6.291481196919958,6.344799041748047,34849368
2014-01-07,6.398117231047813,6.436201301946034,6.253397464752197,6.253397464752197,25578886
2014-01-08,6.3067145674773375,6.398116475277509,6.245780209679173,6.261013984680176,30902287
2014-01-09,6.299098604733544,6.367650227160419,6.139146179781673,6.169613361358643,26372798
2014-01-10,6.192463763628588,6.230547091839128,6.0782115523791935,6.177230358123779,23880712
2014-01-13,6.245780868446899,6.306715232672057,6.177230358123779,6.177230358123779,14218893
2014-01-14,6.108678449728187,6.177230070164576,6.108678449728187,6.116295337677002,11028940
2014-01-15,6.200080026225845,6.283865056936978,6.108678849273645,6.207696914672852,17524306
2014-01-16,6.222930574638205,6.360033079696293,6.161996581516009,6.177230358123779,40821590
2014-01-17,6.1772301574566635,6.1772301574566635,5.872557232919273,5.918258190155029,47116689
2014-01-20,5.903023978082315,5.956341819436806,5.8725567992095735,5.887790203094482,15422534
2014-01-21,5.903024571028081,5.918258347546113,5.727838367688479,5.758305549621582,24236286
2014-01-22,5.758305252506986,5.842090276827135,5.758305252506986,5.8116230964660645,11636891
2014-01-23,5.811622729009639,5.857322940007307,5.811622729009639,5.819239616394043,8534810
2014-01-24,5.819240284590748,5.8344740611087795,5.7430721442065105,5.758305549621582,7992252
2014-01-27,5.7506891597169485,5.7506891597169485,5.598352865747019,5.636436939239502,16600630
2014-02-05,5.598352619855854,5.895407934726345,5.598352619855854,5.872557640075684,20891025
2014-02-06,6.047743913125468,6.268630688417901,6.002042957859595,6.200079441070557,54477491
2014-02-07,6.207696508651,6.2686308700356275,6.108678449728187,6.116295337677002,38034212
2014-02-10,6.215313577069662,6.321948898140532,6.15437958501868,6.169613361358643,30463949
2014-02-11,6.268631241552672,6.32194908925137,6.207696876556705,6.253397464752197,29928544
2014-02-12,6.306715312450894,6.3524166428523205,6.253397464752197,6.253397464752197,24752278
2014-02-13,6.291480759837548,6.3371820846034685,6.230546402355497,6.3067145347595215,19324657
2014-02-14,6.352416450820456,6.360032967887482,6.169613361358643,6.169613361358643,25077199
2014-02-17,6.207696099125531,6.215312986571855,6.047743689370248,6.161995887756348,15475665
2014-02-18,6.192463066438724,6.207696099125531,6.1467621128637,6.161995887756348,8717706
2014-02-19,6.1924638799847775,6.245780985804915,6.154379808852714,6.207696914672852,11307882
2014-02-20,6.238164098586985,6.29148120124584,6.207696546605445,6.21531343460083,18315153
2014-02-21,6.283865713605583,6.299099492091537,6.215314452624805,6.268631935119629,14075846
2014-02-24,6.329566787484705,6.382883896673111,6.283865453915518,6.291481971740723,19164240
2014-02-25,6.321948342478341,6.352415892480347,6.245780209679173,6.261013984680176,14140217
2014-02-26,6.283864460770864,6.329565787117102,6.261014168700679,6.321948528289795,12057859
2014-02-27,6.33718205214468,6.6875551625262615,6.329565535825626,6.588536739349365,56836748
2014-03-03,6.535220574209388,6.535220574209388,6.36765051140158,6.375267028808594,24402834
2014-03-04,6.360033113527135,6.420967478076421,6.230547124981197,6.276248455047607,16817244
2014-03-05,6.398116841583909,6.398116841583909,6.276248119010323,6.367650032043457,13033645
2014-03-06,6.39811644208552,6.39811644208552,6.299098018401456,6.3067145347595215,9196914
2014-03-07,6.321948528289795,6.47428479836552,6.291480977392302,6.321948528289795,21976140
2014-03-10,6.329565528672464,6.375266110946818,6.299097979019002,6.33718204498291,9157065
2014-03-11,6.337182041361025,6.375266107303167,6.314331750236907,6.329565525054932,6025353
2014-03-12,6.329567049063445,6.352417345689369,6.268631935119629,6.268631935119629,8185366
2014-03-13,6.276248019249119,6.344798896279933,6.238163951274484,6.2457804679870605,12287756
2014-03-14,6.207696688899681,6.2381642415796055,6.139146179781673,6.169613361358643,10800065
2014-03-17,6.1696134443327,6.1696134443327,6.085828415542008,6.101061820983887,10893045
2014-03-18,6.1086787772175555,6.16961351297187,6.1086787772175555,6.146762847900391,5578841
2014-03-19,6.169613182215761,6.19246347495926,6.108678449728187,6.116295337677002,5601320
2014-03-20,6.093445094205369,6.093445094205369,5.9411084473061075,5.963958740234375,13067363
2014-03-21,5.963958335827799,6.040126839664038,5.880173315600566,5.887790203094482,12647417
2014-03-24,5.887790571136547,5.9030243470766335,5.636436236948695,5.880173683166504,11287447
2014-03-25,5.86493987587276,5.948724895587949,5.86493987587276,5.92587423324585,5199766
2014-03-26,5.979192398639483,6.070594310760498,5.948725218300124,6.070594310760498,8491896
2014-03-27,6.093444751692879,6.192463176953479,6.047743797302246,6.047743797302246,15757673
2014-03-28,6.047744550473404,6.101062027983398,5.903024781696202,5.910641670227051,8238498
2014-03-31,6.032511083085251,6.062978267669678,5.956342936072689,6.062978267669678,6390123
2014-04-01,6.09344482421875,6.161996071069152,6.09344482421875,6.09344482421875,8414241
2014-04-02,6.154379555283482,6.154379555283482,6.047744234727827,6.0858283042907715,8222149
2014-04-03,6.101061639535485,6.116295415627264,6.040127277374268,6.040127277374268,6590389
2014-04-07,6.131529442289035,6.200079953091616,6.040127524209044,6.146762847900391,10273855
2014-04-08,6.154379036466348,6.192463102818787,6.101061195131763,6.1239118576049805,5632995
2014-04-09,6.154379255556772,6.184846435502744,6.131528963373027,6.139145851135254,6516822
2014-04-10,6.184846626175466,6.184846626175466,6.070594419528587,6.078211307525635,8781055
2014-04-11,6.01727665231065,6.062977609779804,5.979192582936847,6.0020432472229,10104242
2014-04-14,6.002042810325983,6.06297716844739,5.9715752601623535,5.9715752601623535,5737215
2014-04-15,6.047743727787264,6.047743727787264,5.948724932561896,6.009659290313721,5748454
2014-04-16,6.017276613236598,6.085828234546655,5.9791925441101,6.040127277374268,7753159
2014-04-17,6.070594023785178,6.3828827002765065,6.070594023785178,6.261013984680176,40460906
2014-04-18,6.398116890975337,6.40573415007367,6.21531343460083,6.21531343460083,23807144
2014-04-21,6.215312928328027,6.398116369812148,6.215312928328027,6.382882595062256,27201451
2014-04-22,6.474284794975221,6.542835671149879,6.268630682039509,6.314332008361816,34997524
2014-04-23,6.398116369812148,6.466667985083745,6.337182013018413,6.382882595062256,25453209
2014-04-24,6.3904995285039385,6.687554781091638,6.3904995285039385,6.4742841720581055,49259332
2014-04-25,6.4742841720581055,6.542835041637207,6.123911452763473,6.4742841720581055,30864481
2014-04-28,6.169613469819894,6.398117150112758,6.154379693212123,6.177230358123779,34391617
2014-04-29,6.283865236728976,6.4742855978375395,6.245781164507263,6.459052562713623,48386744
2014-04-30,6.702789128709933,6.908442497253418,6.702789128709933,6.908442497253418,111161996
2014-05-02,6.9312932478794185,7.2207327707185005,6.9312932478794185,7.152181148529053,114916986
2014-05-05,7.334983823223446,7.61680532869838,7.235965396256101,7.586338520050049,86255431
2014-05-06,7.654889468920631,7.769141672401007,7.464469871992543,7.502553939819336,85013986
2014-05-07,7.5939560426125725,7.845311514941458,7.5939560426125725,7.7691426277160645,73197263
2014-05-08,7.845311514941458,7.997647062774349,7.654890410186922,7.7691426277160645,68563555
2014-05-09,7.807227158742458,7.845311229868321,7.533022143518623,7.548255920410156,49372748
2014-05-12,7.61680532869838,7.8072264082283205,7.586338520050049,7.586338520050049,32183581
2014-05-13,7.73105824053381,7.807227124658948,7.571106181591793,7.609189510345459,32094687
2014-05-14,7.731057604574215,7.731057604574215,7.4873201642474445,7.502553939819336,32746574
2014-05-15,7.578720904367166,7.769141232724737,7.533021064649514,7.731057167053223,40947267
2014-05-16,7.7310582431915185,7.769142314164212,7.6168060302734375,7.6168060302734375,25172224
2014-05-19,7.65488862991333,7.845309690382234,7.616804566260708,7.65488862991333,23970627
2014-05-20,7.73105824053381,7.769142311493411,7.578721956695404,7.609189510345459,18036211
2014-05-21,7.609189075192595,7.654889660848227,7.55587197266299,7.578721523284912,15353054
2014-05-22,7.616804533091149,7.769140787038245,7.593954243440242,7.692972660064697,36530173
2014-05-23,7.769140787038245,7.80722559273081,7.692972660064697,7.692972660064697,35027155
2014-05-26,7.769140796616291,8.226149559020996,7.769140796616291,8.226149559020996,71675854
2014-05-27,8.30231761932373,8.759326418908719,8.30231761932373,8.30231761932373,107853518
2014-05-28,8.378486080961522,8.492739027541475,8.073814278169872,8.188066482543945,56604807
2014-05-29,8.378487158273098,8.75932788848877,8.264234939208395,8.75932788848877,91332586
2014-05-30,8.7593260509015,9.140166701221993,8.645073855805352,8.683157920837402,131461419
2014-06-03,8.835495111795844,8.911663249884349,8.416570352309064,8.721242904663086,47709313
2014-06-04,8.835493273585907,8.835493273585907,8.606988906860352,8.606988906860352,44203635
2014-06-05,8.683159742445635,8.949748253596606,8.606991596402501,8.75932788848877,50954442
2014-06-06,8.949748209984065,9.292504865507901,8.759327845804156,8.797411918640137,75628044
2014-06-09,8.835494506910674,8.949746706221633,8.568906784057617,8.568906784057617,52513657
2014-06-10,8.645074143729538,8.721242276330416,8.226150156630553,8.378485679626465,45012873
2014-06-11,8.454654693603516,8.60699021910699,8.378485817542993,8.454654693603516,31091313
2014-06-12,8.645074211497327,8.721242344695279,8.492738687307273,8.53082275390625,36129641
2014-06-13,8.492738723754883,8.606990181836284,8.416569848024192,8.492738723754883,21788135
2014-06-16,8.568906909519509,9.025914229042936,8.454654708535722,8.98783016204834,75225468
2014-06-17,9.140167464699166,9.292503737551995,8.759326782567094,8.911663055419922,89585366
2014-06-18,9.102083206176758,9.406755003306362,8.949746936509024,9.102083206176758,71691180
2014-06-19,9.21633641602191,9.292504559183012,9.02591531591321,9.064000129699707,31130140
2014-06-20,9.14016717223258,9.21633530622177,8.98783016204834,8.98783016204834,20297379
2014-06-23,9.140168399792778,9.216336544011646,8.835495822917302,8.949748039245605,41072944
2014-06-24,9.025914517853662,9.063999328272752,8.835494918993508,8.911663055419922,25602387
2014-06-25,8.91166418057504,8.987831584412199,8.75932788848877,8.75932788848877,22188667
2014-06-26,8.797409943027166,8.911662135877775,8.797409943027166,8.873578071594238,23112344
2014-06-27,8.911664137148083,8.949748209984065,8.759327845804156,8.797411918640137,16010049
2014-06-30,8.911663762590598,9.216336332473055,8.911663762590598,9.140168190002441,46076532
2014-07-01,9.178252171532296,9.216336242395382,8.911663675490702,9.025915145874023,40068548
2014-07-02,9.178250878283333,9.635258922040324,9.14016681278643,9.368670463562012,100548914
2014-07-03,9.368671187505935,9.71142780346383,9.254419724392523,9.597175598144531,69198072
2014-07-04,9.673343189685644,9.71142800110638,9.368671378172861,9.406755447387695,36406539
2014-07-07,9.406755293623926,9.673343031564203,9.292503830052885,9.559091567993164,30237117
2014-07-08,9.63526079572731,9.711428941532883,9.444840431213379,9.444840431213379,39988851
2014-07-09,9.368671791682322,9.444839933473864,9.178252179409405,9.216336250305176,29043694
2014-07-10,9.25442024004611,9.44483985064918,9.25442024004611,9.29250431060791,25585017
2014-07-11,9.292504865507901,9.292504865507901,8.683159700132192,8.797411918640137,48566575
2014-07-14,8.873578987206715,8.987830449640455,8.7974108507803,8.911663055419922,18555268
2014-07-15,9.063999958943041,9.216336242395382,9.025915145874023,9.025915145874023,18222172
2014-07-16,9.025914517853662,9.063999328272752,8.835494918993508,8.911663055419922,13587442
2014-07-17,8.911663132199841,9.025914595617934,8.759326858034534,8.835494995117188,14923912
2014-07-18,8.606989790773303,8.79741011593355,8.568906467947073,8.683157920837402,13779534
2014-07-21,8.759326374036702,8.835494506910674,8.568906784057617,8.568906784057617,15337727
2014-07-22,8.64507457792747,9.025914517853662,8.64507457792747,8.911663055419922,31819832
2014-07-23,8.911663055419922,8.911663055419922,8.911663055419922,8.911663055419922,0
2014-07-24,8.949747123633129,9.063999328272752,8.873578987206715,8.911663055419922,16187836
2014-07-25,8.987831540614074,9.025915613450056,8.797411918640137,8.797411918640137,12496196
2014-07-28,8.797411918640137,8.911664137148083,8.759327845804156,8.797411918640137,6890789
2014-07-29,8.873578503420253,8.911662569557121,8.378485643640964,8.416569709777832,35264205
2014-07-30,8.454654693603516,8.568906894385515,8.302317683688326,8.454654693603516,17907468
2014-07-31,8.49273865754296,8.568906790473966,8.226150192284434,8.340401649475098,21788135
2014-08-01,7.883394679752295,8.264233876587447,7.845310611627604,8.188066482543945,17512045
2014-08-04,8.454654656992464,8.5308227905173,8.302317647736938,8.492738723754883,18720794
2014-08-05,8.492738003757074,8.5308220672908,8.226149559020996,8.226149559020996,16489257
2014-08-06,8.226150666738045,8.340402130518305,7.883394790985483,8.073814392089844,16519910
2014-08-07,8.149983352813205,8.18806742532292,7.6168063376772075,7.7691426277160645,29501446
2014-08-08,7.616805557261395,7.616805557261395,7.235965613390975,7.350217819213867,38619684
2014-08-11,7.502555024864614,7.807227611541748,7.502555024864614,7.807227611541748,26185815
2014-08-12,7.883393754034857,7.921477075481685,7.65488862991333,7.65488862991333,18765752
2014-08-13,7.692973101381708,7.807226040602083,7.654889035710194,7.731057167053223,10852175
2014-08-14,7.8833942773624175,7.959561667518129,7.769141336614244,7.845310211181641,20441448
2014-08-15,8.073814392089844,8.188066598075993,7.997646254765743,8.073814392089844,25121135
2014-08-18,8.18806622639848,8.18806622639848,7.921477757865268,7.959561824798584,13152170
2014-08-19,8.073814353759962,8.302318022441568,8.073814353759962,8.111898422241211,17335279
2014-08-20,8.188066598075993,8.188066598075993,7.9595621861036925,8.073814392089844,13557811
2014-08-21,8.073814025598532,8.226150293331795,7.921477757865268,7.959561824798584,15048567
2014-08-22,7.997645378112793,8.07381350708781,7.9214772491377765,7.997645378112793,17733768
2014-08-25,7.997646293093911,8.111898499627607,7.959562224249345,8.035730361938477,14116717
2014-08-26,8.073814549094939,8.073814549094939,7.921478271484375,7.921478271484375,10913481
2014-08-27,7.92147815540478,8.111898499627607,7.92147815540478,8.035730361938477,14884063
2014-08-28,8.073814549094939,8.073814549094939,7.921478271484375,7.921478271484375,11288469
2014-08-29,7.807226040602083,7.807226040602083,7.388301318215427,7.731057167053223,30321924
2014-09-01,7.731057531092824,7.731057531092824,7.586338520050049,7.586338520050049,15325466
2014-09-02,7.5863382944059605,7.616805102148104,7.555871486663818,7.555871486663818,10658039
2014-09-03,7.563488418806643,7.609189004034903,7.312133715639441,7.395918369293213,21099465
2014-09-04,7.395917562800698,7.609188174286159,7.395917562800698,7.479702949523926,9580076
2014-09-05,7.578721523284912,7.6015718161127275,7.502554127927492,7.578721523284912,5274355
2014-09-09,7.510170237878784,7.616805179366098,7.4873199462890625,7.4873199462890625,6527040
2014-09-10,7.487320459357951,7.540638304858143,7.395918544529896,7.441619873046875,8116908
2014-09-11,7.4644696913409065,7.487319983042795,7.403535332733919,7.449235916137695,5507318
2014-09-12,7.42638754448901,7.4720881397084336,7.213116863121619,7.243583679199219,15661627
2014-09-15,7.235965478397225,7.235965478397225,7.007461071014404,7.007461071014404,14886107
2014-09-16,7.007461629412655,7.007461629412655,6.809425499655015,6.931293487548828,16766156
2014-09-17,7.037929274593105,7.136947711862968,7.022695497580984,7.053163051605225,9890693
2014-09-18,7.121713198808407,7.129330457630181,7.045545063825871,7.083629131317139,5133351
2014-09-19,7.129329935154384,7.175030515912374,7.076012096132855,7.106479644775391,6488213
2014-09-22,7.007461189282351,7.045545257822249,6.893208983662657,6.900825500488281,8029036
2014-09-23,6.870360378559299,6.923677488086973,6.801808748872304,6.885593414306641,5541036
2014-09-24,6.916059409860428,6.992227548410655,6.900825633709202,6.976994514465332,4633708
2014-09-25,7.0531625041141615,7.144564416886002,6.855125644946746,6.870359420776367,7354670
2014-09-26,6.817042695753674,6.976995512712347,6.817042695753674,6.938911437988281,5806695
2014-09-29,7.045546227301641,7.053163487381302,6.88559341430664,6.885593414306641,5000522
2014-09-30,6.893209634035279,7.129331326584203,6.801808454680556,6.95414400100708,14191306
2014-10-01,6.93129370378989,6.976995035657527,6.877976596586583,6.946527481079102,10780651
2014-10-02,7.007460456552059,7.266431650220688,6.984610166258624,7.159796714782715,29786518
2014-10-03,7.152181669938373,7.1826492247339235,7.10648107995101,7.121714115142822,10232985
2014-10-06,7.083630476616125,7.083630476616125,6.931294177719862,6.938911437988281,16176597
2014-10-07,6.855123996734619,6.900823828823866,6.817039937420252,6.855123996734619,10158396
2014-10-08,6.8170416177730635,6.931293081672638,6.8170416177730635,6.8398919105529785,5886393
2014-10-09,6.8932089082363275,6.923676459617222,6.7104058265686035,6.7104058265686035,8578746
2014-10-13,6.398116739885595,6.535219978358979,6.2457804679870605,6.2457804679870605,15790369
2014-10-14,6.261014896559558,6.390500889618173,6.261014896559558,6.299098968505859,8749381
2014-10-15,6.306715573075187,6.4133512728792885,6.2305474281311035,6.2305474281311035,9495270
2014-10-16,6.207696871320986,6.398117225651489,5.948725634755062,6.23816442489624,13957321
2014-10-17,6.352416536253002,6.36003305342246,6.07059463899717,6.101061820983887,8053558
2014-10-20,6.253397241674137,6.283864794188217,6.17723021590371,6.222930431365967,7529392
2014-10-21,6.222930132108007,6.261014199816206,6.139145851135254,6.139145851135254,5685105
2014-10-22,6.268630685322117,6.352416079187287,6.207696325733001,6.321948528289795,11049376
2014-10-23,6.314332231993349,6.352416300841142,6.26101438716526,6.344799041748047,5082263
2014-10-24,6.375267378847906,6.398117674529507,6.2457813803775215,6.291481971740723,9276612
2014-10-27,6.443817726564188,6.474284534011811,6.314331753845733,6.33718204498291,15003610
2014-10-28,6.474284825514316,6.778957366943359,6.474284825514316,6.778957366943359,28636010
2014-10-29,7.068396423764339,7.251198768615723,7.053162647624756,7.251198768615723,44350769
2014-10-30,7.23596592935596,7.23596592935596,7.007461507732323,7.04554557800293,33526181
2014-10-31,7.06077876560417,7.502553795453022,7.053162249067721,7.411151885986328,43440376
2014-11-03,7.350216538986324,7.441618436165846,7.129329424858719,7.1445631980896,38530791
2014-11-04,7.197882477390655,7.312133944029886,7.129330855201207,7.152181148529053,30244269
2014-11-05,7.190266182725912,7.235966775512388,6.923677659657453,6.938911437988281,37779793
2014-11-06,6.984611043345267,7.045545405848149,6.718023300170898,6.718023300170898,35004677
2014-11-07,6.702788385687324,6.8475081214846885,6.550451391992016,6.664704322814941,40319903
2014-11-10,6.702789347971519,6.756107192088573,6.672321796417236,6.672321796417236,19591338
2014-11-11,6.763724012646423,6.763724012646423,6.611387732445052,6.619004249572754,14979087
2014-11-12,6.626621059749824,7.022694767662529,6.596153508892292,6.817041397094727,38597205
2014-11-13,6.870360511360191,7.007462288972315,6.748491027583852,6.771341323852539,24340506
2014-11-14,6.778957508004527,6.938910298700833,6.778957508004527,6.870359420776367,23280935
2014-11-17,6.969377718631797,6.969377718631797,6.756107807159424,6.756107807159424,16999118
2014-11-18,6.756106736508361,6.756106736508361,6.283864172496707,6.382882595062256,40811372
2014-11-19,6.405733481121219,6.641853644393542,6.405733481121219,6.519985675811768,21567434
2014-11-20,6.611387788434511,6.786574363708496,6.5276031304965825,6.786574363708496,22800705
2014-11-21,6.778957943457987,7.007461626756932,6.778957943457987,6.92367696762085,37726661
2014-11-24,7.403534958882443,7.403534958882443,7.243581440634581,7.327366828918457,87346677
2014-11-25,7.27404950336996,7.3959182230392955,7.251198469001822,7.296899795532227,38045452
2014-11-26,7.31975112606678,7.357835199141749,7.19026587137667,7.205499649047852,50586606
2014-11-27,7.281665805502184,7.38830148872574,7.281665805502184,7.289282321929932,43065388
2014-11-28,7.357835199141749,7.373068976812932,7.19026587137667,7.205499649047852,26038681
2014-12-01,6.702790303057421,7.159798446049931,6.702790303057421,7.09124755859375,28127170
2014-12-02,7.0836291655659265,7.121713233241327,7.007461030215124,7.037928581237793,18637009
2014-12-03,7.076013307394097,7.213115815342877,7.076013307394097,7.09886360168457,24466183
2014-12-04,7.197882216693076,7.281666127723366,7.121713338015807,7.167414665222168,33977802
2014-12-05,7.167415662278671,7.235966549315478,7.121714328714815,7.129331588745117,17219820
2014-12-08,7.197882780619856,7.228349592271839,7.09886360168457,7.09886360168457,10659061
2014-12-09,7.0988630176033,7.1064802765440165,6.961760520935059,6.961760520935059,16292056
2014-12-10,7.076011589653517,7.220731322038241,6.999843465704876,7.1445631980896,30352577
2014-12-11,7.144564088031544,7.5863383713150885,7.136946829364402,7.4873199462890625,91679986
2014-12-12,7.4873203602563185,7.4873203602563185,7.312133792108079,7.3197503089904785,49716062
2014-12-15,7.205498924608778,7.2740498039280475,7.175031372329613,7.251198768615723,20805196
2014-12-16,7.205499646850153,7.296900828437418,7.190265869183617,7.197883129119873,19328745
2014-12-17,7.213116164580433,7.312134606103955,7.152181796120264,7.197883129119873,20160462
2014-12-18,7.251197875956461,7.31974948904258,7.159796714782715,7.159796714782715,18111821
2014-12-19,7.2359663731273285,7.29690074085613,7.030312232612399,7.076013565063477,20773521
2014-12-22,7.121712549167815,7.289281837079077,7.121712549167815,7.274048805236816,22065034
2014-12-23,7.365450707319377,7.426385061305818,7.274048805236816,7.274048805236816,27177950
2014-12-24,7.296900112718628,7.47970394237474,7.274049819563091,7.441619873046875,39609775
2014-12-25,7.479702949523926,7.6929728188035815,7.449235401223515,7.479702949523926,88412379
2014-12-26,7.5558715230277995,7.616805138805338,7.487319906417833,7.517787456512451,33490420
2014-12-29,7.845310722323433,8.073814392089844,7.845310722323433,8.073814392089844,82708882
2014-12-30,8.264233552691648,8.530822761322076,8.226150228265418,8.30231761932373,170255825
2014-12-31,8.37848675643172,8.37848675643172,8.14998307146758,8.26423454284668,59570993
2015-01-05,8.264233510355877,8.683158241162728,8.149982053250767,8.568906784057617,102992978
2015-01-06,8.416570149086214,8.492739027541475,8.149982414419254,8.188066482543945,65734285
2015-01-07,8.14998249072246,8.226150627684957,7.959562148316216,8.111898422241211,53746928
2015-01-08,8.226150228265418,8.378485752587896,8.188066161633335,8.30231761932373,40340338
2015-01-09,8.454653940223348,8.60698945215246,8.226149559020996,8.226149559020996,78603426
2015-01-12,8.226150627684957,8.26423395396032,8.111898422241211,8.111898422241211,32041556
2015-01-13,8.035730479692297,8.073814549094939,7.883394944287639,7.921478271484375,35538038
2015-01-14,7.807225637089533,7.88339376449585,7.616804576367946,7.88339376449585,53435289
2015-01-15,7.9214780798349675,8.14998249072246,7.845310685078358,8.111898422241211,55507431
2015-01-16,8.035731309343618,8.035731309343618,7.769142796001125,7.807227611541748,33101127
2015-01-19,7.80722698150489,7.80722698150489,7.472086866323184,7.510170936584473,51070923
2015-01-20,7.47970282775822,7.769140820871197,7.47970282775822,7.65488862991333,34314985
2015-01-21,7.769142580035859,7.807227394517807,7.601572513580322,7.601572513580322,21163836
2015-01-22,7.731058722666483,7.807227611541748,7.654890575997199,7.807227611541748,21130118
2015-01-23,7.845309656217584,7.883393719704358,7.692972660064697,7.692972660064697,24734908
2015-01-26,7.692973101381708,7.807226040602083,7.692973101381708,7.731057167053223,9461551
2015-01-27,7.845311514941458,7.845311514941458,7.692974482696636,7.7691426277160645,12016988
2015-01-28,7.731056757218575,7.731056757218575,7.65488862991333,7.65488862991333,11238402
2015-01-29,7.654888596577923,7.769140787038245,7.654888596577923,7.692972660064697,9475856
2015-01-30,7.692972693565952,7.807225626729612,7.616804566260708,7.65488862991333,12378693
2015-02-02,7.654890098614606,7.73105824053381,7.593955733520431,7.609189510345459,8709532
2015-02-03,7.654890575997199,7.807227611541748,7.616806502662557,7.807227611541748,18541985
2015-02-04,8.035729895105005,8.340401685955813,7.997645828472923,8.30231761932373,126852233
2015-02-05,8.378486080961522,8.454654959416784,8.188066482543945,8.188066482543945,55116094
2015-02-06,8.226150706161304,8.264234032799974,8.035730361938477,8.035730361938477,35358208
2015-02-09,8.226150706161304,8.264234032799974,8.035730361938477,8.035730361938477,21499997
2015-02-10,8.035730479692297,8.035730479692297,7.845310874884998,7.921478271484375,21110704
2015-02-11,8.07381386606046,8.07381386606046,7.769141336614244,7.845310211181641,23817362
2015-02-12,7.997645378112793,8.07381350708781,7.9214772491377765,7.997645378112793,28268174
2015-02-13,8.07381350708781,8.07381350708781,7.9214772491377765,7.997645378112793,13770338
2015-02-24,8.073814392089844,8.111898460751894,7.997646254765743,8.073814392089844,20794979
2015-02-25,8.18806549548727,8.378485070950108,8.18806549548727,8.226149559020996,52910102
2015-02-26,8.188066559203708,8.188066559203708,8.035730285278714,8.111898422241211,20486405
2015-03-02,8.149981498718262,8.149981498718262,8.03572930718113,8.149981498718262,14672557
2015-03-03,8.226149559020996,8.264232880348931,8.149981431953545,8.226149559020996,14957630
2015-03-04,8.149982529413943,8.149982529413943,8.073814392089844,8.073814392089844,14178023
2015-03-05,8.149982529413943,8.149982529413943,8.073814392089844,8.073814392089844,8645161
2015-03-06,8.111898346294563,8.188066482543945,8.111898346294563,8.188066482543945,12636178
2015-03-09,8.149981498718262,8.188065562563972,8.111897434872551,8.149981498718262,12677049
2015-03-10,8.188066598075993,8.226150666738045,8.035730323427794,8.073814392089844,13704945
2015-03-11,7.997646293093911,8.149982568472172,7.997646293093911,8.035730361938477,13527158
2015-03-12,8.11189736841982,8.226149559020996,8.035729241352369,8.226149559020996,28543029
2015-03-13,8.226149626409683,8.264232948049596,8.111897434872551,8.149981498718262,20850154
2015-03-16,8.111897434872551,8.226149626409683,8.111897434872551,8.149981498718262,17578460
2015-03-17,8.188066637316739,8.226150706161304,8.035730361938477,8.035730361938477,19465661
2015-03-18,8.035729442600301,8.111897571575318,7.959561313625285,7.997645378112793,20147179
2015-03-19,8.073813304886094,8.302316943882657,8.035729241352369,8.226149559020996,64603190
2015-03-20,8.264232948049596,8.264232948049596,8.111897434872551,8.149981498718262,20484362
2015-03-23,8.226149626409683,8.302317011895306,7.99764524333542,8.149981498718262,32281671
2015-03-24,8.149981636062826,8.26423308731954,7.997645378112793,7.997645378112793,31071900
2015-03-25,8.073814392089844,8.149982529413943,7.921478117441643,8.073814392089844,24748191
2015-03-26,7.959561313625285,8.111897571575318,7.959561313625285,7.997645378112793,18571616
2015-03-27,7.997646410289657,8.035730479692297,7.807226805482357,7.921478271484375,20773521
2015-03-30,7.845311514941458,7.959562990264635,7.7691426277160645,7.7691426277160645,17200406
2015-03-31,7.8833942773624175,7.959561667518129,7.807226145000863,7.845310211181641,15520623
2015-04-01,7.807227442431744,7.883395587451172,7.7691426277160645,7.7691426277160645,8798425
2015-04-02,7.883395758211032,7.959563162674334,7.807227611541748,7.807227611541748,12002683
2015-04-07,7.883393719704358,7.9214770409853426,7.616804533091149,7.692972660064697,17029771
2015-04-08,7.731056757218575,7.769140820871197,7.616804566260708,7.65488862991333,15259051
2015-04-09,7.6929739847810765,7.769142124870642,7.540638446807861,7.540638446807861,15918090
2015-04-10,7.61680532869838,7.731057531092824,7.586338520050049,7.586338520050049,15824088
2015-04-13,7.654888596577923,7.731056723551472,7.616804533091149,7.692972660064697,13036710
2015-04-14,7.959561114284918,8.226149559020996,7.959561114284918,8.226149559020996,111335696
2015-04-15,8.188066637316739,8.226150706161304,8.035730361938477,8.035730361938477,48041387
2015-04-16,8.111898460751894,8.264233993194203,8.073814392089844,8.073814392089844,35830263
2015-04-17,8.111898422241211,8.188066559203708,8.073814353759962,8.111898422241211,17922795
2015-04-20,8.035729442600301,8.111897571575318,7.997645378112793,7.997645378112793,13389220
2015-04-21,8.07381386606046,8.07381386606046,7.845310211181641,7.845310211181641,15687171
2015-04-22,7.845310874884998,7.959562340887016,7.807226805482357,7.921478271484375,14115695
2015-04-23,7.997645378112793,8.035729442600301,7.959561313625285,7.997645378112793,13677357
2015-04-24,8.07381350708781,8.07381350708781,7.9214772491377765,7.997645378112793,18466374
2015-04-27,8.035729442600301,8.07381350708781,7.997645378112793,7.997645378112793,15332618
2015-04-28,7.997645378112793,8.07381350708781,7.997645378112793,7.997645378112793,13825514
2015-04-29,7.997645167958891,7.997645167958891,7.654888596577923,7.692972660064697,38050561
2015-04-30,7.73105855520635,7.845311514941458,7.692974482696636,7.7691426277160645,11723741
2015-05-04,7.769140787038245,7.845309656217584,7.692972660064697,7.692972660064697,9618903
2015-05-05,7.692972660064697,7.731056723551472,7.586337727625203,7.692972660064697,20522167
2015-05-06,7.654889035710194,7.769141232724737,7.61680497003868,7.731057167053223,14280199
2015-05-07,7.692972660064697,7.769140787038245,7.692972660064697,7.692972660064697,6720154
2015-05-08,7.769140820871197,7.769140820871197,7.616804566260708,7.65488862991333,9309308
2015-05-11,7.692972962098609,7.769141092062595,7.228348408406439,7.327366828918457,27002206
2015-05-12,7.312132973013371,7.373067327864471,6.931292327436732,7.159796714782715,35988637
2015-05-13,7.159796613185065,7.411151287257758,7.136946323215875,7.274048805236816,20498666
2015-05-14,7.3273669711989795,7.350217262190712,7.175030708312988,7.175030708312988,14379311
2015-05-15,7.1978820759968105,7.220732368050397,7.083629131317139,7.083629131317139,11593977
2015-05-18,7.235966549315478,7.319751214206903,7.09886403303588,7.129331588745117,16094856
2015-05-19,7.16741506979114,7.266432762145996,7.16741506979114,7.266432762145996,10928807
2015-05-20,7.350217665329854,7.616805397796106,7.3121335975195505,7.494937419891357,29890738
2015-05-21,7.4949380656739555,7.517788359887801,7.312134227551312,7.357834815979004,11025875
2015-05-22,7.47970368531675,7.609188922816695,7.464469909667969,7.464469909667969,16118356
2015-05-25,7.449235953080296,7.533021346010541,7.411151885986328,7.411151885986328,7990209
2015-05-26,7.609188585764029,7.692973234812228,7.53302119530575,7.555871486663818,15313205
2015-05-27,7.5558715230277995,7.571105298075109,7.502553681465142,7.517787456512451,7317887
2015-05-28,7.578721774646727,7.6929739847810765,7.540638446807861,7.540638446807861,12630047
2015-05-29,7.616806414951812,7.616806414951812,7.472087383270264,7.472087383270264,7791986
2015-06-01,7.456853853470932,7.464470370662768,7.258816242218018,7.258816242218018,14125913
2015-06-02,7.274050456328727,7.403536451819766,7.258816678822845,7.3045172691345215,15122134
2015-06-03,7.266432351987912,7.334983971694513,7.167414665222168,7.167414665222168,11822852
2015-06-04,7.167414340843766,7.220732182401887,7.022694591215416,7.030311107635498,13937908
2015-06-05,6.946525145324532,6.96175891749142,6.763722105938997,6.855123996734619,25794479
2015-06-08,6.16961257564308,6.596153063399649,6.16961257564308,6.519985675811768,25437883
2015-06-09,6.360032864272134,6.45905203776575,6.024893501282488,6.040127277374268,38465398
2015-06-10,6.0629780193211715,6.299098968505859,6.0629780193211715,6.299098968505859,11975096
2015-06-11,6.436201257516894,6.436201257516894,6.253397421584952,6.283864974975586,10711171
2015-06-12,6.436201831847165,6.687556572028613,6.436201831847165,6.6342387199401855,21556194
2015-06-15,6.634237546084065,6.634237546084065,6.360032558441162,6.360032558441162,14459008
2015-06-16,6.360032822101359,6.360032822101359,6.169613219937361,6.21531343460083,14780865
2015-06-17,6.245780985804915,6.344799422307092,6.146762920405708,6.207696914672852,24884086
2015-06-18,6.314331901688315,6.497135719477543,6.245780284465891,6.4362006187438965,23141975
2015-06-22,6.542835636134476,6.542835636134476,6.360032558441162,6.360032558441162,11937290
2015-06-23,6.398117759739178,6.474285907829573,6.3905012418125375,6.420968055725098,8621660
2015-06-24,6.436201257516894,6.4590522936628325,6.268631198280269,6.283864974975586,11207749
2015-06-25,6.291480759837548,6.360032375883508,6.283864243479482,6.3067145347595215,8643117
2015-06-26,6.283864423850816,6.3981166257363355,6.245780356555643,6.360032558441162,7154404
2015-06-29,6.200079840767962,6.200079840767962,6.055360820118545,6.131529331207275,12974383
2015-06-30,5.979192893776828,6.161996733156857,5.979192893776828,6.154379844665527,8662531
2015-07-01,6.1619963319419755,6.21531343460083,6.146762555951205,6.21531343460083,7163600
2015-07-02,6.215313686334319,6.2610146450546695,6.177230358123779,6.177230358123779,6783503
2015-07-03,6.177229918843453,6.177229918843453,6.101061412324119,6.139145851135254,5736193
2015-07-06,6.108678499123232,6.139146051164853,5.925874671285297,5.963958740234375,13198149
2015-07-07,5.941108225949942,6.0553604285403235,5.3698479552039045,5.423165798187256,76210451
2015-07-08,5.407932442843254,5.453633401650222,5.110877138355374,5.255596160888672,32235691
2015-07-09,5.118493925215681,5.232745392211017,4.989007939679752,5.11087703704834,25410295
2015-07-10,5.11087703704834,5.11087703704834,5.11087703704834,5.11087703704834,0
2015-07-13,5.21751198697929,5.21751198697929,5.11087703704834,5.11087703704834,18037232
2015-07-14,5.118493814824081,5.461250063932574,5.118493814824081,5.240362167358398,31735026
2015-07-15,5.331763430155175,5.354614091374196,5.118493189831289,5.126110076904297,15736216
2015-07-16,5.126111246487106,5.217512427805842,5.06517650710297,5.141345024108887,13557811
2015-07-17,5.1870436668396,5.255595279099877,5.156577231986889,5.1870436668396,13849014
2015-07-20,5.270829648520577,5.270829648520577,5.164194323712014,5.1794281005859375,7716375
2015-07-21,5.225128102041365,5.247978392059524,5.072792216748805,5.1870436668396,11463191
2015-07-22,5.133727592304215,5.1489609972117725,5.095643523380898,5.103260040283203,7448673
2015-07-23,5.0347087661194685,5.072792834858804,4.813821612754859,4.897605895996094,20799066
2015-07-24,4.9356902268102925,4.996624962690505,4.874755862033047,4.8823723793029785,10150222
2015-07-27,4.745270722465498,4.836671529491358,4.531999327615688,4.5472331047058105,19899912
2015-07-28,4.5319988490629814,4.760503625771164,4.5319988490629814,4.669101715087891,16395255
2015-07-29,4.783355133898898,4.783355133898898,4.570084095001221,4.570084095001221,12915120
2015-07-30,4.61578441774225,4.859521865844727,4.61578441774225,4.859521865844727,22639266
2015-07-31,5.240361872286562,5.293679714202881,5.118493526614351,5.293679714202881,36689569
2015-08-03,5.484100751826707,5.484100751826707,5.339380992446998,5.446016311645508,40515060
2015-08-04,5.446016287926441,5.446016287926441,5.232745279355332,5.240362167358398,21735003
2015-08-05,5.240362119441487,5.392698764801025,5.225128714677594,5.392698764801025,15275399
2015-08-06,5.34699800860071,5.362231413935242,5.202278245753423,5.209895133972168,16746742
2015-08-07,5.126111128260448,5.293680451617359,5.103260462354796,5.278446674346924,10489448
2015-08-10,5.240361871649047,5.430782576568621,5.2175115800322205,5.415548801422119,13634443
2015-08-11,5.415549373029908,5.453633443812986,5.217512130737305,5.217512130737305,19116217
2015-08-12,5.15657813702853,5.255596201520383,5.15657813702853,5.217512130737305,10337205
2015-08-13,5.270829660269871,5.423166316039783,5.240362477557076,5.385082244873047,14003301
2015-08-14,5.3317637082570375,5.438399390635393,5.30129652947876,5.369847774505615,12078294
2015-08-17,5.331763928677483,5.331763928677483,5.2479789052462715,5.26321268081665,9560663
2015-08-18,5.270828682077683,5.301296230239096,5.179427150902147,5.1870436668396,11345688
2015-08-19,5.110877607220725,5.110877607220725,4.806205386464283,4.836671829223633,19713950
2015-08-20,4.775737903456971,4.981391296362978,4.775737903456971,4.889989376068115,13890907
2015-08-21,4.775738195505066,4.882372786095442,4.76812130649754,4.813822269439697,13256390
2015-08-24,4.8138215810741,4.928073044334301,4.570083394305267,4.676718711853027,30979941
2015-08-25,4.646251630546988,4.81382168391846,4.646251630546988,4.806204795837402,16924529
2015-08-26,4.768120982237243,4.798588165092402,4.72242002240302,4.783354759216309,12262212
2015-08-27,4.8519052611310896,5.0804100598275195,4.806205043597744,4.920456886291504,35695390
2015-08-28,5.072793267439826,5.156578300031698,5.057559490203857,5.057559490203857,34647059
2015-08-31,5.019474400088001,5.171810286033633,4.966156932782755,5.126110076904297,18523593
2015-09-01,5.103259415685275,5.255595301630907,5.095642899715171,5.126110076904297,20170680
2015-09-02,5.088025990829512,5.255595279099877,5.004240975591428,5.1870436668396,26970532
2015-09-03,5.225128605336657,5.628819204124888,5.21751171756263,5.506950855255127,57959669
2015-09-04,5.583119561702298,5.666904604716505,5.324148285300245,5.331765174865723,41476542
2015-09-07,5.331764289407728,5.438399983409141,5.263213036908936,5.37746524810791,15858828
2015-09-08,5.453632718505853,5.48410026796265,5.4155486527877725,5.438399314880371,12744485
2015-09-09,5.5983518828855106,5.651669724855561,5.537417153333607,5.5526509284973145,24171915
2015-09-10,5.484100424672338,5.583118107721803,5.476483537090484,5.5526509284973145,14729776
2015-09-11,5.537417668953458,5.583118627597126,5.491717452515714,5.5145673751831055,12075229
2015-09-14,5.5526510685904835,5.583118248583658,5.446016124165842,5.506950855255127,10692779
2015-09-15,5.545033708546917,5.545033708546917,5.4688663217055495,5.522183418273926,14138174
2015-09-16,5.560268215512506,5.583118508796638,5.484100818634033,5.484100818634033,12824183
2015-09-17,5.522184257971771,5.560268328286386,5.48410092986308,5.499334335327148,19207154
2015-09-18,5.55265148045649,5.971575885866348,5.476484081478268,5.941108703613281,53461855
2015-09-21,5.788772891138593,5.8649402865337885,5.605969064013621,5.62120246887207,30196246
2015-09-22,5.674521140540943,5.758306178332118,5.628820177100029,5.72783899307251,14750212
2015-09-23,5.651669724855561,5.727837858468246,5.522183749272826,5.5526509284973145,22284713
2015-09-24,5.583117984953317,5.5907348723676815,5.354614331345736,5.400315284729004,16116313
2015-09-25,4.912839556752579,5.316530156380972,4.912839556752579,5.270829200744629,25975332
2015-09-29,5.270829200744629,5.270829200744629,5.270829200744629,5.270829200744629,0
2015-09-30,5.21751217166778,5.240362465875697,5.1794281005859375,5.1794281005859375,8818861
2015-10-01,5.255596701137538,5.3698489243480285,5.255596701137538,5.301297664642334,9642404
2015-10-02,5.522183928268613,5.666903312603056,5.514567040439865,5.605968952178955,32206060
2015-10-05,5.788773062669508,5.9030245302507085,5.76592239805031,5.796389579772949,37819642
2015-10-06,5.903024311780375,5.918258087629373,5.567884954131858,5.651669979095459,20682584
2015-10-07,5.72022085789442,5.804005877433947,5.689753679271752,5.781155586242676,18565485
2015-10-08,5.819239277444918,5.826856164385666,5.6745195388793945,5.6745195388793945,14860562
2015-10-12,5.743072574804476,5.834474498559781,5.704988130653942,5.788773536682129,17020575
2015-10-13,5.788773062669508,5.811623356185748,5.76592239805031,5.796389579772949,9584163
2015-10-14,5.796388818095473,5.9639581099989805,5.773538527581887,5.8649396896362305,25044503
2015-10-15,5.903023754560813,5.925874045074399,5.8344732541229645,5.8649396896362305,18588986
2015-10-16,5.872557166299407,5.971575596601128,5.8192400638179445,5.880173683166504,17527371
2015-10-19,5.925874342423287,6.032510026445217,5.925874342423287,5.933491230010986,20446556
2015-10-20,5.956342223326918,6.002043180286401,5.933491559295702,5.963958740234375,13434177
2015-10-21,5.925874780440786,5.925874780440786,5.7811561321950355,5.826857089996338,20448600
2015-10-22,5.819239700060929,5.895407090588399,5.804005925073096,5.887790203094482,10141026
2015-10-23,5.96395862817289,6.002043067509318,5.94872522354126,5.94872522354126,15376554
2015-10-26,6.024893062426883,6.207696135595087,6.017276174935811,6.1239118576049805,24961740
2015-10-27,6.101061491099856,6.169613110742088,6.017276466839416,6.070594310760498,14837062
2015-10-28,6.05536106790128,6.05536106790128,5.910641670227051,5.910641670227051,20056242
2015-10-29,5.971575885866348,6.017276844797431,5.933491815274274,5.941108703613281,12443064
2015-10-30,5.994426727294922,6.009660133318281,5.880174141053364,5.994426727294922,12247907
2015-11-02,5.994426026676674,6.161996071069152,5.9715753636579185,6.09344482421875,17232081
2015-11-03,6.154379445290221,6.161996333287269,6.070594419528587,6.078211307525635,12741420
2015-11-04,6.1086787772175555,6.1543797362575505,6.1086787772175555,6.146762847900391,16996053
2015-11-05,6.131528745096053,6.16199592395742,6.116294970113907,6.1239118576049805,8415263
2015-11-06,6.146762861353548,6.146762861353548,6.017276872307322,6.024893760681152,10061328
2015-11-09,6.0782115804065295,6.101061874320588,5.925874926935266,5.941108703613281,8753468
2015-11-10,5.872557197418356,5.963958740234375,5.872557197418356,5.963958740234375,7113534
2015-11-11,5.956342672299733,5.979192966950393,5.8649407514911385,5.872557640075684,8300825
2015-11-12,5.90302415568935,5.9182579311355274,5.765922032188417,5.804006099700928,10459817
2015-11-13,5.651670159569169,5.781156145111671,5.651670159569169,5.712604522705078,8443873
2015-11-16,5.636436203246461,5.68975404761501,5.55265117828286,5.651669979095459,8211932
2015-11-17,5.727838259613506,5.781156105317636,5.712604483382911,5.750688552856445,7494652
2015-11-18,5.781155917078623,6.055360540374434,5.73545496097785,5.94872522354126,12766964
2015-11-19,6.0325102478755195,6.047744023610091,5.94872522354126,5.94872522354126,14121826
2015-11-20,5.979192733764648,6.085828427583591,5.910641481383158,5.979192733764648,15992679
2015-11-23,6.0172766215800415,6.040127285749395,5.910641302098578,5.918258190155029,6849918
2015-11-24,5.918258409699222,5.971575885866348,5.895407744682199,5.941108703613281,5306030
2015-11-25,5.956342672299733,6.040127704523781,5.872557640075684,5.872557640075684,11368167
2015-11-26,5.903023942006671,5.948724895587949,5.895407054559304,5.92587423324585,7171774
2015-11-27,5.956342672299733,6.002043632704029,5.872557640075684,5.872557640075684,11437647
2015-11-30,5.826857609729674,5.849707905117007,5.743072574804476,5.788773536682129,9462573
2015-12-01,5.8649396896362305,5.971574997204479,5.849706657431052,5.8649396896362305,9314417
2015-12-02,5.895407378580331,5.903024266446335,5.804006208600062,5.8116230964660645,6762046
2015-12-03,5.796389495266136,6.01727665231065,5.788772978273737,6.0020432472229,20770456
2015-12-04,5.986808998932517,6.024893065303138,5.9182577536859835,6.009659290313721,9647513
2015-12-07,6.078211608195002,6.131529455708852,6.017276872307322,6.024893760681152,12553415
2015-12-08,6.062977982157476,6.062977982157476,5.956342655582061,5.994426727294922,7909489
2015-12-09,5.9944261077297964,6.017276399954588,5.903024196624756,5.903024196624756,8199671
2015-12-10,5.8954070058264065,5.8954070058264065,5.811622729009639,5.819239616394043,9561685
2015-12-11,5.872557278289393,5.910641347762927,5.712604483382911,5.750688552856445,7133969
2015-12-14,5.704987049102783,5.82685650507451,5.67451987066131,5.704987049102783,8682966
2015-12-15,5.864940522761177,6.230547078428139,5.864940522761177,5.979192733764648,27394564
2015-12-16,6.1086780475709626,6.131528709913062,5.92587423324585,5.92587423324585,14412007
2015-12-17,5.994426388898522,6.139146150120077,5.956342319335577,6.0858283042907715,21203685
2015-12-18,6.085828372995221,6.154379624761823,6.040127414783166,6.131529331207275,17311779
2015-12-21,6.116294914627888,6.626620805356313,6.085827736042914,6.588536739349365,50882918
2015-12-22,6.626620797867443,6.634237314177889,6.329565528672464,6.33718204498291,25015893
2015-12-23,6.33718282230623,6.4590522936628325,6.283864974975586,6.283864974975586,15753586
2015-12-24,6.291481610891634,6.329566424451254,6.154379844665527,6.154379844665527,13115386
2015-12-25,6.222930910519081,6.306715573075187,6.2000802443740675,6.2305474281311035,8793317
2015-12-28,6.230547245166939,6.268631316520616,6.11629577331185,6.154379844665527,8830100
2015-12-29,6.131529152402025,6.146762557293173,6.070594419528587,6.078211307525635,8513353
2015-12-30,6.123912193306641,6.139145969123874,6.024893392700514,6.032510280609131,8045384
2015-12-31,6.062977131673759,6.078210906663177,5.979192111437808,6.009659290313721,5343835
2016-01-04,6.040126982768527,6.040126982768527,5.834473613280849,5.842090129852295,11126008
2016-01-05,5.842090465068206,5.903024456650791,5.712604480482744,5.743072032928467,14153500
2016-01-06,5.788772022239573,5.804005424811478,5.590734448878792,5.628818511962891,13532267
2016-01-07,5.598352101684691,5.628819282099922,5.3622311751394465,5.430782794952393,11784025
2016-01-08,5.362231677613492,5.567885443014527,5.354615160123176,5.537417888641357,6297143
2016-01-11,5.522184078699058,5.552651259741069,5.430782906675978,5.446016311645508,8085233
2016-01-12,5.484101274855073,5.522184605359499,5.385082463146255,5.407932758331299,6748763
2016-01-13,5.453632868185448,5.50695071009528,5.369847847085539,5.415548801422119,7566176
2016-01-14,5.331763595883208,5.385081435948643,5.308913305056829,5.3546142578125,7133969
2016-01-15,5.423166206808093,5.461250277207751,5.362231471506862,5.37746524810791,5959960
2016-01-18,5.247978450586409,5.522183418273926,5.247978450586409,5.522183418273926,7631569
2016-01-19,5.5602677524639,6.009659290313721,5.51456679859857,6.009659290313721,34400813
2016-01-20,6.093444751692879,6.200079322329884,6.017276246973205,6.047743797302246,30584517
2016-01-21,6.101061159288675,6.200079211679206,6.062977093159976,6.161995887756348,18617595
2016-01-22,6.3067148283052985,6.382882964254566,6.2305466923560315,6.2457804679870605,24914739
2016-01-25,6.367649743727328,6.550452077104845,6.337182193360505,6.4362006187438965,24113674
2016-01-26,6.42858402281536,6.542835479764472,6.329565598655566,6.497135639190674,15729063
2016-01-27,6.55045218776733,6.580919738648867,6.314332008361816,6.314332008361816,21357972
2016-01-28,6.321948277300733,6.603769771987474,6.321948277300733,6.588536739349365,26855072
2016-01-29,6.58853663361615,6.740872895199239,6.58853663361615,6.702788829803467,23332023
2016-02-01,6.588536237932146,6.6875546535732955,6.5276018853995765,6.641853332519531,20028654
2016-02-02,6.664705499521891,6.740873638714748,6.664705499521891,6.695172309875488,14555054
2016-02-03,6.664705279631607,6.72563964053429,6.580919883960271,6.672321796417236,15994722
2016-02-15,6.657087872297287,7.083629131317139,6.641854096859606,7.083629131317139,27754226
2016-02-16,7.076012568570157,7.076012568570157,6.8018075813030165,6.847508907318115,21988401
2016-02-17,6.916059197077105,7.007461108966435,6.794191218234462,6.969377040863037,23618118
2016-02-18,7.098863020855767,7.121713313276629,6.954143265180503,6.969377040863037,16339058
2016-02-19,6.969377474662104,7.037929098397472,6.946527180818957,6.999845027923584,10253420
2016-02-22,7.076012069638179,7.190264263311171,7.030310746845496,7.159796714782715,17433369
2016-02-23,7.144564192241788,7.159797225386555,7.022694731642607,7.114096641540527,9145826
2016-02-24,7.129331288868135,7.190265655517578,7.068396922218692,7.190265655517578,13124582
2016-02-25,7.235965804799792,7.274049874414839,7.144564631488407,7.152181148529053,10975809
2016-02-26,7.159796424963542,7.266431356085072,7.15217990924264,7.213114261627197,11327296
2016-03-01,7.2816655153425325,7.609188326183975,7.243581450309671,7.571105003356934,25919134
2016-03-02,7.6168060302734375,7.769142314164212,7.5787219593007435,7.6168060302734375,21934248
2016-03-03,7.654889468920631,7.654889468920631,7.4873201642474445,7.502553939819336,14884063
2016-03-04,7.548255117831475,7.571105409636216,7.357834040243008,7.40353536605835,14473313
2016-03-07,7.388301327912209,7.487319750346936,7.083628802140228,7.175030708312988,19616883
2016-03-08,7.304516341796491,7.517787715391227,7.228348948348781,7.502553939819336,19016084
2016-03-09,7.487320098974086,7.487320098974086,7.319750053555877,7.342600345611572,11251685
2016-03-10,7.327367346552496,7.357834155366894,7.251198469001822,7.296899795532227,8864840
2016-03-11,7.312133571042361,7.426385774059566,7.281666020022091,7.296899795532227,10253420
2016-03-14,7.34260125721424,7.426386661428451,7.312134444759404,7.380685329437256,11076963
2016-03-15,7.464470766665935,7.510171356653298,7.121714115142822,7.121714115142822,25362272
2016-03-16,7.144564085594896,7.312133385332935,7.144564085594896,7.235965251922607,14446747
2016-03-17,7.296899610209699,7.365451227161335,7.205498443881988,7.235965251922607,10221745
2016-03-18,7.243582977707529,7.274050533040602,7.152181796120264,7.197883129119873,7406780
2016-03-21,7.2054995197276055,7.22073329712538,7.01507915777032,7.121714115142822,12197841
2016-03-22,7.152180417321257,7.220732032502286,7.129330126329525,7.175030708312988,7611133
2016-03-23,7.152180889486714,7.205498733457861,7.129330596986475,7.167414665222168,5802608
2016-03-24,7.167414034887524,7.190264325378206,7.060778356323252,7.068395614624023,6222554
2016-03-25,7.045545177069833,7.0607789527523686,6.969377040863037,6.969377040863037,6392167
2016-03-28,6.976994817990685,7.022695406226607,6.931293487548828,6.931293487548828,6351296
2016-03-29,6.954143332324567,6.992227400795676,6.855125644946746,6.870359420776367,8717706
2016-03-30,6.969376391994396,7.190264263311171,6.931292327436732,7.159796714782715,12022097
2016-03-31,7.2359664599772495,7.373068974564124,7.136948018453728,7.197883129119873,19787517
2016-04-01,7.243581387049357,7.243581387049357,7.09886238651185,7.106479644775391,7972839
2016-04-06,7.068397134419161,7.251199497649447,7.053163356747978,7.205499649047852,10461860
2016-04-07,7.235964353063361,7.266431157319362,7.106479136115278,7.1445631980896,7224906
2016-04-08,7.136947303083607,7.258816027788464,7.121713526944025,7.251198768615723,10333118
2016-04-11,7.243581768381299,7.251198284839991,7.152180602053588,7.235965251922607,6250141
2016-04-12,7.312132973013371,7.3273667472775985,7.159796714782715,7.159796714782715,7264755
2016-04-13,7.1674139309034075,7.205497995237297,7.159796672713147,7.182647705078125,4991326
2016-04-14,7.213114774034486,7.2588153560179505,7.144563901059291,7.175030708312988,4581598
2016-04-15,7.129330457630181,7.136946974246087,7.0760126147012326,7.083629131317139,5838370
2016-04-18,7.060779392240619,7.076013168871358,6.976994734080437,6.999845027923584,3776446
2016-04-19,6.992227333283901,7.030311401387299,6.893208904656242,6.969377040863037,11136226
2016-04-20,6.984610820173129,7.00746111260586,6.641854207064532,6.7104058265686035,15856784
2016-04-21,6.771340000715869,6.778957259454336,6.626620991155301,6.649471282958984,7140099
2016-04-22,6.626621506099644,6.718023422622936,6.588537436065432,6.611387729644775,5786260
2016-04-25,6.596154645906451,6.710406868007654,6.596154645906451,6.6342387199401855,4481465
2016-04-26,6.634237728077324,6.702789347971519,6.611387435514554,6.672321796417236,3841839
2016-04-27,6.718022200942472,6.7408724903664625,6.641853332519531,6.641853332519531,5690214
2016-04-28,6.702789235561328,6.702789235561328,6.497135863739454,6.527602672576904,6202118
2016-04-29,6.459051468811716,6.52760234187748,6.329565496746384,6.382882595062256,6237880
2016-05-03,6.3981167035337,6.57330326678049,6.2990982758034155,6.55045223236084,7190166
2016-05-04,6.527603942762799,6.527603942762799,6.245781638493706,6.268631935119629,12184558
2016-05-05,6.2457809421870865,6.299098789840814,6.222930648108613,6.23816442489624,5108829
2016-05-06,6.238163982898623,6.24578049964981,6.177229993374421,6.192463397979736,3709010
2016-05-09,6.283865713605583,6.375267642315292,6.245781638493706,6.268631935119629,6126508
2016-05-10,6.306714495329448,6.344798561293357,6.20007918485109,6.33718204498291,5378575
2016-05-11,6.474284685599498,6.596153402655079,6.420966843560485,6.4362006187438965,14117739
2016-05-12,6.398116402083995,6.420966693221172,6.33718204498291,6.33718204498291,4123847
2016-05-13,6.329565862854781,6.3371823795673565,6.207696400012426,6.2457804679870605,4104433
2016-05-16,6.253396654538809,6.382882627257264,6.253396654538809,6.33718204498291,3934820
2016-05-17,6.3447996038425245,6.466669080275581,6.337183086280565,6.459052562713623,5752541
2016-05-18,6.420966914284812,6.436200689636018,6.344798779734649,6.352416038513184,4016561
2016-05-19,6.360032595808726,6.398116663327658,6.29909823621961,6.321948528289795,3106168
2016-05-20,6.321948270156179,6.420966693221172,6.261013913055094,6.33718204498291,2926337
2016-05-23,6.398116945320555,6.519986412075975,6.398116945320555,6.5047526359558105,6029440
2016-05-24,6.5047533718342105,6.542836703134113,6.481903076171875,6.481903076171875,4622468
2016-05-25,6.573303662394709,6.664705578956715,6.56568640306109,6.619004249572754,8336587
2016-05-26,6.626621723175049,6.695172606158676,6.61900446359513,6.626621723175049,8371327
2016-05-27,6.664705279631607,6.702789347971519,6.641854244862953,6.672321796417236,5473599
2016-05-30,6.702789608834173,6.756107455026279,6.657088279724121,6.657088279724121,4597946
2016-05-31,6.702789245599726,6.702789245599726,6.55045223236084,6.55045223236084,7978969
2016-06-01,6.550452838405561,6.687556088784698,6.550452838405561,6.626621723175049,4886084
2016-06-02,6.626620301040726,6.6875546535732955,6.596152753671549,6.641853332519531,3399415
2016-06-03,6.664705883143271,6.664705883143271,6.55045292557166,6.5656867027282715,3664052
2016-06-06,6.565686259019838,6.634237880488903,6.512369155883789,6.512369155883789,3542462
2016-06-07,6.53522018819614,6.588537291307867,6.489518859835645,6.5047526359558105,6362536
2016-06-08,6.5047533718342105,6.527603667496546,6.405734929160098,6.481903076171875,6566889
2016-06-13,6.45143503421221,6.45143503421221,6.268631198280269,6.283864974975586,5833261
2016-06-14,6.283865191286147,6.329566522945282,6.261014896559558,6.299098968505859,4117716
2016-06-15,6.329565925491801,6.451434647334285,6.2990983739282385,6.405734062194824,5552275
2016-06-16,6.436201132493998,6.436201132493998,6.329566182110018,6.390500545501709,4449790
2016-06-17,6.405734443593546,6.466668808142832,6.276248455047607,6.276248455047607,7156448
2016-06-20,6.360032773003927,6.390500324750268,6.337182480297116,6.367650032043457,3325847
2016-06-21,6.436200693031509,6.466668243749993,6.329565749928542,6.360032558441162,6167378
2016-06-22,6.382883065710739,6.42096713429072,6.352416256170287,6.367650032043457,9648535
2016-06-23,6.398116945320555,6.512369152912942,6.375266652243258,6.5047526359558105,8633921
2016-06-24,6.580920776640001,6.626622110170659,6.382883891291778,6.481903076171875,12432847
2016-06-27,6.474285524200504,6.580920479884883,6.459052489249845,6.5656867027282715,7620329
2016-06-28,6.588535581534052,6.916057600990755,6.588535581534052,6.855123996734619,8227258
2016-06-29,6.931293487548828,7.015078888922598,6.794191722841063,6.931293487548828,15951808
2016-06-30,6.923676600971309,6.923676600971309,6.786574101369955,6.794191360473633,12601438
2016-07-01,6.809424917968612,6.885592311120002,6.702789231586099,6.778957366943359,11465234
2016-07-04,6.794191402441363,6.817041695481753,6.763723850250244,6.763723850250244,4594881
2016-07-05,6.786574168089763,6.99984480758922,6.778957651117102,6.976994514465332,15565581
2016-07-06,6.961760669872012,6.961760669872012,6.794191360473633,6.794191360473633,10090959
2016-07-07,6.855125764617702,6.90844286764331,6.763723850250244,6.763723850250244,7028727
2016-07-08,6.763723850250244,6.763723850250244,6.763723850250244,6.763723850250244,0
2016-07-11,6.862742645795248,6.9160597516506055,6.847509611097112,6.893209457397461,10754085
2016-07-12,6.969377037669896,7.022694881431401,6.916059193908392,6.961760520935059,16485170
2016-07-13,6.961760738314106,6.99984480758922,6.931293186011654,6.976994514465332,9640361
2016-07-14,7.007461626756932,7.068396733989647,6.916059708113793,6.92367696762085,12763899
2016-07-15,6.954143998620729,6.984611553199154,6.923677186248263,6.946527481079102,9683275
2016-07-18,6.992228070740781,6.992228070740781,6.916059926500677,6.946527481079102,6356405
2016-07-19,6.9541429746112815,7.030311107635498,6.923676166725104,7.030311107635498,13224715
2016-07-20,7.007460816169402,7.060778657727524,6.969376749657295,7.030311107635498,10530319
2016-07-21,7.083629022289913,7.593954925053559,7.068395989292559,7.449235916137695,36605784
2016-07-22,7.434001765544546,7.563487734924487,7.274048989502503,7.327366828918457,21275209
2016-07-25,7.357835034544639,7.441620438758849,7.281666890098608,7.380685329437256,11707393
2016-07-26,7.426386669454738,7.69297443309801,7.411152892107875,7.593955993652344,39790628
2016-07-27,7.6548892053206865,7.731057338351383,7.510170197885872,7.517787456512451,18115908
2016-07-28,7.548255455789016,7.654889660848227,7.533021679835175,7.578721523284912,13969583
2016-07-29,7.609189850428277,7.616806368078233,7.235966383667007,7.3045172691345215,27401717
2016-08-01,7.365452939275481,7.517789241507011,7.327368863717598,7.434003829956055,16676240
2016-08-02,7.434002027581067,7.502553643847316,7.304516053636956,7.312133312225342,13045906
2016-08-03,7.304516302117368,7.578721292098404,7.289282526628228,7.533021450042725,20565081
2016-08-04,7.65489013203307,7.692974203158932,7.54063866086142,7.548255920410156,19241894
2016-08-05,7.593954400135954,7.609188174286159,7.47208569134592,7.479702949523926,8012687
2016-08-08,7.555872266221571,7.571106042767271,7.502554419414583,7.510170936584473,6983769
2016-08-09,7.578722216305482,7.69297443309801,7.5254051089004035,7.593955993652344,13166475
2016-08-10,7.61680584469151,7.61680584469151,7.540638446807861,7.540638446807861,7971817
2016-08-11,7.533022489160902,7.578722337520497,7.4263867882332795,7.456854343414307,7926859
2016-08-12,7.5177885913299525,7.601572511222795,7.502554813983091,7.593955993652344,13524093
2016-08-15,7.616806546312531,7.654890619865423,7.5634894371032715,7.5634894371032715,8174126
2016-08-16,7.593955733520431,7.6929741695742075,7.586339216210885,7.609189510345459,18108756
2016-08-17,7.586339732793809,7.654890619865423,7.5634894371032715,7.5634894371032715,9462573
2016-08-18,7.647332860199998,7.647332860199998,7.5703978495650475,7.593478202819824,8041297
2016-08-19,7.616559802493987,7.678106921459636,7.547317981719971,7.547317981719971,10293269
2016-08-22,7.647334450490087,7.731961930237156,7.585785829440042,7.678107261657715,13002992
2016-08-23,7.808896398397052,8.116636482923639,7.770428887831229,8.039701461791992,64355923
2016-08-24,7.962766077446556,8.001232832957545,7.731960296630859,7.731960296630859,24584708
2016-08-25,7.770427801820386,7.808895307009912,7.693492791441334,7.731960296630859,14566294
2016-08-26,7.808897481911789,7.9627682952038965,7.808897481911789,7.885833263397217,19987784
2016-08-29,7.924297986074659,7.962765488418637,7.770427227020264,7.770427227020264,13091886
2016-08-30,7.847362231708219,7.885830483730682,7.731959724676285,7.770427227020264,9532053
2016-08-31,7.847362529155368,8.001232544363583,7.770427521551261,7.924298286437988,29679233
2016-09-01,7.885830782635934,7.924298286437988,7.847362529155368,7.924298286437988,9820191
2016-09-02,8.039701118291987,8.039701118291987,7.770428555836021,7.808896064758301,20351532
2016-09-05,7.847363573680582,7.9242993412037555,7.770428555836021,7.808896064758301,9603577
2016-09-06,7.847363573680582,7.847363573680582,7.770428555836021,7.808896064758301,7517131
2016-09-07,7.885830782635934,8.039700048165638,7.847362529155368,7.924298286437988,19048781
2016-09-08,8.001232544363583,8.039700048165638,7.885830782635934,7.924298286437988,15900720
2016-09-09,7.885830782635934,8.001232544363583,7.885830782635934,7.924298286437988,12222363
2016-09-12,7.8088947293642414,7.924297986074659,7.770427227020264,7.770427227020264,13740707
2016-09-13,7.8473643712433985,7.8473643712433985,7.670413962152365,7.6934943199157715,12657635
2016-09-14,7.6857995902748435,7.731960296630859,7.670412438263325,7.731960296630859,9086563
2016-09-19,7.8088947293642414,7.847362231708219,7.731959724676285,7.770427227020264,11088203
2016-09-20,7.770427227020264,7.8088947293642414,7.731959724676285,7.770427227020264,6350274
2016-09-21,7.770429399461878,7.84736442565918,7.770429399461878,7.84736442565918,8217041
2016-09-22,7.962767714633825,8.001234478053783,7.808896912560528,7.84736442565918,12939643
2016-09-23,7.885830782635934,7.924298286437988,7.847362529155368,7.924298286437988,9498335
2016-09-26,7.8858326884365235,7.924300201535175,7.808896912560528,7.84736442565918,6555649
2016-09-27,7.84736442565918,7.84736442565918,7.84736442565918,7.84736442565918,0
2016-09-28,7.84736442565918,7.84736442565918,7.84736442565918,7.84736442565918,0
2016-09-29,7.9627657902400415,8.001232544363583,7.885830782635934,7.924298286437988,15309118
2016-09-30,7.847362231708219,7.885830483730682,7.770427227020264,7.770427227020264,7271907
2016-10-03,7.8088947293642414,7.847362231708219,7.731959724676285,7.770427227020264,6660891
2016-10-04,7.84736442565918,7.924300201535175,7.808896912560528,7.84736442565918,8562398
2016-10-05,7.847362231708219,7.885830483730682,7.731959724676285,7.770427227020264,6747741
2016-10-06,7.808896064758302,7.847363573680582,7.770428555836021,7.808896064758301,5315226
2016-10-07,7.808895307009912,7.847362812199439,7.731960296630859,7.731960296630859,5014826
2016-10-11,7.770428810938403,7.847363831308734,7.424221968950552,7.570398807525635,14396681
2016-10-12,7.578092626648135,7.731961930237156,7.578092626648135,7.678107261657715,5731084
2016-10-13,7.693493198831619,7.731960706058099,7.616558934057238,7.631946086883545,4043127
2016-10-14,7.616559043015713,7.6550258011139,7.447301858862182,7.470382213592529,9037519
2016-10-17,7.655026807083865,7.808896858411492,7.62425399630424,7.6934943199157715,15425599
2016-10-18,7.693492791441334,7.770427801820386,7.678105639429815,7.731960296630859,6151030
2016-10-19,7.731961832747678,7.808896858411492,7.6934943199157715,7.6934943199157715,5880262
2016-10-20,7.731960296630859,7.770427801820386,7.693492791441334,7.731960296630859,6434059
2016-10-21,7.770428555836021,7.808896064758302,7.73196104691374,7.808896064758301,8666618
2016-10-24,7.808896912560528,8.001234478053783,7.808896912560528,7.84736442565918,19338962
2016-10-25,7.8858326884365235,7.8858326884365235,7.770429399461878,7.84736442565918,7308691
2016-10-26,7.770427227020264,7.847362231708219,7.770427227020264,7.770427227020264,9473813
2016-10-27,7.847362812199439,7.847362812199439,7.693492791441334,7.731960296630859,8150626
2016-10-28,7.73196184161315,7.770429354489163,7.639640410453668,7.670413970947266,8908776
2016-10-31,7.685799997257755,7.685799997257755,7.585784628404622,7.631946086883545,4239306
2016-11-01,7.616559123576611,7.662719833525551,7.59347876860214,7.601171970367432,5270268
2016-11-02,7.570399487913306,7.60886700155573,7.493463710949757,7.516544818878174,10941068
2016-11-03,7.655025882081663,7.731960898448961,7.601171970367432,7.601171970367432,16215424
2016-11-04,7.616558745019866,7.678105855440386,7.547316933859301,7.562704086303711,7332191
2016-11-07,7.616559982299805,7.639640339876452,7.585785672411821,7.616559982299805,6709936
2016-11-08,7.693494257662402,7.693494257662402,7.601172827355813,7.616559982299805,6669065
2016-11-09,7.655026711920811,7.6627206641987575,7.331900207892675,7.339593410491943,12636178
2016-11-10,7.501156989320882,7.601172365866585,7.501156989320882,7.570398807525635,5657517
2016-11-11,7.508849637329666,7.562704297550124,7.424221421039361,7.439608573913574,9239828
2016-11-14,7.4934631428979745,7.5319314033029645,7.424222073397745,7.454995632171631,4932063
2016-11-15,7.485769859048381,7.485769859048381,7.424221992492676,7.424221992492676,4425267
2016-11-16,7.454995744127279,7.50115720749931,7.38575467358722,7.3934478759765625,5693279
2016-11-17,7.447302655455743,7.447302655455743,7.316512965089194,7.331900119781494,7322996
2016-11-18,7.447301567488477,7.5780912387481205,7.431914415044067,7.562704086303711,12787399
2016-11-21,7.562705314835173,7.647334292187789,7.508850647370542,7.616559982299805,9068172
2016-11-22,7.647334292187789,7.693494257662402,7.616559982299805,7.616559982299805,10817435
2016-11-23,7.731960296630859,7.847362812199439,7.693492791441334,7.731960296630859,21128074
2016-11-24,7.731961832747678,7.885832633753993,7.6934943199157715,7.6934943199157715,20976853
2016-11-25,7.770427801820386,7.808895307009912,7.693492791441334,7.731960296630859,6872397
2016-11-28,7.770429345579585,7.808896858411492,7.6934943199157715,7.6934943199157715,7372040
2016-11-29,7.6934943199157715,7.770429345579585,7.662720759457459,7.6934943199157715,8860753
2016-11-30,7.693494257662402,7.731961770183042,7.616559982299805,7.616559982299805,8204779
2016-12-01,7.6473342750060755,7.670413882852187,7.616559965187233,7.662720680236816,7296430
2016-12-02,7.647334217966604,7.647334217966604,7.493463419698757,7.508850574493408,13794861
2016-12-05,7.508850297124241,7.5319314033029645,7.408834919171478,7.454995632171631,8119973
2016-12-06,7.508850297124241,7.5319314033029645,7.454995632171631,7.454995632171631,6676218
2016-12-07,7.478077110921155,7.524237826221115,7.4626899559282736,7.493463516235352,4331265
2016-12-08,7.570398630194843,7.570398630194843,7.462689304327934,7.478076457977295,8666618
2016-12-09,7.508850366780159,7.601172543315539,7.485770010065977,7.585785388946533,12353149
2016-12-12,7.616560195036819,7.662720911479423,7.516544809625378,7.53962516784668,11830005
2016-12-13,7.539623545439651,7.616558556074601,7.539623545439651,7.593478202819824,6519888
2016-12-14,7.655025882081663,7.655025882081663,7.59347876860214,7.601171970367432,8530723
2016-12-15,7.624252506945221,7.624252506945221,7.5703978495650475,7.593478202819824,5281507
2016-12-16,7.6165599567080315,7.7704292565949045,7.6165599567080315,7.685801029205322,16755938
2016-12-19,7.693492791441334,7.770427801820386,7.647332834763857,7.731960296630859,17627504
2016-12-20,7.770429265245403,7.770429265245403,7.639640322712025,7.662720680236816,5648321
2016-12-21,7.662720759457459,7.731961832747678,7.647334354067647,7.6934943199157715,13125604
2016-12-22,7.847362812199439,7.962766077446556,7.731960296630859,7.731960296630859,30874699
2016-12-23,7.808896858411492,7.8473643712433985,7.662720759457459,7.6934943199157715,10023523
2016-12-26,7.731962726669893,7.731962726669893,7.6088677209264635,7.639641284942627,5466447
2016-12-27,7.639639293911045,7.670412849907049,7.601171786657104,7.608865737915039,3758054
2016-12-28,7.59347968616724,7.6934943199157715,7.59347968616724,7.6934943199157715,3933798
2016-12-29,7.6934943199157715,7.731961832747678,7.639640401694052,7.6934943199157715,4113629
2016-12-30,7.73196184161315,7.73196184161315,7.662720768243538,7.670413970947266,4237263
2017-01-03,7.693492791441334,7.731960296630859,7.655025286251807,7.731960296630859,4270981
2017-01-04,7.770427227020264,7.770427227020264,7.693492222332307,7.770427227020264,5425576
2017-01-05,7.808896912560528,7.8858326884365235,7.770429399461878,7.84736442565918,17467087
2017-01-06,7.847362231708219,7.885830483730682,7.770427227020264,7.770427227020264,7233080
2017-01-09,7.770429345579585,7.808896858411492,7.6934943199157715,7.6934943199157715,4768581
2017-01-10,7.693493467585142,7.731960976155391,7.639639555329677,7.655025959014893,6893854
2017-01-11,7.731960296630859,7.770427801820386,7.678105639429815,7.731960296630859,6295099
2017-01-12,7.770429345579585,7.770429345579585,7.685801117220866,7.6934943199157715,5659561
2017-01-13,7.6934943199157715,7.731961832747678,7.685801117220866,7.6934943199157715,5782173
2017-01-16,7.770427801820386,7.808895307009912,7.693492791441334,7.731960296630859,6749785
2017-01-17,7.731960422552669,8.385907271746179,7.731960422552669,8.347439765930176,79424926
2017-01-18,8.462841901050899,8.693646925519802,8.462841901050899,8.578245162963867,82061082
2017-01-19,8.655180269280562,8.770582033145294,8.501309501544359,8.539777755737305,49421793
2017-01-20,8.693648462763713,9.155258593325174,8.693648462763713,9.001388549804688,86191060
2017-01-23,9.309128893907502,9.886140823364258,9.309128893907502,9.886140823364258,165342153
2017-01-24,10.040010977894736,10.463152864081549,9.847673416137695,9.847673416137695,148124376
2017-02-02,10.270815302324507,10.347750327027324,9.847673416137695,9.847673416137695,77500941
2017-02-03,9.847672419888246,9.847672419888246,9.347595559589383,9.50146484375,72159149
2017-02-06,9.809205799479535,10.040010871133704,9.69380326365245,9.886140823364258,67472309
2017-02-07,9.809205903786287,9.924608440840512,9.578400829677838,9.847673416137695,37851316
2017-02-08,9.924607500663523,9.924607500663523,8.924453023952127,9.116789817810059,145045796
2017-02-09,9.001388653903112,9.078322926874428,8.770583585953188,8.962921142578125,62930560
2017-02-10,9.078322926874428,9.232193721853035,8.924453631253137,8.962921142578125,52075319
2017-02-13,9.193726645530337,9.23219415867542,8.847519027224596,9.155259132385254,40399600
2017-02-14,9.116790544541333,9.15525880599369,8.924453735351562,8.924453735351562,36339103
2017-02-15,9.001388653903112,9.078322926874428,8.924453631253137,8.962921142578125,20737760
2017-02-16,9.00138800136964,9.03985550990602,8.847517967224121,8.847517967224121,18536876
2017-02-17,8.924453425714123,9.07832271779165,8.847518404836038,9.03985595703125,26284927
2017-02-20,9.039855824546654,9.078322584743301,8.732115745544434,8.732115745544434,28751469
2017-02-21,8.693648752181856,8.809051288664058,8.578246965378328,8.616714477539062,28714686
2017-02-22,8.693648752181856,8.809051288664058,8.578246965378328,8.616714477539062,29605666
2017-02-23,8.655181131576745,8.693647890244995,8.462842840163892,8.501310348510742,30916591
2017-02-24,8.578245162963867,8.655180171120168,8.462841901050899,8.578245162963867,34697125
2017-03-01,8.655181131576745,8.693647890244995,8.462842840163892,8.501310348510742,22674006
2017-03-02,8.693648664709436,9.039856270672626,8.693648664709436,8.924453735351562,74375359
2017-03-03,8.924452984296881,8.96292049283326,8.770582950151361,8.847517967224121,26023355
2017-03-06,8.924453840351273,8.962921352577546,8.847518815898727,8.885986328125,21154640
2017-03-07,8.924452984296881,8.96292049283326,8.809050458687741,8.847517967224121,19334875
2017-03-08,8.885986540369679,9.155259132385254,8.847519027224596,9.155259132385254,45774089
2017-03-09,9.539932557155474,9.693802594300273,9.386063269689295,9.424530029296875,106104255
2017-03-10,9.38606388954472,9.38606388954472,9.078323045253308,9.270661354064941,49984786
2017-03-13,9.386062822524297,9.61686711756704,9.270660300163632,9.309127807617188,49151025
2017-03-14,9.462997538583075,9.539932557155474,9.309128251116896,9.424530029296875,36777440
2017-03-15,9.46299816351924,9.539933187172425,9.232193842238349,9.270661354064941,40694891
2017-03-16,9.386062822524297,9.424529580299268,9.232192792710078,9.309127807617188,24728777
2017-03-17,9.386063068049188,9.50146484375,9.270660542669773,9.50146484375,34741061
2017-03-20,9.578400727825365,10.078478383076067,9.539933215883002,9.886140823364258,138147854
2017-03-21,10.001543465543328,10.040010977894736,9.809205903786287,9.847673416137695,52444177
2017-03-22,9.655336163747952,10.116945577076633,9.539933622996108,10.078478813171387,90419127
2017-03-23,10.309282156803192,11.078632354736328,10.309282156803192,11.078632354736328,156690862
2017-03-24,11.463307581530316,11.771047684260804,10.847827376069343,11.117100715637207,290406296
2017-03-27,11.38637246675971,12.078786942807104,11.194034904058022,11.771047592163086,246981247
2017-03-28,11.771047586135463,11.92491688653934,11.117100622963273,11.424839973449707,139997251
2017-03-29,11.617174743408977,12.540394131870753,11.386370458552445,12.501927375793457,200778015
2017-03-30,12.57886119554703,13.386678836173902,12.386525161421579,12.963536262512207,306850596
2017-03-31,13.078939437866211,13.46361452410389,12.578861825757228,13.078939437866211,175750882
2017-04-05,13.309744430000197,13.54054948070913,12.809668319488052,13.463614463806152,167977287
2017-04-06,13.617484244651921,13.617484244651921,13.040471628598254,13.194341659545898,67280217
2017-04-07,13.232808540138008,14.232963693897169,12.886600986913683,13.809821128845215,127384573
2017-04-10,13.77135453141806,14.386833167284673,13.463614463806152,13.463614463806152,126406743
2017-04-11,13.386680270909604,13.809822889922186,13.155875205993652,13.155875205993652,59024349
2017-04-12,13.271279025283949,13.425149083481061,13.040473937988281,13.040473937988281,55711784
2017-04-13,13.117406644072076,13.617484244651921,13.078939136335165,13.194341659545898,61692179
2017-04-14,13.425146705967364,13.463614213704275,13.078939136335165,13.194341659545898,58016888
2017-04-17,13.309744660112559,13.579017223928437,12.771201031838036,12.80966854095459,108118155
2017-04-18,13.078939136335165,13.386679198230453,12.848135589270877,13.194341659545898,84358012
2017-04-19,13.117407219181851,13.348212275722561,12.771201133728027,12.771201133728027,90486564
2017-04-20,12.925070093801928,12.963537604480551,12.348058932979864,12.540395736694336,61016792
2017-04-21,12.886601499769895,13.271276574217191,12.809667984237603,13.232809066772461,88710734
2017-04-24,13.309744660112559,13.309744660112559,12.80966854095459,12.80966854095459,46454585
2017-04-25,12.886602299129082,13.00200482862172,12.694266249331948,12.925069808959961,42586179
2017-04-26,13.040472997064153,13.655953185443158,13.040472997064153,13.386680603027344,118428795
2017-04-27,13.271276574217191,13.30974408166192,13.078939036993543,13.232809066772461,40475211
2017-04-28,13.309743419067024,13.579015957775018,13.117405891418457,13.117405891418457,63110390
2017-05-02,13.232810179230917,13.309745200588164,12.501928975694359,12.540395736694336,91568614
2017-05-03,12.655799015491533,12.771201547500803,12.38652644080324,12.617331504821777,71365237
2017-05-04,12.925071394340446,13.117408967086837,12.809670350050055,13.040473937988281,99668152
2017-05-05,13.040472442282041,13.040472442282041,12.848136390953508,12.886602401733398,30416948
2017-05-08,13.002005877053858,13.155875928784866,12.655799760016466,12.694267272949219,46289059
2017-05-09,12.694266184872461,12.848136223414649,12.155721049974805,12.386526107788086,61417324
2017-05-10,12.578861986898035,12.80966854095459,12.540395227460097,12.80966854095459,51377453
2017-05-11,12.886602268153906,12.925069777892322,12.578862190246582,12.578862190246582,31993533
2017-05-12,12.424992913634242,12.694265465830654,12.424992913634242,12.655797958374023,22287779
2017-05-15,12.809667984237603,13.232809066772461,12.771200476792872,13.232809066772461,81157841
2017-05-16,13.155874867945235,13.155874867945235,12.848136288655462,12.925069808959961,32885534
2017-05-17,13.00200482862172,13.117407358114356,12.848136288655462,12.925069808959961,25700477
2017-05-18,12.694266575519043,13.386680270909604,12.578862543703769,13.155875205993652,72993932
2017-05-19,13.232808408007598,13.348210924596739,13.078938385888744,13.117405891418457,35912005
2017-05-22,13.232810227632303,13.309745249270954,13.078940184355,13.155875205993652,32383847
2017-05-23,13.155874660308093,13.194342169531845,12.925069604965582,13.002004623413086,18426525
2017-05-24,13.040471929242443,13.271276980985052,13.040471929242443,13.078939437866211,33834755
2017-05-25,13.155876575358496,13.386681664298418,13.117409060535175,13.348214149475098,58388810
2017-05-26,13.348212760090279,13.348212760090279,13.155875205993652,13.155875205993652,22829314
2017-05-31,13.27127692154871,13.579016989160618,13.27127692154871,13.463614463806152,75196859
2017-06-01,13.694418781857634,14.771507461517388,13.655951275464172,14.694572448730469,223799422
2017-06-02,15.002313512129186,15.156183548085098,14.771508458195317,15.040781021118164,143296533
2017-06-05,14.963844622410818,15.00231212785036,14.463767051696777,14.463767051696777,66511849
2017-06-06,14.579173191892309,14.848444269850983,14.540705680847168,14.540705680847168,72722142
2017-06-07,14.617638411125629,14.694573429045091,14.079094785046617,14.117562294006348,73729603
2017-06-08,14.386833292477636,14.694573362767471,14.348365783691406,14.348365783691406,55751633
2017-06-09,14.386832115670234,14.386832115670234,13.73288601915273,13.848288536071777,80412974
2017-06-12,13.617486107553061,14.00216123754655,13.540551081554364,13.925226211547852,32199929
2017-06-13,14.194497483355898,14.348366021695902,13.694419860839844,13.694419860839844,80050247
2017-06-14,13.925226211547853,14.00216123754655,13.425148542556316,13.925226211547852,77696098
2017-06-15,13.963691052990823,14.002158558630507,13.655951007873366,13.848288536071777,74705390
2017-06-16,13.925226211547853,14.117563776544596,13.771356159550457,13.925226211547852,69826458
2017-06-19,14.002159018974542,14.07909403278327,13.848288991357082,14.040626525878906,25855785
2017-06-20,14.156031289543947,14.30989984218396,13.925226211547852,13.925226211547852,53772472
2017-06-21,13.925224849829021,14.079094886779785,13.809822322115947,14.079094886779785,32926405
2017-06-22,14.156031182314232,14.232966207730158,13.963693618774414,13.963693618774414,27119709
2017-06-23,14.040628750545899,14.079096263545248,13.848291185549154,13.925226211547852,18950691
2017-06-26,13.963693513582799,14.079096050837336,13.88675848874644,14.002161026000977,17237190
2017-06-27,14.079093496658448,14.694572084334027,14.079093496658448,14.463767051696777,99995117
2017-06-28,14.386833253975388,14.42530076265867,14.117562192549627,14.15602970123291,40551844
2017-06-29,14.309898236608824,14.463768271341953,14.15602970123291,14.15602970123291,32764966
2017-06-30,14.07909403278327,14.07909403278327,13.886756498261446,14.040626525878906,35914048
2017-07-03,14.079096156898304,14.194498695022194,13.92522610606645,13.963693618774414,24058499
2017-07-04,13.963693724547202,14.156031289543947,13.925226211547852,13.925226211547852,16325775
2017-07-05,14.040625964766619,14.040625964766619,13.579015900361783,13.88675594329834,43247262
2017-07-06,13.963693618774414,14.194498695022194,13.963693618774414,13.963693618774414,46489325
2017-07-07,13.886756140672844,14.0406261643281,13.771353622931402,13.809821128845215,17447674
2017-07-10,14.07909356990987,14.117561075549553,13.848288536071777,13.848288536071777,24606165
2017-07-11,13.963693618774414,14.04062864419034,13.886758593358486,13.963693618774414,15125200
2017-07-12,14.002161026000977,14.079096050837336,13.925226001164619,14.002161026000977,15808761
2017-07-13,14.079093637313617,14.271429667075743,14.002158625665926,14.194496154785156,39676190
2017-07-14,14.540704788065732,14.656105814758364,14.15602970123291,14.15602970123291,77802362
2017-07-17,14.232966315542644,14.232966315542644,13.886758698548503,13.925226211547852,29236808
2017-07-18,13.963693513582799,14.156031075673694,13.925226001164619,14.002161026000977,26285948
2017-07-19,14.040626525878906,14.194496553496366,14.002159018974542,14.040626525878906,25653475
2017-07-20,14.117561539687637,14.156029046592002,14.040626525878906,14.040626525878906,16517867
2017-07-21,14.079094921926913,14.271430969238281,14.04062741259319,14.271430969238281,31534760
2017-07-24,14.156028648961309,14.194496154785156,14.040626131489772,14.194496154785156,17009336
2017-07-25,14.309897029938611,14.540703561932947,14.309897029938611,14.463767051696777,44876978
2017-07-26,14.617639210979965,14.771509255238417,14.386834144592285,14.386834144592285,57062558
2017-07-27,14.502236056493405,14.579171067372489,14.27142952449907,14.463767051696777,27056360
2017-07-28,14.540705068458776,14.61763858795166,14.309898512551152,14.61763858795166,24302701
2017-07-31,14.386832588661047,14.386832588661047,13.886756498261446,14.040626525878906,75733286
2017-08-01,13.925225021598633,14.00216004102302,13.579017434188895,13.655952453613281,59370727
2017-08-02,13.771355733550125,13.84829075716893,13.655953198121917,13.732888221740723,24089152
2017-08-03,13.771355733550125,13.963693292597139,13.732888221740723,13.732888221740723,30685672
2017-08-04,13.771356159550457,13.925226211547853,13.69442113355176,13.925226211547852,15873132
2017-08-07,14.002159767127154,14.15602980296608,13.925224749207691,14.117562294006348,33452614
2017-08-08,14.232964718599474,14.386833253975388,14.040627175183063,14.15602970123291,56529196
2017-08-09,14.271430067947952,14.271430067947952,14.040626525878906,14.040626525878906,22383824
2017-08-10,14.19449530672571,14.19449530672571,13.617482753842017,13.771352767944336,36163359
2017-08-11,13.848290976328261,14.117563563255516,13.848290976328261,14.002161026000977,62039580
2017-08-14,14.235889759286009,14.275654853444353,13.997299194335938,13.997299194335938,56791790
2017-08-15,14.116594476810972,14.156359570969318,13.79847372354421,13.997299194335938,47334325
2017-08-16,13.917767349163531,14.394948422257137,13.878002259739064,14.315418243408203,71968079
2017-08-17,14.713070408886718,15.508370716158007,14.713070408886718,15.269780158996582,186038021
2017-08-18,15.070956248047011,16.065082019844958,14.991426062308499,15.985551834106445,161390985
2017-08-21,16.263905934257778,16.46273294853752,15.906021648367933,15.985551834106445,104696215
2017-08-22,16.065083424777665,16.54226303100586,15.945788135737217,16.54226303100586,96433643
2017-08-23,16.7410888671875,17.45686061658473,16.7410888671875,16.7410888671875,124461169
2017-08-24,16.979680498358587,17.218271096217553,16.621794601570144,16.900150299072266,66471200
2017-08-25,17.138737203894653,18.371453477274535,16.860381566372304,17.97380256652832,168505059
2017-08-28,18.88840310860582,19.643939976918215,18.53051722361574,19.206523895263672,222397585
2017-08-29,18.769106406691122,18.928166788097002,18.2123966217041,18.2123966217041,156774302
2017-08-30,18.848636430776004,19.16675719077564,18.530515670776367,18.530515670776367,91667264
2017-08-31,18.689578154213244,18.808873452639315,18.212398510442675,18.411222457885742,73162075
2017-09-01,18.57028076577632,18.888401525775958,18.490750575776413,18.530515670776367,63684746
2017-09-04,18.450985540983602,19.604173299745238,18.450985540983602,19.40534782409668,125163170
2017-09-05,19.72346964504799,19.962058678714175,19.28605357511499,19.564409255981445,88972323
2017-09-06,19.286053917530282,19.445112759487213,19.007698231721747,19.32581901550293,68184158
2017-09-07,19.524643249241148,19.60417344006984,18.848636627197266,18.848636627197266,60322640
2017-09-08,19.047460927424584,19.28605148516938,19.00769583446712,19.246286392211914,53475770
2017-09-11,19.445111369292842,19.484876464422555,19.007696872799563,19.40534782409668,39574937
2017-09-12,19.5644106726255,19.802999723567734,19.007699270581544,19.04746437072754,101590388
2017-09-13,19.007696810775823,19.16675719077564,18.37145529077655,18.530515670776367,87010422
2017-09-14,18.45098804419349,18.92816925048828,17.93404328730789,18.92816925048828,58487467
2017-09-15,19.44511140165157,20.041587829589844,19.405347856389234,20.041587829589844,224364791
2017-09-18,20.439240523929133,22.029842917424787,20.359710326757664,21.473133087158203,192025449
2017-09-19,21.870781267585162,21.990076556494195,20.87665540994351,20.99595069885254,111893250
2017-09-20,21.2743058630763,21.63219174729935,20.87665643053992,21.353836059570312,83323439
2017-09-21,21.353834564238838,22.427492141723633,21.353834564238838,22.427492141723633,130854719
2017-09-22,22.26843296236725,22.308198059976963,21.791251791050716,22.029842376708984,81330426
2017-09-25,22.90467434710505,22.94443944440744,21.512897491455078,21.512897491455078,104813200
2017-09-26,21.314070062150982,21.39360025528987,19.683704202671027,20.00182342529297,137762846
2017-09-27,20.43923848440404,20.83688943058186,20.43923848440404,20.717594146728516,62056604
2017-09-28,21.433363965235785,21.552660797159856,20.87665419921332,20.95618438720703,63437961
2017-09-29,20.67782992842846,20.99595069885254,20.16088367648933,20.99595069885254,58208503
2017-10-02,21.87078111264888,21.950311304691496,21.632190536521037,21.75148582458496,53779451
2017-10-03,21.791250921961048,21.791250921961048,21.39359996172325,21.552661895751953,30624874
2017-10-05,21.711722811366272,21.990078510218048,21.55266396195613,21.632192611694336,40891921
2017-10-06,21.63219174729935,21.67195684554635,21.194777216515963,21.353836059570312,42565706
2017-10-11,21.95031132489764,22.586552861824245,21.95031132489764,22.188901901245117,134799188
2017-10-12,22.54679022733124,22.666083978595392,22.18890432373753,22.268434524536133,61684790
2017-10-13,22.228665505889666,23.222791290703878,22.02984003894013,22.82514190673828,109216904
2017-10-16,23.143262338238245,23.302322720281143,22.82514312408601,23.063732147216797,58562459
2017-10-17,23.023967734533926,23.063732831223973,22.387727737426758,22.387727737426758,45986962
2017-10-18,22.467259339934074,22.586554637486316,21.632192257068365,21.87078285217285,62071399
2017-10-19,21.83101535733785,22.268431400362406,21.71172007287661,22.228666305541992,31182008
2017-10-20,22.069605401848555,22.546786528354883,21.950310120221975,22.14913558959961,39867218
2017-10-23,22.387729486731814,22.50702478612331,22.029843588557327,22.069608688354492,22886593
2017-10-24,22.10937170912929,22.22866699730303,21.95031132489764,22.188901901245117,19926028
2017-10-25,22.308196381506264,22.347961476124045,20.518768673639606,20.717594146728516,117464611
2017-10-26,20.59829973582244,21.075480891458557,20.359709158004378,20.99595069885254,30631182
2017-10-27,21.39359899609746,21.39359899609746,20.35970809607868,20.399473190307617,45165747
2017-10-30,20.757359241346297,20.916419619817425,20.479003579021825,20.717594146728516,23754492
2017-10-31,20.743612688232517,21.14640011038447,20.743612688232517,21.025564193725586,25495723
2017-11-01,21.508911018631217,21.83114219717454,21.18667984008789,21.18667984008789,46014128
2017-11-02,21.18668107968113,21.18668107968113,20.824171757576902,20.945009231567383,15844361
2017-11-03,21.065845397879443,21.267239123601442,20.62277672139724,20.743614196777344,24528893
2017-11-06,20.94500858917408,21.146400756469667,20.82417111888974,20.985286712646484,24366325
2017-11-07,21.347796499339637,23.039508721549453,21.307518374969685,22.71727752685547,124902895
2017-11-08,23.160344248280165,23.361739516484487,22.19365223067355,22.435325622558594,89747323
2017-11-09,22.59643902454307,22.757554603499532,21.670025220510105,21.790861129760742,39940610
2017-11-10,22.113095439065308,22.797835972247633,21.508912706841706,22.677000045776367,58765166
2017-11-13,22.67699956825592,22.7575573675183,21.911701250230127,22.072816848754883,61895062
2017-11-14,22.435325283775086,23.079787652403535,22.11309409946086,22.314489364624023,108981048
2017-11-15,22.47560476841274,22.958951574165077,22.233931365536574,22.677000045776367,51525026
2017-11-16,22.87839178998868,23.07978704989432,22.4756028201109,22.51588249206543,49669011
2017-11-17,22.878396019929294,23.03951163766875,22.757560081591603,22.79783821105957,45907595
2017-11-20,23.079788105929385,23.522855218101093,22.717277241485643,22.757556915283203,49629919
2017-11-21,23.07978751106924,23.120065633895095,22.797834451554124,22.95895004272461,35627252
2017-11-22,23.522855513590425,23.804807033980865,22.515883805138525,22.71727752685547,80233976
2017-11-23,22.918671919898756,23.281181225065577,22.71727665596888,22.95895004272461,51906761
2017-11-24,23.07978756616491,23.36173907641956,22.79783450597672,23.120065689086914,39420980
2017-11-27,23.361740342676644,24.16731834411621,23.28118254253269,24.16731834411621,98343850
2017-11-28,24.28815346605865,24.449269061017823,22.5964412689209,22.5964412689209,137909025
2017-11-29,22.596441057272038,22.838114447447175,21.831142763350893,21.95197868347168,91372366
2017-11-30,21.267238791155947,23.039508819580078,20.904729470549576,23.039508819580078,321841586
2017-12-01,22.59644263873171,22.59644263873171,21.629750560308747,21.670028686523438,102969255
2017-12-04,21.670029442095693,22.07281846795506,20.783893585205078,20.783893585205078,81295842
2017-12-05,20.058872948170364,21.267238358921926,20.018594824447643,20.461660385131836,85438689
2017-12-06,20.824172386622205,21.02556611611179,19.736642837524414,19.736642837524414,66302045
2017-12-07,19.978316896948357,20.340826241871373,19.49497007042853,19.696365356445312,66596125
2017-12-08,19.897755936762128,20.09914964090434,19.374131066045603,19.938034057617188,51593927
2017-12-11,19.97831540296419,20.501940317570327,19.776920132007803,20.13943099975586,49495331
2017-12-12,20.058874701368328,20.21999031020827,19.65608567926847,19.696365356445312,39062786
2017-12-13,19.77692096344887,20.260267774144253,19.65608503574185,19.736642837524414,32027829
2017-12-14,19.978316654544106,20.219990064871705,19.817201047659037,20.179710388183594,30619231
2017-12-15,20.300545663957777,20.300545663957777,19.978314485177457,20.219987869262695,20140936
2017-12-18,20.260266529697734,20.300546203081748,19.857479095458984,19.857479095458984,14490912
2017-12-19,20.058874087798383,20.50194122358863,19.89775848388672,19.89775848388672,30088939
2017-12-20,20.018595961787295,20.179710015765302,19.85748035787563,19.89775848388672,47286358
2017-12-21,20.05887304960075,20.05887304960075,19.615805936742557,19.656084060668945,28087982
2017-12-22,19.65608518466397,19.696364860827256,18.76995090827572,18.931066513061523,56152596
2017-12-25,19.01162216575882,19.33385336516496,18.81022844109679,19.13245964050293,25523415
2017-12-26,19.29357576265,19.29357576265,18.608835220336914,18.608835220336914,19789472
2017-12-27,18.56855456741194,18.810227960795647,18.528276443481445,18.528276443481445,17699759
2017-12-28,18.6893924235673,19.05190174613397,18.64911274887455,18.81022834777832,16492109
2017-12-29,18.931062978579483,19.374130034051756,18.850503641293564,18.890783309936523,34232087
2018-01-02,18.890785326206906,19.25329463301835,18.729669734305475,19.213016510009766,15577652
2018-01-03,19.656086037194655,20.26026880637941,19.61580790921808,19.978317260742188,42345245
2018-01-04,20.300547450002366,20.340825575926818,19.69636471159996,19.736642837524414,38647370
2018-01-05,19.857479330101636,19.897757454028028,19.656084060668945,19.656084060668945,13023300
2018-01-08,19.817199552123014,19.817199552123014,19.333852767944336,19.333852767944336,13207588
2018-01-09,19.57552690440983,20.13943150739458,19.53524722922982,19.615806579589844,37229838
2018-01-10,19.49496615642633,19.575523944672724,19.25329279168715,19.374130249023438,57103630
2018-01-11,19.414409761644347,19.414409761644347,18.769948959350586,18.769948959350586,53615742
2018-01-12,18.769950824402777,18.890786752485344,18.568555544353618,18.608835220336914,40541090
2018-01-15,18.850503641293564,18.931062978579483,18.649109947878905,18.890783309936523,20557184
2018-01-16,18.93106533106234,19.41441056530745,18.769949736336113,19.333852767944336,48921379
2018-01-17,19.13245825751167,19.253294173587527,18.769948959350586,18.769948959350586,47482257
2018-01-18,18.93106582192295,19.05190174613397,18.729670548326435,18.81022834777832,40853971
2018-01-19,18.97134312215762,19.25329463301835,18.850505653264776,19.213016510009766,48851561
2018-01-22,19.092177999156643,19.1727357907109,18.931063965981597,18.971342086791992,34991940
2018-01-23,19.011621527289723,19.817199498751272,19.011621527289723,19.17273712158203,85022719
2018-01-24,19.17273479070372,19.21301445934668,18.890783309936523,18.890783309936523,42303986
2018-01-25,18.890787413599003,19.051903023303367,18.76995148128759,18.850507736206055,33921699
2018-01-26,19.09217904111692,19.494968020870495,19.051900918108334,19.213016510009766,71549829
2018-01-29,19.333852767944336,19.41441056530745,19.132459049503336,19.333852767944336,25526810
2018-01-30,19.41440916537366,19.41440916537366,18.931063965981597,18.971342086791992,24816222
2018-01-31,18.85050748656589,19.45469178992281,18.810229359640065,19.051902770996094,41585319
2018-02-01,19.293575617625528,19.61580682333513,19.172738140517602,19.414411544799805,58686375
2018-02-02,19.253296760466966,19.293576437859915,18.810229608746823,18.850507736206055,63830255
2018-02-05,17.803257317579398,18.00465259895856,17.521305783568977,17.92409324645996,70475115
2018-02-06,16.796285162194135,17.118516364812788,16.15182430689046,16.192102432250977,90619086
2018-02-07,16.756006989743067,16.95740071584692,16.030986785888672,16.030986785888672,80702922
2018-02-08,16.07126561998257,16.192101539334228,15.185129861647411,15.305967330932617,95035910
2018-02-09,14.258716148842648,15.185130041275947,14.097600554512198,14.943456649780273,73267763
2018-02-12,15.225407760737763,15.265687433217947,14.661504745483398,14.661504745483398,39785165
2018-02-21,15.064292101295706,15.467079483199136,14.903176528560989,15.386523246765137,67369879
2018-02-22,15.104573588385366,15.144853265519567,14.862901725314982,15.024017333984375,54961233
2018-02-23,15.104573588385366,15.467082932924646,15.024017333984375,15.024017333984375,51158491
2018-02-26,15.305968217701972,15.38652601858147,15.064294815063477,15.064294815063477,34249647
2018-02-27,15.305968131967907,16.31293831242079,15.22540878160601,16.030986785888672,154030457
2018-03-01,15.789312049759646,15.99070730877097,15.708755806075315,15.74903392791748,42866545
2018-03-02,15.507360428193191,15.58791822119351,15.225407377725332,15.426802635192871,27695926
2018-03-05,15.628197550199193,15.708756899357208,15.225408554077148,15.225408554077148,24391218
2018-03-06,15.587917011535183,15.910148158530575,15.467079556445226,15.547638893127441,33650873
2018-03-07,15.547640069083183,15.829591569063052,15.346244812011719,15.346244812011719,37089549
2018-03-08,15.547643344193498,15.869873033505236,15.42680585450951,15.789315223693848,46228475
2018-03-09,16.19210307813905,16.474056166644036,16.11154527427101,16.151824951171875,70934360
2018-03-12,16.312937996677814,16.393497345480455,15.950428676733933,15.990708351135254,34894379
2018-03-13,16.514333228730678,17.118515943815098,16.43377543005718,17.0379581451416,107191678
2018-03-14,16.87684244881911,17.078237719288552,16.635170604149522,16.715726852416992,54558790
2018-03-15,16.59489165545115,16.9976806640625,16.47405572783457,16.9976806640625,33366070
2018-03-16,17.239353503628145,17.521306600721875,17.07823944091797,17.07823944091797,86334176
2018-03-19,17.239353469267506,17.36019095347647,16.917123794555664,16.917123794555664,36797180
2018-03-20,16.71572843561056,16.796286241441475,16.55461282394873,16.594892501831055,27628305
2018-03-21,16.756006240844727,17.078237428155887,16.675448444016936,16.756006240844727,28005696
2018-03-22,16.87684397529467,16.99768145849255,16.232383081329637,16.272661209106445,43878367
2018-03-23,15.507361858071757,16.030986785888672,15.305968131967907,16.030986785888672,44726003
2018-03-26,15.990708351135254,16.192102073341054,15.869870877864894,15.990708351135254,25391697
2018-03-27,16.232383081329637,16.474056497791672,16.232383081329637,16.272661209106445,34417195
2018-03-28,16.111545215598262,16.192103019172936,15.869871804874235,15.910151481628418,17419257
2018-03-29,16.030985430613136,16.0712651023888,15.74903392791748,15.74903392791748,15623625
2018-03-30,15.99070730877097,16.0712651023888,15.74903392791748,15.74903392791748,19686504
2018-04-02,15.869871804874235,16.192103019172936,15.829593678053742,15.910151481628418,19450035
2018-04-03,15.66847607486744,15.70875574649032,15.50736048824291,15.587918281555176,18873762
2018-04-09,15.587918096607023,15.668475888963483,15.104571342468262,15.104571342468262,28277480
2018-04-10,15.185130429431748,15.507361626329383,15.144852304786347,15.225408554077148,20961637
2018-04-11,15.507360335729361,15.628196249542603,15.185129165649414,15.185129165649414,24499845
2018-04-12,15.346245454071985,15.50736104649656,15.22540798478678,15.305967330932617,21768061
2018-04-13,15.467079483199136,15.587916937716852,15.386523246765137,15.386523246765137,21879370
2018-04-16,15.42680450167312,15.467082628079764,15.22540921983888,15.2656888961792,13617618
2018-04-17,15.346246320333693,15.42680412109329,14.903179191122728,14.983736991882324,19931876
2018-04-18,15.185131392720061,15.346247001389454,14.983737656850174,15.024017333984375,26633360
2018-04-19,15.104572940536407,15.185130741415906,14.94345733877741,15.064294815063477,22858023
2018-04-20,14.822620650309945,14.862900323645507,14.621226933432812,14.701783180236816,24403389
2018-04-23,14.540669097914591,14.66150658054587,14.339275360107422,14.339275360107422,25934123
2018-04-24,14.339275887214795,14.37955556621713,13.614255614576766,13.654535293579102,37756342
2018-04-25,13.45314083772057,14.822621952650541,13.37258303390506,14.621228218078613,63230473
2018-04-26,14.822620804117468,14.862900477870994,14.05732250213623,14.05732250213623,51440479
2018-04-27,14.339273169817481,14.460110633991123,14.178157584208282,14.379552841186523,24410020
2018-04-30,14.500389183122481,14.782340691288132,14.339273592761101,14.74206256866455,32271125
2018-05-02,15.064295662105721,15.225409722990277,14.540669151979445,14.580948829650879,53715080
2018-05-03,14.379552748499094,14.540666783136306,14.137879371643066,14.137879371643066,36526569
2018-05-04,14.218439102172852,14.29899690543976,14.097601622305648,14.218439102172852,14875832
2018-05-07,14.37955318201683,14.580946893835108,14.097600125551017,14.500389099121094,21304247
2018-05-08,14.580948163379697,14.742063766835857,14.460112235754403,14.540668487548828,26054543
2018-05-09,14.621228507322312,14.701784762797727,14.500391024241738,14.580948829650879,19399196
2018-05-10,14.822619157320677,14.983734734567648,14.742061368697192,14.862898826599121,22268754
2018-05-11,15.064294747067674,15.185130672874683,14.82262134552002,14.82262134552002,25531941
2018-05-14,14.943457316535708,15.104572918054902,14.862901065709748,14.983736991882324,16262548
2018-05-15,15.064292523191133,15.144850311814618,14.822619157320677,14.862898826599121,15258633
2018-05-16,15.104573205712617,16.312938690185547,15.104573205712617,16.312938690185547,162954099
2018-05-17,16.756006133364345,17.078237318608572,16.393496824931365,16.433774948120117,152623074
2018-05-18,16.3129361531619,16.393495492860573,15.910148754269082,16.232379913330078,57118111
2018-05-21,16.393496824931365,16.95739984917521,16.35321715180906,16.433774948120117,67884486
2018-05-22,16.594891067686255,16.715726991023015,15.990708351135254,15.990708351135254,52279102
2018-05-23,16.312939301053294,16.635172072228645,16.0712674350558,16.11154556274414,59513217
2018-05-24,16.27266032169297,16.715727452744275,16.030986918410356,16.514333724975586,71448604
2018-05-25,16.79628525383848,16.95740085602689,16.514333724975586,16.514333724975586,66575543
2018-05-28,16.635170553946214,16.796284599928516,16.393497160072382,16.554611206054688,47846960
2018-05-29,16.71572749702487,17.158796179183526,16.594891570030285,16.67544937133789,88092081
2018-05-30,16.433775764587633,16.474055439711126,15.95042896270752,15.95042896270752,95643991
2018-05-31,16.232382755039914,16.272660882007088,15.990709343435796,16.151824951171875,55273662
2018-06-01,15.990709285203094,16.07126708877777,15.910151481628418,15.910151481628418,28072168
2018-06-04,16.071265639687134,16.59489054074223,16.03098596656483,16.433774948120117,61148573
2018-06-05,16.635169982910156,16.836563695924973,16.51433251515444,16.635169982910156,65259127
2018-06-06,16.836563695924973,16.876841818554524,16.594890310347076,16.635169982910156,33382912
2018-06-07,16.71572843561056,16.8365659193238,16.51433469600014,16.594892501831055,43409770
2018-06-08,16.7560071282582,16.876843054932685,16.514333724975586,16.514333724975586,37475204
2018-06-11,16.75600590073234,16.796284023361892,16.55461063778399,16.635169982910156,30796394
2018-06-12,16.675449457173418,17.68242120373497,16.63517133127911,16.9976806640625,153265301
2018-06-13,17.03795965893422,17.07823933681654,16.594892501831055,16.594892501831055,53636840
2018-06-14,16.514334589296173,16.594892394606582,16.11154556274414,16.11154556274414,53512384
2018-06-15,16.15182430689046,16.554611760230145,16.071266506235798,16.192102432250977,52979464
2018-06-19,16.030988030993583,16.151825515988083,15.708758354187012,15.708758354187012,90345301
2018-06-20,15.789312248472985,15.829591920755583,15.225407686051264,15.467081069946289,50606726
2018-06-21,15.547642368833237,15.910151715276044,15.547642368833237,15.628198623657227,31710715
2018-06-22,15.507359224786333,15.547638893127441,15.305965532880895,15.547638893127441,27207966
2018-06-25,15.587918251531125,15.74903383784533,15.42680266521692,15.507360458374023,23141137
2018-06-26,15.305967903235166,15.386525702459574,15.10457263020734,15.225408554077148,33194616
2018-06-27,15.346246343174903,15.467082269527332,15.064294815063477,15.064294815063477,20331470
2018-06-28,15.064293251836174,15.265686958169402,14.943455788089455,15.185129165649414,16218753
2018-06-29,15.587920869192516,15.829594289247758,15.54764274081685,15.708758354187012,52172098
2018-07-02,15.70875439223457,15.789310628668568,15.346243578614779,15.386523246765137,27190343
2018-07-03,15.54764164323525,15.587919768767492,15.144852638244629,15.144852638244629,25963858
2018-07-04,15.18513076377687,15.225408889309112,14.943457360782496,15.144852638244629,17439880
2018-07-05,15.225409519920557,15.346247001389454,14.983737656850174,15.024017333984375,15966814
2018-07-06,15.10457178450945,15.185129579223464,14.37955318201683,14.500389099121094,35390165
2018-07-09,14.742064673966041,15.749036482562676,14.621228738905296,15.708758354187012,65334238
2018-07-10,15.70875600377483,15.70875600377483,15.346245152965535,15.467081069946289,29341658
2018-07-11,15.346246027880566,15.346246027880566,15.144852304786347,15.225408554077148,16547123
2018-07-12,15.305968954560129,15.628198623657227,15.225409599868712,15.628198623657227,26555324
2018-07-13,15.829593678053742,16.151824892352444,15.829593678053742,15.910151481628418,83615694
2018-07-16,16.030986739920912,16.192102340315458,15.829593014394543,15.869871139526367,25610319
2018-07-17,15.869869843377476,15.950427636995306,15.708755806075315,15.74903392791748,13828993
2018-07-18,15.910152713377835,16.030988653128013,15.708758963816273,15.789315223693848,21234595
2018-07-19,15.829591631002431,15.990707217316636,15.386524543605114,15.507360458374023,33458941
2018-07-20,15.587918190537385,15.70875565476696,15.225407347782143,15.346244812011719,29318317
2018-07-23,15.426802604853608,15.426802604853608,15.26568701916983,15.346244812011719,13121719
2018-07-24,15.386523319629744,15.628195129942922,15.346243651288637,15.547638893127441,14743159
2018-07-25,15.587920869192516,15.829594289247758,15.507363062507434,15.708758354187012,20786995
2018-07-26,15.829590898677019,16.071264266967773,15.668475319816515,16.071264266967773,42642679
2018-07-27,16.151824261497886,16.27266018717347,15.950428985460407,16.030986785888672,45418530
2018-07-30,16.111545452203444,16.192103256961147,15.628198623657227,15.628198623657227,37578177
2018-07-31,15.668475319816515,16.272657965576695,15.587917530386264,16.071264266967773,59660908
2018-08-01,16.192100176146443,16.192100176146443,15.990706477537522,16.071264266967773,22696739
2018-08-02,16.07126513240347,16.07126513240347,15.708755835412965,15.829591751098633,24188508
2018-08-03,15.910149424159535,15.910149424159535,15.42680266521692,15.507360458374023,46945889
2018-08-06,15.185129563702187,15.507360742228885,15.14485144135311,15.467081069946289,33011766
2018-08-07,15.386524483399405,15.426802604853608,15.26568701916983,15.346244812011719,23872052
2018-08-08,15.50736048824291,15.62819640324456,15.46708081662003,15.587918281555176,21739747
2018-08-09,15.628196659209637,15.628196659209637,15.346245152965535,15.467081069946289,17676325
2018-08-10,15.386523246765137,15.467079483199136,15.346243578614779,15.386523246765137,18000776
2018-08-13,15.346244333192004,15.346244333192004,14.661503890367348,14.903177261352539,43718163
2018-08-14,15.022178649902344,15.192401795160846,14.809398899555068,15.022178649902344,29327537
2018-08-15,14.979621549622735,14.979621549622735,14.383840560913086,14.383840560913086,37975708
2018-08-16,14.043395948042232,14.043395948042232,13.6603938830851,13.958284378051758,68252606
2018-08-17,14.043395724354122,14.085950689897407,13.575282096862793,13.575282096862793,51558885
2018-08-20,13.830616009082641,13.95828418104053,13.532726337094605,13.617837905883789,40818307
2018-08-21,13.7455064278773,14.00084114074707,13.66039403814658,14.00084114074707,28453554
2018-08-22,14.171064264757682,14.171064264757682,13.873174551137202,13.915729522705078,21295548
2018-08-23,13.915727774282399,14.085950914263346,13.873172808061284,13.958284378051758,12395265
2018-08-24,13.958284393051816,14.000840996866907,13.660393897765033,13.745506286621094,15280059
2018-08-27,13.830616251615385,14.128507566375445,13.788061285248663,14.04339599609375,25770697
2018-08-28,14.171062611347008,14.639175431718762,14.12850764474424,14.426397323608398,40730570
2018-08-29,14.554064641919911,14.72428777340886,14.511508040273592,14.596619606018066,22779947
2018-08-30,14.639175592128257,14.681732196745601,14.341285909999955,14.468954086303711,20513906
2018-08-31,14.383840858443532,14.681732177734375,14.383840858443532,14.681732177734375,22772069
2018-09-03,14.639175270360079,14.68173187404203,14.341285594779375,14.383840560913086,15230723
2018-09-04,14.38383982104538,14.596619553413818,14.38383982104538,14.511507987976074,13741184
2018-09-05,14.596620304226366,14.596620304226366,14.383840560913086,14.383840560913086,8841090
2018-09-06,14.043395724354122,14.043395724354122,13.5327263125454,13.575282096862793,64506311
2018-09-07,12.894391872165544,13.064615029311135,12.298611640930176,12.298611640930176,107056027
2018-09-10,12.341166283064158,12.511389424386943,11.915608429757194,11.95816421508789,52725527
2018-09-11,12.04327513443198,12.681611061096191,12.04327513443198,12.681611061096191,47553066
2018-09-12,12.468832827675122,12.468832827675122,12.170943148957752,12.21349811553955,41902431
2018-09-13,12.213498180119585,12.426277108024316,12.043275856569933,12.085831642150879,25004556
2018-09-14,12.426278134244441,12.59650129062605,12.298611585732436,12.468833923339844,39650341
2018-09-17,12.426277363242738,12.76672447365675,12.34116660910692,12.553945541381836,34197214
2018-09-18,12.341166403172323,12.383722188917186,12.085831688703145,12.170943260192871,44410978
2018-09-19,12.383722188917186,12.511389546151774,12.170943260192871,12.170943260192871,35055786
2018-09-20,12.256054953100255,12.383723138902717,12.08583261583677,12.128388404846191,28279236
2018-09-21,12.213498180119585,12.25605396570053,11.915608499827094,12.085831642150879,30624971
2018-09-25,12.085830871550597,12.468832098584578,12.000719305815473,12.383721351623535,22212331
2018-09-26,12.256054217422806,12.639056295517651,12.256054217422806,12.553945541381836,26626438
2018-09-27,12.468832176778003,12.596499526181306,12.38372142928322,12.511388778686523,25060490
2018-09-28,12.553945426606422,12.639056179964106,12.341166496276855,12.341166496276855,21015351
2018-10-01,12.426276393643569,12.596499526181306,12.341165646148786,12.511388778686523,17828367
2018-10-02,12.639056251180108,12.894390969014296,12.639056251180108,12.724167823791504,40115837
2018-10-03,12.724168657912257,12.809280236103062,12.426278134244441,12.468833923339844,16123952
2018-10-04,12.38372307695199,12.426278046974325,12.000720977783203,12.000720977783203,39428781
2018-10-05,11.78794261215107,11.78794261215107,11.064495036139467,11.23471736907959,75142607
2018-10-08,11.107050005293864,11.404940520793891,11.064495036139467,11.23471736907959,23791207
2018-10-09,11.31982805787451,11.66027351585041,11.234716488687006,11.362383842468262,31323403
2018-10-11,10.6389367935492,10.681492580024557,10.255934715270996,10.255934715270996,53322825
2018-10-12,10.128266586317725,10.894269865900453,10.128266586317725,10.766602516174316,43051697
2018-10-15,10.596380233764648,10.85171493398281,10.511267848251169,10.596380233764648,24827152
2018-10-16,10.63893523304955,11.021936436375684,10.63893523304955,10.851714134216309,21854763
2018-10-17,11.10704985534891,11.192161430057057,10.894270918578545,10.936826705932617,18905975
2018-10-18,10.894271814249528,11.021939186807902,10.766604441691154,10.809160232543945,15135368
2018-10-19,10.596381118829274,10.936826595448503,10.29849061036006,10.724047660827637,47229194
2018-10-22,10.724047050420385,11.362383817949185,10.681492084692579,11.319828033447266,30839346
2018-10-23,11.107049098676436,11.234716452041262,11.021937529766552,11.064494132995605,20006421
2018-10-24,10.97938249328669,11.192161430057057,10.766603556516325,10.936826705932617,27550421
2018-10-25,10.213378883515693,10.38360202866245,10.128267310942315,10.170823097229004,37481049
2018-10-26,10.468712332544579,10.468712332544579,9.660153309859968,9.745264053344727,40811362
2018-10-29,9.745264216421527,10.043154689312233,9.745264216421527,10.000598907470703,30591484
2018-10-30,10.04315504995863,10.596380233764648,10.04315504995863,10.596380233764648,52820988
2018-10-31,10.936826019955376,11.44749461740004,10.894270235270477,11.404939651489258,69470487
2018-11-01,11.404938729571237,11.78794076077536,11.319827167081431,11.660272598266602,57427389
2018-11-02,12.170943213312771,12.468832893605262,11.830496928665202,12.085831642150879,86559425
2018-11-05,11.915608382206772,12.043275737689392,11.745385241563278,11.873052597045898,29228432
2018-11-06,11.915609036912947,12.000720611911172,11.27727222442627,11.27727222442627,34747893
2018-11-07,11.23471661574839,11.830496788024902,11.23471661574839,11.830496788024902,31291334
2018-11-08,12.128386303793453,12.170942085430752,11.532605360871266,11.617717742919922,29629392
2018-11-09,11.575161961282623,11.660272705783164,11.404938834733427,11.617717742919922,13767337
2018-11-12,11.490051373227598,11.830497679481411,11.490051373227598,11.70283031463623,20032097
2018-11-13,11.234716428437833,11.617718487727648,11.107049075341228,11.490050315856934,29189041
2018-11-14,11.490050291109815,11.617718462705561,11.404939541336166,11.447494506835938,15816067
2018-11-15,11.44749461740004,11.532606186769836,11.277271478660447,11.404939651489258,16755782
2018-11-16,11.575162703362114,11.70282923768461,11.447494531491397,11.490050315856934,18494518
2018-11-19,11.745385241563278,11.915608382206772,11.702829456402405,11.873052597045898,21863666
2018-11-20,11.745385328428489,11.873052684855297,11.702829542952886,11.787941932678223,13017684
2018-11-21,11.660273694590366,11.958164191312983,11.617718728118405,11.915608406066895,20355966
2018-11-22,11.958164191312983,12.256053869261473,11.915608406066895,11.915608406066895,32982710
2018-11-23,12.00071997655907,12.085831547051248,11.787941869102758,11.915608406066895,19889781
2018-11-26,12.043275856569933,12.213498180119585,12.000720070988987,12.085831642150879,17730056
2018-11-27,12.213498322049238,12.596500396728516,12.085831782596957,12.596500396728516,33759458
2018-11-28,12.639056340242067,12.894391059875488,12.596500553636497,12.894391059875488,44610374
2018-11-29,13.14972573348654,13.31994887931306,12.809279441833496,12.809279441833496,51258357
2018-11-30,12.809279554543743,13.02205848869916,12.766724586486816,12.766724586486816,30629848
2018-12-03,13.192280038006253,13.702950268589083,13.107169288145574,13.575282096862793,65534953
2018-12-04,13.617837780797293,13.617837780797293,13.31994811154552,13.405058860778809,29900164
2018-12-05,12.72416684412541,12.766723445928715,12.383721398665738,12.681611061096191,47697029
2018-12-06,12.468832795491913,12.468832795491913,11.873052620820806,11.915608406066895,50443121
2018-12-07,12.1283883441728,12.2560548917882,12.000720977783203,12.000720977783203,21360253
2018-12-10,11.745385328428489,11.873052684855297,11.617718790775813,11.787941932678223,17046186
2018-12-11,11.873052573099947,12.000719928325084,11.787941821723981,11.830496788024902,11578283
2018-12-12,12.043275856569933,12.170943213312771,11.95816428540804,12.085831642150879,11359954
2018-12-13,12.170943172458479,12.256053924560547,12.000720030706084,12.256053924560547,12721098
2018-12-14,12.08583161223331,12.128387397708913,11.702829542952886,11.787941932678223,24386329
2018-12-17,11.660273757477283,12.000720041282104,11.532606401050476,11.787941932678223,11637613
2018-12-18,11.702829432799765,12.12838728355022,11.66027364772472,11.830496788024902,26115531
2018-12-19,11.915608406066895,11.915608406066895,11.660273694590366,11.915608406066895,21097712
2018-12-20,11.74538520897025,11.873052564098597,11.575162887573242,11.575162887573242,14672891
2018-12-21,11.532606283756337,11.660273638884684,11.319828177316548,11.575162887573242,15646825
2018-12-24,11.490051373227598,11.745386102917957,11.40494061543833,11.70283031463623,8350054
2018-12-25,11.490050291109815,11.575162678431681,11.362383757062286,11.447494506835938,7326548
2018-12-26,11.532606075383695,11.74538499675309,11.447494506835938,11.447494506835938,9839457
2018-12-27,11.702828379511505,11.830495723246212,11.660272598266602,11.660272598266602,11214464
2018-12-28,11.702830230454694,11.702830230454694,11.532607078552246,11.532607078552246,10163556
2019-01-02,11.660274311918277,11.660274311918277,11.27727222442627,11.27727222442627,14454561
2019-01-03,11.149604696245849,11.192160479987486,10.936825777537658,10.979381561279297,21237625
2019-01-04,10.809158426312745,10.979381561279297,10.51126794012128,10.979381561279297,19799634
2019-01-07,11.192160606384277,11.362383743273215,11.149604822162042,11.192160606384277,17334531
2019-01-08,11.2347163404389,11.2347163404389,11.021937420277874,11.107048988342285,14054486
2019-01-09,11.234716512749664,11.490050402084938,11.192160728064765,11.404939651489258,20451163
2019-01-10,11.532605360871266,11.617717742919922,11.404938834733427,11.617717742919922,13417960
2019-01-11,11.660273540824532,11.70282932550943,11.36238386680436,11.404939651489258,9928952
2019-01-14,11.490051290576636,11.575163685302037,11.404940533399591,11.532607078552246,6286735
2019-01-15,11.404938729571237,11.702828379511505,11.404938729571237,11.660272598266602,11255186
2019-01-16,11.660272705783164,11.83049583233236,11.532605360871266,11.617717742919922,18141379
2019-01-17,11.61771763579575,11.745384160756407,11.532605254531894,11.660272598266602,8066980
2019-01-18,11.702829456402405,11.873052597045898,11.617718704854783,11.873052597045898,13213714
2019-01-21,12.000720000418587,12.085831571079979,11.873052644426497,11.95816421508789,9094446
2019-01-22,11.873051560647129,12.000718904985666,11.745384216308594,11.745384216308594,9680635
2019-01-23,11.745385241563278,11.873052597045898,11.660273671241532,11.873052597045898,8881441
2019-01-24,11.873052620820806,12.00071997655907,11.830496835574719,11.915608406066895,10119320
2019-01-25,12.213497477971396,12.72416687558461,12.128386730476613,12.511388778686523,42938247
2019-01-28,12.63905618280399,12.72416775495494,12.511389643351709,12.596500396728516,15981552
2019-01-29,12.511390531209447,12.511390531209447,12.298611585732436,12.468833923339844,12121820
2019-01-30,12.511388778686523,12.596499526181306,12.426276393643569,12.511388778686523,10411131
2019-02-11,12.639056179964106,12.681611966030019,12.341166496276855,12.341166496276855,14059964
2019-02-12,12.383723219502972,12.553946376648563,12.256055032869572,12.298611640930176,13154140
2019-02-13,12.38372142928322,12.553944561820957,12.25605326110583,12.511388778686523,21435725
2019-02-14,12.426277160644531,12.553945336702125,12.341166407896361,12.426277160644531,19542391
2019-02-15,12.426277155887911,12.553945331896637,12.170943260192871,12.170943260192871,14440045
2019-02-18,12.256053924560547,12.383722099648974,12.213498139122448,12.256053924560547,6449447
2019-02-19,12.29860978588841,12.426276315717017,12.256053184246767,12.383721351623535,8612902
2019-02-20,12.341167430216574,12.383723219502972,12.256055032869572,12.298611640930176,12199471
2019-02-21,12.383721398665738,12.72416684412541,12.298609832607298,12.681611061096191,31072847
2019-02-22,12.809279552811828,13.192280815465637,12.809279552811828,13.022058486938477,72199726
2019-02-25,13.107170213476856,13.532727267919876,13.107170213476856,13.31994915008545,55860676
2019-02-26,13.405059749592285,13.532727110068272,13.022058486938477,13.022058486938477,24412601
2019-02-27,13.064614295959473,13.192280837878199,12.851835361471332,13.064614295959473,13421127
2019-03-04,13.149723805015178,13.149723805015178,12.85183334350586,12.85183334350586,14306554
2019-03-05,12.766724428871349,12.8092793964029,12.681612037485806,12.724167823791504,9527609
2019-03-06,12.724167823791504,12.8092793964029,12.639056251180108,12.724167823791504,11998955
2019-03-07,12.724167564379636,12.766724168591866,12.256053924560547,12.256053924560547,23705275
2019-03-08,12.128387427731825,12.128387427731825,11.830496928665202,12.085831642150879,26039967
2019-03-11,12.085832555376268,12.17094413296933,11.958165188986673,12.000720977783203,13788502
2019-03-12,12.128387427731825,12.213498180119585,12.043275856569933,12.085831642150879,8372012
2019-03-13,12.085832575672194,12.170944153408188,12.000720997936202,12.0432767868042,5587166
2019-03-14,12.085831642150879,12.170943213312771,12.000720070988987,12.085831642150879,6766675
2019-03-15,12.170943213312771,12.25605396570053,12.085831642150879,12.085831642150879,11632434
2019-03-18,12.170943260192871,12.213498227163598,12.085831688703145,12.170943260192871,5858819
2019-03-19,12.213498231838766,12.468832946405684,12.17094326485175,12.426277160644531,21458334
2019-03-20,12.341165568755972,12.426276315717017,12.256053184246767,12.383721351623535,9884176
2019-03-21,12.383722285125282,12.63905618280399,12.383722285125282,12.596500396728516,15426352
2019-03-22,12.93694575927151,13.022057325329948,12.639055278066971,12.681611061096191,21364737
2019-03-25,12.341167374827839,12.468833923339844,12.298611585732436,12.468833923339844,8666977
2019-03-26,12.596500303689142,12.596500303689142,12.426277160644531,12.426277160644531,7409361
2019-03-27,12.511390531209447,12.511390531209447,12.426278134244441,12.468833923339844,4893478
2019-03-28,12.468832176778003,12.553944561820957,12.426276393643569,12.511388778686523,5621797
2019-03-29,12.596500509062668,12.596500509062668,12.426277363242738,12.553945541381836,8560342
2019-04-01,12.59650041959678,12.681611991902244,12.55394545221819,12.639056205749512,12248363
2019-04-02,12.724167868920235,12.894391014746756,12.681612082463605,12.809279441833496,19050412
2019-04-03,12.851834365646392,13.234836418048115,12.724167014845818,13.192279815673828,41045596
2019-04-08,13.617839809084598,14.00084274093773,13.447616647716197,13.915729522705078,91178042
2019-04-09,14.128507678407823,14.256174216068578,13.915727932242218,14.00084114074707,56262535
2019-04-10,14.043396991495618,14.171063537193096,13.915728808249776,14.128508567810059,28283282
2019-04-11,14.213619038792482,14.468953747879517,13.702950439392527,13.873172760009766,42122402
2019-04-12,13.74550602781445,13.915727527225073,13.490171322376195,13.532726287841797,23622612
2019-04-15,13.702950293447085,13.830616009082641,13.575282121489197,13.617837905883789,14657473
2019-04-16,13.617838945073832,13.78806209564209,13.532727369789704,13.78806209564209,12487957
2019-04-17,13.91572796134008,14.383840783806018,13.788061423412374,14.298730850219727,53136281
2019-04-18,14.468955615926612,14.468955615926612,13.745507998885126,13.915729522705078,31966258
2019-04-19,14.085950947146092,14.383840624034033,14.085950947146092,14.256174087524414,43958906
2019-04-22,14.426397323608398,14.596620465115993,14.213619215498035,14.426397323608398,34522527
2019-04-23,14.383841659205011,14.383841659205011,14.043396991495618,14.128508567810059,16574315
2019-04-24,14.341286689821974,14.426398266136413,14.043396991495618,14.128508567810059,16787673
2019-04-25,14.426397179187692,14.468953782912692,14.128507503305666,14.171062469482422,40290656
2019-04-26,14.043395899401123,14.043395899401123,13.745506224240366,13.873172760009766,26006407
2019-04-29,13.958284155719335,13.958284155719335,13.447614743910613,13.575282096862793,16964641
2019-04-30,13.532726361490855,13.702950318150208,13.532726361490855,13.660393714904785,9128480
2019-05-02,13.660393690278381,13.745506077841677,13.617837905883789,13.617837905883789,6462389
2019-05-03,13.617838833299096,13.873173557055704,13.617838833299096,13.83061695098877,10882563
2019-05-06,13.617837856321216,13.617837856321216,13.44761471936238,13.532726287841797,13242367
2019-05-07,13.617837141142171,13.830615232391969,13.617837141142171,13.702949523925781,13179071
2019-05-08,13.447614792548235,13.660393714904785,13.362503223605614,13.660393714904785,11703949
2019-05-09,13.532727133059224,13.61783870685448,12.936946935266588,13.064614295959473,26526749
2019-05-10,13.192280817249337,13.319948996516745,12.596500620388326,12.766724586486816,29474357
2019-05-13,12.76672414394075,12.76672414394075,12.170943148957752,12.21349811553955,21980962
2019-05-14,12.000720997936202,12.298611520012177,11.91560942020021,12.0432767868042,31046717
2019-05-15,12.213499164090834,12.341167349893295,12.08583261583677,12.128388404846191,23259251
2019-05-16,12.170943117543423,12.170943117543423,11.915608406066895,11.915608406066895,13750701
2019-05-17,12.08583161223331,12.128387397708913,11.787941932678223,11.787941932678223,16574349
2019-05-20,11.830496811885025,11.958164167367645,11.830496811885025,11.873052597045898,7891629
2019-05-21,11.745386245004013,12.000720977783203,11.575163908592081,12.000720977783203,14543918
2019-05-22,12.043276766579735,12.1283883441728,11.958165188986673,12.000720977783203,8354405
2019-05-23,11.915607342093308,11.915607342093308,11.575161909297933,11.745384216308594,13364741
2019-05-24,11.787940816528826,11.873051560647129,11.702828434862415,11.745384216308594,9430244
2019-05-27,11.87305161396966,11.87305161396966,11.575161961282623,11.617717742919922,9621867
2019-05-28,11.745386102917957,11.745386102917957,11.617719556846962,11.70283031463623,13239126
2019-05-29,11.617717690744112,11.830495779200952,11.532605309077699,11.745384216308594,8415821
2019-05-30,11.787941892539234,11.95816421508789,11.745385288434408,11.95816421508789,13139472
2019-05-31,11.915609459799086,12.256054953100255,11.873053670789664,12.128388404846191,14285404
2019-06-03,11.91560942020021,12.0432767868042,11.787942872370417,12.0432767868042,12455007
2019-06-04,12.043275761805159,12.170943117543423,11.915608406066895,11.915608406066895,10964248
2019-06-05,12.17094413296933,12.17094413296933,12.000720977783203,12.000720977783203,6788536
2019-06-06,12.000719952528518,12.043275737689392,11.830496811885025,11.873052597045898,5934673
2019-06-10,12.043275856569933,12.128387427731825,11.95816428540804,12.085831642150879,9267393
2019-06-11,12.170943172458479,12.298610528772777,12.085831601582282,12.256053924560547,10560607
2019-06-12,12.21349811553955,12.298610505025536,12.128387363601822,12.21349811553955,6522478
2019-06-13,12.1283883441728,12.17094413296933,12.000720977783203,12.000720977783203,6431019
2019-06-14,12.043276766579735,12.1283883441728,12.000720977783203,12.000720977783203,4132326
2019-06-17,12.00072011721342,12.213498227163598,12.00072011721342,12.170943260192871,6168122
2019-06-18,12.170943260192871,12.213498227163598,12.085831688703145,12.170943260192871,7698072
2019-06-19,12.341166407896361,12.426277160644531,12.213498231838766,12.426277160644531,20539853
2019-06-20,12.46883303850209,12.63905618280399,12.383722285125282,12.596500396728516,14575638
2019-06-21,12.63905618280399,12.72416775495494,12.511389643351709,12.596500396728516,10158616
2019-06-24,12.681611213968873,12.936945915222168,12.55394468211632,12.936945915222168,15760671
2019-06-25,12.979502541625692,12.979502541625692,12.724167823791504,12.724167823791504,17507686
2019-06-26,12.851835228290126,13.14972573348654,12.809279441833496,12.809279441833496,18361495
2019-06-27,12.979502633086629,13.064614206297769,12.894391059875488,12.894391059875488,14737365
2019-06-28,12.979501698764384,13.064613265848815,12.809278564595521,12.936945915222168,8331255
2019-07-01,13.107169067247542,13.192279815673828,13.064613283647349,13.192279815673828,17221937
2019-07-02,13.277392302683866,13.44761461960586,13.022057599139725,13.362503051757812,21115930
2019-07-03,13.40505893512267,13.532726287841797,13.23483661693794,13.532726287841797,20033875
2019-07-04,13.617838050922728,13.873172760009766,13.617838050922728,13.873172760009766,32438088
2019-07-05,13.915727774282399,14.043395948042232,13.745506271849695,13.958284378051758,24206378
2019-07-08,14.000840981821117,14.21361908802318,13.958284378051758,13.958284378051758,20850036
2019-07-09,14.128507678407823,14.128507678407823,13.958284536494643,14.00084114074707,33023198
2019-07-10,14.128508537682531,14.383841628533014,14.043396961549584,14.341286659240723,64461344
2019-07-11,14.46771191760091,15.010251636434676,14.46771191760091,14.874617576599121,67304970
2019-07-12,15.05546211698174,15.778848394690833,14.874617287300204,15.100674629211426,105084355
2019-07-15,15.236308990242074,15.50757884979248,15.010251643822956,15.50757884979248,66414995
2019-07-16,15.64321501558736,15.733636564474807,15.236309346864786,15.326732635498047,47537174
2019-07-17,15.236310005187988,15.371945813871271,15.010252643710368,15.236310005187988,27236411
2019-07-18,15.41715629360439,15.462368808877446,15.10067564567641,15.145886421203613,26784613
2019-07-19,15.326732273065433,15.462368072680837,15.1910982131958,15.1910982131958,25055482
2019-07-22,15.326732569053096,15.643214947770385,15.281520055059566,15.598002433776855,40346242
2019-07-23,15.914483962505377,16.09533054909877,15.688426599136589,15.86927318572998,71901799
2019-07-24,15.733635251626696,16.00490509489114,15.326731356602865,15.824058532714844,59149449
2019-07-25,16.05011868145088,16.72829246520996,15.914482880851592,16.72829246520996,115733446
2019-07-26,16.909141453063295,17.63252785352437,16.72829485294803,17.542102813720703,148814884
2019-07-29,17.903793210304524,18.355909639793467,17.85858243722851,18.129852294921875,143921148
2019-07-30,18.08464183463047,18.220277648744123,17.54210205766777,17.90379524230957,86576928
2019-07-31,17.99421600274015,17.99421600274015,17.135195680141276,17.406465530395508,104874631
2019-08-01,16.81871745690697,17.72294868031266,16.81871745690697,17.58731460571289,61842465
2019-08-02,17.089982237576802,17.225618025187966,16.411810258503444,16.818714141845703,88678750
2019-08-05,16.863928697374085,17.135196826023112,16.5926570892334,16.5926570892334,42177333
2019-08-06,15.733635455192305,16.5474449955149,15.733635455192305,16.457021713256836,50607273
2019-08-07,16.683083491795472,16.86393008561267,16.004907895108005,16.0953311920166,50097731
2019-08-08,16.276176532536184,16.321387307636176,15.507579437869579,15.68842601776123,71369434
2019-08-12,15.68842572201811,15.91448307274834,15.462368371287878,15.598002433776855,40574992
2019-08-13,15.643214778631616,15.733636326149401,15.191098342313758,15.281519889831543,42453407
2019-08-14,15.598003305839892,15.914483962505377,15.552790789318594,15.86927318572998,44900658
2019-08-15,15.326731981035982,15.507578550580227,15.191097923750668,15.417155265808105,28983976
2019-08-16,15.371944916840901,15.462368204104473,15.100675055050186,15.281519889831543,27670734
2019-08-19,15.462368140961814,15.643214714750448,15.417155627641767,15.552789688110352,19003371
2019-08-20,15.778849456805426,15.869272747605685,15.145886421203613,15.145886421203613,39793234
2019-08-21,15.281519889831543,15.462368204104473,15.055462541545507,15.281519889831543,22803426
2019-08-22,15.4171569075066,15.462369424579993,15.010252952575684,15.010252952575684,23265911
2019-08-23,15.10067402375533,15.824058532714844,15.055461513338422,15.824058532714844,56833914
2019-08-26,15.41715659026844,15.507579882808665,15.19109922879082,15.236310005187988,39946021
2019-08-27,15.417155690599794,15.507578977863366,15.281519889831543,15.281519889831543,19187165
2019-08-28,15.417156209870006,15.733636856079102,15.32673291956086,15.733636856079102,20950824
2019-08-29,15.778850589469368,15.778850589469368,15.326734103013488,15.462369918823242,34043445
2019-08-30,15.598001835352349,15.778848404896594,15.326731981035982,15.417155265808105,33897449
2019-09-02,15.50757725216754,16.276174238504908,15.46236648343974,16.18575096130371,66447947
2019-09-03,16.276177135692162,16.321387912467557,15.824060669208682,15.86927318572998,40949920
2019-09-04,15.869273819618094,16.0953311920166,15.869273819618094,16.0953311920166,17931135
2019-09-05,16.27617645263672,16.592657096020595,16.09532987363284,16.27617645263672,44580821
2019-09-06,16.457022013334367,16.637868581148055,16.36659872942752,16.54744529724121,33417945
2019-09-10,16.502232785414925,16.637868581148055,16.18575216161383,16.54744529724121,20047076
2019-09-11,16.637868581148055,16.954349204949153,16.502232785414925,16.54744529724121,36216073
2019-09-12,16.999561898624847,17.18040846837311,16.77350281656665,16.863927841186523,50672405
2019-09-16,16.909138143263593,16.954348914569824,16.592655785137207,16.773502349853516,18930066
2019-09-17,16.863926682208703,17.270830566304845,16.81871417300601,17.135194778442383,44812047
2019-09-18,17.270833218637392,17.49689058013029,16.999563340998378,17.089984893798828,40196369
2019-09-19,17.270831887209404,17.270831887209404,16.954349517822266,16.954349517822266,19042038
2019-09-20,17.044773993233967,17.31604386889688,16.863929149204566,16.999563217163086,35918047
2019-09-23,16.999561898624847,17.135195956063175,16.81871532887659,16.863927841186523,15226873
2019-09-24,17.04477146820349,17.180407255814657,16.818714141845703,16.818714141845703,20808266
2019-09-25,16.773503238912532,16.773503238912532,16.36659931660624,16.72829246520996,27922797
2019-09-26,16.863928264328226,16.90913903802683,16.41181182861328,16.41181182861328,18607628
2019-09-27,16.366600346234566,16.592657708460344,16.0953304677161,16.14054298400879,29723413
2019-10-01,16.230966689237917,16.50223483490276,16.185754171796486,16.321388244628906,19212358
2019-10-02,16.185754050889468,16.457023934273874,16.095330756428,16.230966567993164,13337490
2019-10-03,16.050120125548546,16.230966716121944,15.959696830261848,16.004907608032227,16066902
2019-10-04,16.140542691223647,16.230965982422884,16.004906884551865,16.050119400024414,15324701
2019-10-07,16.140543273531698,16.276177345350938,16.095330756428,16.230966567993164,9511434
2019-10-08,16.230964476404097,16.27617524793582,15.914482116699219,15.914482116699219,19095798
2019-10-09,15.824059613412974,15.869272126917652,15.281519889831543,15.281519889831543,43359984
2019-10-14,15.643216107284536,16.004907547313213,15.598003589939742,15.959696769714355,18451342
2019-10-15,15.95969558674187,15.95969558674187,15.598002433776855,15.598002433776855,12008056
2019-10-16,15.778849307707057,15.869272597652884,15.643215242661237,15.68842601776123,9554602
2019-10-17,15.688426310114744,15.824060377688102,15.552790502795515,15.778849601745605,7842934
2019-10-18,15.869273474770702,16.050120064658007,15.824060957425909,15.959696769714355,28028041
2019-10-21,15.914484252369562,16.050120064658007,15.824060957425909,15.959696769714355,7708226
2019-10-22,16.09532868231752,16.09532868231752,15.914482116699219,15.914482116699219,8044074
2019-10-23,15.914484312745527,16.095330903318924,15.914484312745527,16.004907608032227,10878982
2019-10-24,16.050116915374716,16.18575096130371,15.959693638173519,16.18575096130371,12666646
2019-10-25,16.411812564821354,16.502234116274728,16.050119400024414,16.050119400024414,21411279
2019-10-28,16.09532995264453,16.140542467490363,15.68842601776123,15.68842601776123,18370708
2019-10-29,15.77884924394105,15.869272533521455,15.552790150117122,15.64321517944336,12411153
2019-10-30,15.643216513405594,15.688427292178192,15.462369918823242,15.462369918823242,13326884
2019-10-31,15.50757884979248,15.643214649440571,15.462368076406966,15.50757884979248,12648578
2019-11-01,15.462367778067035,15.64321434761128,15.371944493294913,15.417155265808105,12403244
2019-11-04,15.462368204104473,15.552789751622258,15.191098342313758,15.281519889831543,19351269
2019-11-05,15.28152158449491,15.462369918823242,15.236310805722313,15.462369918823242,15425578
2019-11-06,15.462368072680837,15.462368072680837,15.100674926700789,15.1910982131958,14437936
2019-11-07,15.19109834125087,15.236309115006598,14.965039253234863,14.965039253234863,15101896
2019-11-08,15.100675351611846,15.191098640651237,14.919828773533062,15.055462837219238,11382550
2019-11-11,15.010252742862615,15.055463519558431,14.603348793616686,14.6485595703125,17649494
2019-11-12,14.73898249373758,14.874618299914538,14.60334842730648,14.829405784606934,10811400
2019-11-13,14.829405125574569,14.829405125574569,14.558136134894884,14.603347778320312,13431004
2019-11-14,14.648558167377766,14.693768939743613,14.467711598422905,14.512923240661621,9091394
2019-11-15,14.648559631744954,14.829406218778438,14.558137208101165,14.693770408630371,8405694
2019-11-18,14.829405641195212,15.417156156289076,14.784193126324848,15.37194538116455,45540942
2019-11-19,15.236309576299297,15.598002736278856,15.145886286304407,15.37194538116455,28296516
2019-11-20,15.46236951739723,16.004907547313213,15.371946222453577,15.959696769714355,59163195
2019-11-21,15.914483436697397,16.05011924203404,15.68842608079745,15.733636856079102,33964475
2019-11-22,15.914482769245204,15.959695282376492,15.462368076406966,15.50757884979248,19201421
2019-11-25,15.552790150117122,15.688425954360644,15.417156085619432,15.64321517944336,13683263
2019-11-26,15.733636856079102,15.778849371106597,15.552790275460806,15.733636856079102,24374511
2019-11-27,15.778849601745605,16.09533025258069,15.73363708605724,15.778849601745605,20631476
2019-11-28,15.778849526426708,16.366600049348804,15.778849526426708,16.050119400024414,63705294
2019-11-29,15.959696185007331,16.18575354421155,15.73363708605724,15.778849601745605,28186004
2019-12-02,15.778848775219032,15.869272062113348,15.326732340747451,15.552789688110352,16210619
2019-12-03,15.462369576057974,16.140543420835247,15.371946280771276,16.004907608032227,28875667
2019-12-04,15.82406130129081,16.230967007252485,15.6884272258009,16.0953311920166,35003138
2019-12-05,16.23096582560947,17.04477369879422,16.23096582560947,16.90913963317871,114076748
2019-12-06,17.180407255814657,17.180407255814657,16.728290863353465,16.818714141845703,48950371
2019-12-09,16.683082277237578,17.180409504155577,16.4570231815506,16.90913963317871,51280715
2019-12-10,16.9091396236863,17.40646685032511,16.77350381840109,17.22562026977539,65681322
2019-12-11,17.270831762706862,17.677735674990448,17.180408477783203,17.180408477783203,81830051
2019-12-12,17.22561774853802,17.361251794225236,16.999560425810802,17.044771194458008,47998512
2019-12-13,17.451678332554174,17.451678332554174,16.999561907935888,17.180408477783203,46606739
2019-12-16,17.45168170030737,17.94900899348677,17.316045876874572,17.63252830505371,120048
2019-12-17,17.72294646595913,17.994216321011425,17.632524920687445,17.813369750976562,59511790
2019-12-18,17.81337197662782,17.903795272942986,17.496891309397725,17.58731460571289,24531990
2019-12-19,17.81337283745058,18.08464273950506,17.72294953676575,17.858585357666016,51807612
2019-12-20,18.039431056423222,18.220277648744123,17.81337194614912,17.90379524230957,61580484
2019-12-23,18.220278560405326,18.220278560405326,17.768162056981186,17.858585357666016,29929115
2019-12-24,17.858585233795438,17.90379601395124,17.4968920335649,17.542102813720703,27916839
2019-12-25,17.632525801901203,17.81337064122833,17.496889997723567,17.768159866333008,17351715
2019-12-26,17.94900779097355,17.99421856925815,17.58731460571289,17.58731460571289,13221833
2019-12-27,17.677736282348633,17.858582858409335,17.49688970628793,17.677736282348633,28983739
2019-12-30,17.72294705649091,17.81337034452126,17.58731299431828,17.677736282348633,14746071
2019-12-31,17.63252550820636,17.81337034452126,17.49688970628793,17.677736282348633,15445940
2020-01-02,17.949006445405967,18.175063799374254,17.768159866333008,17.768159866333008,59894947
2020-01-03,18.129854642577143,18.129854642577143,17.63252737561272,17.994218826293945,58869257
2020-01-06,18.084641865573314,18.627181643464304,17.496891309397725,17.58731460571289,147957153
2020-01-07,17.768160011424552,17.90379407696392,16.99956291396116,17.22562026977539,45397796
2020-01-08,17.270832061767578,17.54210018149007,17.22561954864998,17.270832061767578,29095750
2020-01-09,17.49688809235969,17.632523881766954,17.361252302952426,17.451677322387695,22091725
2020-01-10,17.542099281159636,17.632524302753858,17.225618664562592,17.316041946411133,11637729
2020-01-13,17.451678932145654,17.677736282348633,17.3612539043695,17.677736282348633,15519388
2020-01-14,17.76816250303992,17.85858580599477,17.632528418480693,17.722949981689453,17693994
2020-01-15,17.85858163750236,17.85858163750236,17.316041946411133,17.316041946411133,17586563
2020-01-16,17.27083147514125,17.451678041977402,17.225618963559356,17.406465530395508,11820696
2020-01-17,17.587313430874833,17.587313430874833,17.180409494510883,17.22562026977539,18675655
2020-01-20,17.36125373840332,17.406466251859186,17.2256196775273,17.36125373840332,12314050
2020-01-30,16.366599756340765,16.366599756340765,15.643215179443358,15.64321517944336,52016662
2020-01-31,15.64321501558736,15.914483141741325,14.874617932077562,15.326732635498047,53499775
2020-02-03,14.196442181421174,15.01025176673638,13.834749902265088,14.965039253234863,43538009
2020-02-04,17.45167864003084,17.722946759835473,15.50757884979248,15.50757884979248,33382665
2020-02-05,15.552790789318594,16.321387912467557,15.371945942471104,15.86927318572998,53269139
2020-02-06,15.959696108825177,16.0953301757511,15.869272817625943,16.050119400024414,22048360
2020-02-07,15.824059853108066,15.869272367297603,15.28152012130851,15.326732635498047,53964547
2020-02-10,14.467711830527161,14.874617487076415,14.377288544599079,14.558135986328125,54075771
2020-02-11,14.693769978429977,14.874618299914538,14.64855920286823,14.829405784606934,34349138
2020-02-12,15.010251640205778,15.326732273065433,14.965039127085387,15.1910982131958,38658923
2020-02-13,15.371945218730021,15.417155993376806,15.055462837219238,15.055462837219238,31837199
2020-02-14,15.010252661237118,15.100675953882925,14.829406075945501,14.919829368591309,26564908
2020-02-17,14.829405773275635,15.236309712003873,14.738982482475375,15.145886421203613,27084026
2020-02-18,15.055463729903153,15.236310318704877,14.919829658174821,15.010252952575684,16343777
2020-02-19,14.919828349962382,14.965039123325644,14.603347717182238,14.874617576599121,31187245
2020-02-20,15.05546241720847,15.552789623177995,15.05546241720847,15.50757884979248,50295081
2020-02-21,15.46236867115944,15.598002736278856,15.191098801174771,15.37194538116455,49040646
2020-02-24,15.281519889831543,15.598002265126937,15.145885828809078,15.281519889831543,34498979
2020-02-25,15.100675511179881,15.417156156289076,15.010252221184992,15.37194538116455,23010573
2020-02-26,15.100675053993625,15.37194491576536,14.965039253234863,14.965039253234863,36936726
2020-02-27,15.1458852053576,15.191097717001192,14.467711448669434,14.467711448669434,36539406
2020-03-02,14.015596312618626,14.693770131322413,13.69911566115576,14.286866188049316,38311036
2020-03-03,14.738982200622559,14.919828778764757,14.64855891155146,14.738982200622559,26560426
2020-03-04,14.648559774972236,15.010252952575684,14.558137350444337,15.010252952575684,17223840
2020-03-05,15.236309415298022,15.326732704337415,15.055462837219238,15.055462837219238,18435001
2020-03-06,14.874618735409761,15.010252805811922,14.648559631744954,14.693770408630371,16777197
2020-03-09,14.512923902589144,14.693769609919423,14.106019973754883,14.106019973754883,35307732
2020-03-10,13.789538196662585,14.603347778320312,13.789538196662585,14.603347778320312,27683271
2020-03-11,14.603349197616785,14.648559975563352,14.151232719421387,14.151232719421387,24402262
2020-03-12,13.925174173941581,13.970385820766374,12.794883873194738,12.840095520019531,56469345
2020-03-13,11.574169615708403,12.297555923461914,11.574169615708403,12.297555923461914,56578628
2020-03-16,12.38797905208162,12.614037286211238,11.257689621179447,11.302901268005371,47222067
2020-03-17,10.850783760466111,11.122053615439626,10.398667335510254,10.398667335510254,55989430
2020-03-18,10.669938407053992,10.760361702355091,10.17261028289795,10.17261028289795,38848993
2020-03-19,9.675282785422581,9.946551794634447,9.17795467376709,9.17795467376709,48241198
2020-03-20,9.494436993237896,10.036975877191658,9.494436993237896,9.720495223999023,44558617
2020-03-23,9.13274380834984,9.223167100499138,8.86147393190194,9.00615119934082,28293985
2020-03-24,9.449225773320556,9.765706440788975,9.358801607064319,9.584859848022461,27376424
2020-03-25,10.217821226677305,10.534302711486816,10.127397945303159,10.534302711486816,44184465
2020-03-26,10.624725122988126,10.624725122988126,10.036974663929012,10.534302711486816,30368169
2020-03-27,11.167263941360165,11.212475582047238,10.534302711486816,10.534302711486816,37273618
2020-03-30,10.127398009922025,10.579513549804688,10.036974727970925,10.579513549804688,20257533
2020-03-31,10.850783374892526,10.94120665667058,10.263032913208008,10.263032913208008,27473542
2020-04-01,10.353455129517119,10.489090919494629,10.127397799215467,10.489090919494629,15961451
2020-04-06,10.669937722753932,10.850784301757812,10.398667854248114,10.850784301757812,30039479
2020-04-07,11.122054680701677,11.48374698543611,11.122054680701677,11.302901268005371,44166372
2020-04-08,11.348111751847604,11.574169092937328,11.167264313204667,11.528958320617676,32367005
2020-04-09,11.800227371187166,11.981073071115588,11.483745874034899,11.574169158935547,35987785
2020-04-10,11.528958895399342,11.619381314419563,11.393323092186735,11.4385347366333,16600326
2020-04-13,11.43853480669544,11.43853480669544,11.167264938354492,11.167264938354492,17586244
2020-04-14,11.302900890303166,11.890651409526711,11.167265084484901,11.800228118896484,45622316
2020-04-15,11.935862605775393,12.116709180231801,11.755016901191876,11.981073379516602,35112403
2020-04-16,11.755017414338454,12.161920484882295,11.664593253290034,12.11670970916748,29370086
2020-04-17,12.387978411205863,12.568824989153697,11.981073610823238,12.026286125183105,53270932
2020-04-20,11.981073902531316,12.252343776057785,11.845439835641013,12.11670970916748,17728509
2020-04-21,12.026285583438783,12.297555438140726,11.574169158935547,11.574169158935547,35730888
2020-04-22,11.393323250119426,11.845439700852259,11.30290082984578,11.755017280578613,25936795
2020-04-23,11.845439700852259,11.981073766199188,11.664593120559125,11.755017280578613,21451765
2020-04-24,11.70980476563241,11.935862990998826,11.619381475485842,11.755017280578613,31022205
2020-04-27,11.89065061003265,12.207131236086244,11.84543896775744,12.161919593811035,31368241
2020-04-28,12.433190358408764,12.433190358408764,12.026286417991992,12.11670970916748,25817840
2020-04-29,12.161919742973506,12.25234302863294,12.116708970016667,12.207131385803223,22448308
2020-04-30,12.478401773046901,12.659248352050781,12.342767708666907,12.659248352050781,53400318
2020-05-04,12.20713213047004,12.342767937106204,12.026286417991992,12.11670970916748,38466738
2020-05-05,12.252343477744988,12.297555992104856,11.981073610823238,12.026286125183105,25013123
2020-05-06,12.116710082800646,12.161920859909587,11.935863494873047,11.935863494873047,22513460
2020-05-07,12.026286417991992,12.20713213047004,11.981073902531316,12.11670970916748,20595421
2020-05-08,12.34276718416525,12.38797795712209,12.207131385803223,12.207131385803223,18999738
2020-05-11,12.433189241624362,12.523613394550628,12.252342675517536,12.387977600097656,20453674
2020-05-12,12.433189599951806,12.478401242781523,12.116708970016667,12.207131385803223,23002048
2020-05-13,12.11670970916748,12.20713213047004,11.935863126816502,12.11670970916748,22130221
2020-05-14,11.981073071115588,12.071497225889107,11.574169158935547,11.574169158935547,35584178
2020-05-15,11.845439317358178,11.890650960967742,11.528958681964122,11.664592742919922,17799168
2020-05-18,11.664592377322364,11.800227303899918,11.438534166359775,11.528958320617676,13786419
2020-05-19,11.800227673748614,11.845439317358178,11.574169455700794,11.664592742919922,13952312
2020-05-20,11.800227314979388,12.071497168389195,11.755016542617286,11.845438957214355,22871896
2020-05-21,11.98107316494244,12.026285677619706,11.845439106402155,11.890650749206543,12812894
2020-05-22,11.890650588284954,11.935862230477472,11.483745808552293,11.528958320617676,28176493
2020-05-25,11.57416952008538,11.619381163946446,11.212476369196846,11.393322944641113,21177295
2020-05-26,11.483746540265992,11.800228055778975,11.393323250119426,11.755017280578613,29189787
2020-05-27,12.026287017077891,12.930519104003906,11.935863721397993,12.930519104003906,142183059
2020-05-28,13.382634412044078,13.699115939817622,12.659248932720363,12.840095520019531,177572083
2020-05-29,12.659248573472981,12.840095155640038,12.387978700222396,12.43319034576416,67575027
2020-06-01,12.61403730666356,12.704460600462019,12.207132484570497,12.252344131469727,42582897
2020-06-02,12.161919742973506,12.433189599951806,12.07149732718695,12.207131385803223,33788595
2020-06-03,12.342766828443802,12.523613394550628,12.026285337756857,12.387977600097656,36939378
2020-06-04,12.523614882738059,12.568825659764332,12.207132484570497,12.252344131469727,32015631
2020-06-05,12.342767355913212,12.568824703334476,12.252343199122661,12.523613929748535,33057453
2020-06-08,12.70446066310722,12.840095604473719,12.523614944491516,12.568825721740723,51617633
2020-06-09,12.704460144042969,12.84009507986785,12.568825208218087,12.704460144042969,33579295
2020-06-10,12.840096188063596,12.885307837240658,12.65924959135535,12.749672889709473,24557192
2020-06-11,12.704459456930106,12.749671099759823,12.207131385803223,12.207131385803223,37856867
2020-06-12,11.800227674933085,12.026285893003596,11.619381100476676,11.981073379516602,49153297
2020-06-15,12.071497990787163,12.116709636102277,11.800228118896484,11.800228118896484,23538093
2020-06-16,12.026286055029598,12.749671492728263,11.981073540933469,12.614036560058594,66991280
2020-06-17,12.704459090784601,12.749670732311309,12.342766828443802,12.387977600097656,40114945
2020-06-18,12.342767032784737,12.342767032784737,12.071497179133484,12.161919593811035,30436015
2020-06-19,12.20713213047004,12.342767937106204,12.11670970916748,12.11670970916748,17057395
2020-06-22,12.116708821408693,12.387977805187079,12.116708821408693,12.161919593811035,11237405
2020-06-23,12.342767567696509,12.342767567696509,12.116709346523535,12.297555923461914,15130802
2020-06-24,12.252343776057785,12.29755629151846,12.11670970916748,12.11670970916748,19463185
2020-06-29,11.935863494873047,12.207132506891487,11.890651847891148,11.935863494873047,17449613
2020-06-30,12.071496963500977,12.116708604968572,11.981072810692934,12.071496963500977,16599914
2020-07-01,12.16192083767127,12.387979072167415,12.116710060644996,12.252344131469727,22138641
2020-07-02,12.251415816699385,12.38804971993849,12.16032800833002,12.342504501342773,20434609
2020-07-03,12.433593489859474,12.479136953810478,12.205871788734543,12.251415252685547,19475065
2020-07-06,12.296959672518227,12.570225715637207,12.205871867752556,12.570225715637207,42602920
2020-07-07,12.752403077716526,12.889036099276016,12.479137034597548,12.570225715637207,46128770
2020-07-08,12.570226279171191,12.661314964294434,12.479137594047947,12.661314964294434,24094503
2020-07-09,12.752402970492499,12.797947310629386,12.388049125671387,12.388049125671387,26458385
2020-07-10,12.388049145506294,12.433593485716104,11.932605743408203,11.932605743408203,31381873
2020-07-13,12.069237218575212,12.524680595420884,12.069237218575212,12.433592796325684,27050461
2020-07-14,12.388049907754343,12.388049907754343,12.114783849681178,12.205872535705566,15538725
2020-07-15,12.34250451232699,12.34250451232699,12.02369499206543,12.02369499206543,20478024
2020-07-16,12.114783676789882,12.251415827602537,12.02369499206543,12.02369499206543,17586302
2020-07-17,12.16032889910538,12.205873244763316,11.841519355773926,11.841519355773926,28064667
2020-07-20,11.932606810620422,11.978151154903564,11.65934074492157,11.795973777770996,21271735
2020-07-21,11.932606307340977,12.114783676789882,11.88706196497875,12.02369499206543,22456671
2020-07-22,12.205872350651713,12.433594062260184,12.114783666008327,12.342504501342773,40670632
2020-07-23,12.433593954999514,12.57022610451189,12.296960052939106,12.479137420654297,31889591
2020-07-24,12.524681881775894,12.61577144277437,12.02369499206543,12.02369499206543,38192109
2020-07-27,12.069239331515424,12.16032889910538,11.841519355773926,11.841519355773926,25654711
2020-07-28,11.84151843169918,12.114783608047949,11.70488452911377,11.70488452911377,28333565
2020-07-29,11.613796440057797,11.841518145064576,11.568251222782443,11.659339904785156,25282040
2020-07-30,11.93260629672155,12.433594062260184,11.841518488352184,12.342504501342773,81500000
2020-07-31,12.296959588812694,12.296959588812694,11.887061403198395,11.932605743408203,59289711
2020-08-03,11.932607170815709,12.023695862131577,11.795974133841906,11.841519355773926,30968030
2020-08-04,11.978150758304222,12.023695101079381,11.84151860625278,11.887062072753906,18973519
2020-08-05,12.023694427834597,12.296959592910532,11.932605747384624,12.251415252685547,48570996
2020-08-06,12.342504402937232,12.479137428812953,12.160327911376953,12.160327911376953,41556378
2020-08-07,12.205871968842402,12.25141543346544,11.932605923460216,12.11478328704834,22114353
2020-08-10,12.114783391607146,12.114783391607146,11.978150367736816,11.978150367736816,14502381
2020-08-11,12.069238174043033,12.205872074187365,11.932606026446708,11.978150367736816,17068921
2020-08-12,11.932605743408203,12.023694423827822,11.841517939262568,11.932605743408203,16129680
2020-08-13,12.02369499206543,12.160328019152107,11.932606307340977,12.02369499206543,18357495
2020-08-14,11.932606026446708,12.023694709026927,11.84151822014049,11.978150367736816,12674556
2020-08-17,11.978150083618013,12.023694423827822,11.887061403198395,11.932605743408203,17626748
2020-08-18,11.978150083618013,12.023694423827822,11.841517939262568,11.932605743408203,16153059
2020-08-19,11.88706223535518,11.88706223535518,11.249441427781047,11.2949857711792,94926367
2020-08-20,11.11280882644908,11.11280882644908,10.475188044546126,10.748454093933105,52298710
2020-08-21,10.793997862719,10.885086541014413,10.520731827832758,10.657364845275879,35776053
2020-08-24,10.65736663159141,10.885088365499119,10.520733591246787,10.793999671936035,20964814
2020-08-25,10.88508746612113,11.15835352423183,10.839543123102679,11.112809181213379,22003615
2020-08-26,11.158353805541992,11.249441617601246,11.021720773042023,11.158353805541992,23435976
2020-08-27,11.203898126655725,11.477163314819336,11.158353782582779,11.477163314819336,31505743
2020-08-28,11.431619077522237,11.477162542255451,11.24944083721939,11.340530395507812,16630101
2020-08-31,11.386075931056766,11.477163746353444,11.067265510559082,11.067265510559082,32731840
2020-09-01,11.112809739259554,11.249441898902052,11.0217210486485,11.203898429870605,14623228
2020-09-02,11.203898264767977,11.203898264767977,10.976176541596091,11.021720886230469,18896974
2020-09-03,11.158353031478965,11.750428588298723,11.112808690471752,11.340530395507812,53131277
2020-09-04,11.20389817836421,11.795973777770996,11.112809489797925,11.795973777770996,54068371
2020-09-07,11.887061582563184,12.479137137950595,11.887061582563184,12.11478328704834,111677415
2020-09-08,12.43359367332756,12.479137137950595,12.023694605254278,12.11478328704834,49201200
2020-09-09,12.0692378684392,12.433593465808274,11.887061384165635,12.388049125671387,55276371
2020-09-10,12.433593777119832,12.479137242123052,12.205872070733717,12.29695987701416,35778126
2020-09-11,12.29695987701416,12.479137242123052,12.160327729456494,12.29695987701416,28941620
2020-09-14,12.433593465808274,12.661314290218726,12.34250390926052,12.388049125671387,37692642
2020-09-15,12.47913692967118,12.524681269808067,12.34250390926052,12.388049125671387,23009345
2020-09-16,12.52468187062955,12.52468187062955,12.29696015902108,12.342504501342773,25922786
2020-09-17,12.296959672518227,12.661314396676866,12.296959672518227,12.570225715637207,53893197
2020-09-18,12.661314788369486,12.79794781415588,12.479137420654297,12.479137420654297,33999176
2020-09-21,12.479136764864009,12.479136764864009,12.06923770904541,12.06923770904541,26749148
2020-09-22,12.023694605254278,12.160327627945371,11.841518117940149,12.11478328704834,25713081
2020-09-23,12.16032889910538,12.205873244763316,11.75042978818397,11.841519355773926,37707572
2020-09-24,11.704884038244474,11.795972718632072,11.568251017663078,11.61379623413086,23384344
2020-09-25,11.75042940343446,11.795973747601115,11.06726511720868,11.158353805541992,32477487
2020-09-28,11.613796242083703,12.251415252685547,11.477162345134763,12.251415252685547,59366165
2020-09-29,12.524681762583095,12.706859130298284,12.16032790342673,12.479137420654297,126038460
2020-09-30,12.524681274335332,12.752402975102079,12.296959573568586,12.70685863494873,69105736
2020-10-05,12.79794731525543,13.162302036482224,12.615770830916013,12.70685863494873,119950790
2020-10-06,12.934581756591797,12.980126101748237,12.7068600308096,12.934581756591797,43937159
2020-10-07,12.889037184727389,13.298935407651484,12.797948496016687,13.207847595214844,70240186
2020-10-08,13.207846953441997,13.253391295584336,12.889036558445627,13.1167573928833,46560682
2020-10-12,13.663290374865387,14.118732043740737,13.071213050740962,13.1167573928833,138678383
2020-10-13,13.162303191816484,13.708834445355018,12.752404094457038,13.663290977478027,96849136
2020-10-14,13.8910110610835,14.027644086052616,13.663290229075645,13.708833694458008,90606423
2020-10-15,13.663290843046713,13.70883431047561,13.298935217149106,13.34447956085205,33657262
2020-10-16,13.390024972636247,13.481112785072886,13.07121368587473,13.207847595214844,38599493
2020-10-19,13.344479073675572,13.481112099796245,13.207846923828916,13.25339126586914,23709278
2020-10-20,13.25339174972021,13.390024780829044,13.162303062314322,13.34447956085205,22237045
2020-10-21,13.572200287567144,13.799921989440918,13.298934245318616,13.799921989440918,75522358
2020-10-22,13.93655516564709,14.437542915344238,13.66328999663173,14.437542915344238,294181797
2020-10-23,14.574175035589747,15.849414825439453,14.528630694789829,15.849414825439453,383176946
2020-10-26,15.940502731106424,17.215742458881525,15.758327129322469,16.94247817993164,461219279
2020-10-27,16.66921529178191,16.85139268046733,15.940505737040228,16.21377182006836,266147539
2020-10-28,16.077138199176904,16.12268166595056,15.485062615830936,15.667238235473633,181391178
2020-10-29,15.34842871041382,15.803872140890748,15.21179655754478,15.667238235473633,145790486
2020-10-30,15.576150923274785,15.940503906250942,15.39397180296466,15.4395170211792,98721513
2020-11-02,15.576150923274785,15.71278307282234,15.302884871631644,15.4395170211792,59064779
2020-11-03,15.758327136333806,16.304857447024645,15.621693244250169,16.031591415405273,159428250
2020-11-04,16.213769707027268,16.487035754442314,15.940503659612224,16.16822624206543,126271807
2020-11-05,16.168225876432253,16.25931455684403,15.758327690853251,15.803871154785156,66176598
2020-11-06,16.122680659952383,16.487035381599483,15.758327690853251,15.803871154785156,104896300
2020-11-09,16.077137405713035,16.12268087023896,15.758327896387605,15.849414825439453,43137701
2020-11-10,15.940503120422363,16.16822569517282,15.667237082250583,15.940503120422363,60597681
2020-11-11,16.031592552670666,16.122681236338867,15.803871719774184,15.894960403442383,42683897
2020-11-12,16.031591225643528,16.350402468366394,15.849413873387,16.30485725402832,74375762
2020-11-13,16.16822608731287,16.16822608731287,15.849414825439453,15.849414825439453,114370576
2020-11-16,15.71278171450122,15.758326928778517,15.485060900758375,15.530604362487793,73029580
2020-11-17,15.57615130192632,15.894960826986132,15.57615130192632,15.667238235473633,47397245
2020-11-18,15.758327896387605,15.9860487241132,15.758327896387605,15.849414825439453,36121922
2020-11-19,15.894960403442383,16.031592552670666,15.758328254214097,15.894960403442383,27468581
2020-11-20,15.986050605773926,16.304860152625285,15.94050538333905,15.986050605773926,75707604
2020-11-23,16.07713755657127,16.66921311625189,16.07713755657127,16.487035751342773,154006111
2020-11-24,16.988024741477247,17.306834260556975,16.669213469849474,16.851390838623047,182080046
2020-11-25,17.07911295285241,17.124658174731987,16.031593880200145,16.122682571411133,151015313
2020-11-26,16.168227590827183,16.21377105958828,15.940504989377242,16.077138900756836,51602300
2020-11-27,16.168224931040026,16.669211767736982,16.12267971722329,16.578123092651367,122673457
2020-11-30,16.714755804144577,17.033567054188154,16.669212341308594,16.669212341308594,119198969
2020-12-01,16.988025185643195,18.263265047852357,16.714757372789986,18.172176361083984,352262049
2020-12-02,18.582073905085686,19.948402404785156,18.582073905085686,19.948402404785156,528455597
2020-12-03,20.22167042695349,20.312759119318283,19.447417418126864,19.629594802856445,280962274
2020-12-04,20.22167069297404,21.58799934387207,20.22167069297404,21.58799934387207,320382413
2020-12-07,22.954327530611284,23.728580474853516,22.772150161078045,23.728580474853516,415751922
2020-12-08,23.500857675487943,24.0473897791766,22.817693422151134,24.001846313476562,321687447
2020-12-09,23.546401783956227,24.366198148302864,23.318679208544868,24.138477325439453,176796445
2020-12-10,23.273137375577072,23.455314747650874,21.77017493224226,22.225618362426758,254076719
2020-12-11,22.726604902640666,23.045416175039815,21.31473116750341,21.861263275146484,184608188
2020-12-14,22.31670704846366,22.908782631429474,21.724631465497843,22.225618362426758,126244895
2020-12-15,22.180074558432363,22.225618024484284,21.360276396565364,21.54245376586914,113567470
2020-12-16,22.498883061116437,22.999869927774867,21.95235097791744,21.997896194458008,187676452
2020-12-17,22.08898670461998,22.589975405071847,21.587999756716368,22.27116584777832,108769067
2020-12-18,22.58997312263792,22.726605275516395,21.86126363382454,21.906808853149414,98117170
2020-12-21,21.906808837571646,22.544427887281874,21.587997560168457,22.225618362426758,145938047
2020-12-22,22.043441436706008,22.726605719541976,21.63354321751405,21.679086685180664,129608629
2020-12-23,21.997897309008263,22.498884201049805,21.542453883266838,22.498884201049805,109132789
2020-12-24,22.772148720063626,24.229565831556577,22.407794004053404,23.500856399536133,336675967
2020-12-25,23.95630108708532,24.639465340189908,23.683036787881907,24.320655822753906,282807774
2020-12-28,25.32262909566232,26.7345027923584,25.231542166083216,26.7345027923584,340364619
2020-12-29,27.417669495954392,27.873112947518788,25.778074822870714,25.869163513183594,430102451
2020-12-30,26.370149159076647,28.05528897214264,25.732530110252817,27.235490798950195,404419309
2020-12-31,27.64539182338834,28.37409958610442,26.187972792859902,26.461238861083984,441886499
2021-01-04,26.78004823380668,27.007769064756136,25.277085842405853,25.50480842590332,238603128
2021-01-05,25.686986485996908,26.279063857451366,25.595897794430698,25.914709091186523,147520139
2021-01-06,26.187970981619024,26.32460488255511,24.639465121330137,24.912731170654297,194015416
2021-01-07,25.322628793353733,25.64144005326653,24.32065505446545,25.140451431274414,144757402
2021-01-08,25.96025174687618,26.73450472464308,25.778074369454778,26.415695190429688,267046169
2021-01-11,26.3701507964694,26.415696018526596,25.77807517756312,25.914709091186523,121756410
2021-01-12,25.914704483122478,26.279059184599014,24.73055170332373,24.867185592651367,144335877
2021-01-13,25.231542587280273,25.686984252970596,25.003820001887085,25.231542587280273,74864256
2021-01-14,25.36817694178926,26.18797341333698,25.27708825022305,25.914709091186523,98216969
2021-01-15,26.187971949421403,26.32460585540693,25.049365997314453,25.049365997314453,98899770
2021-01-18,24.685011015613124,24.73055448214119,22.68106168486881,23.45531463623047,174801595
2021-01-19,23.728579700503335,24.457289154855832,23.54640233691521,24.22956657409668,103027861
2021-01-20,24.685011793115724,25.32263085988011,23.591947531437143,23.910757064819336,138194581
2021-01-21,24.320655611993608,25.322629373851193,24.275112146703723,24.593921661376953,146929446
2021-01-22,24.91273111084832,25.50480842590332,24.77609896278825,25.50480842590332,101062940
2021-01-25,25.732529802867266,26.279061911800348,25.003820324289826,26.233516693115234,165898147
2021-01-26,26.18797113675877,26.18797113675877,25.185997369182424,25.231542587280273,131254797
2021-01-27,25.45926383254776,25.73252988791749,25.140452558342382,25.322629928588867,72759003
2021-01-28,24.502832044059268,24.685009403369175,24.138477325439453,24.138477325439453,118141468
2021-01-29,24.593920512306987,25.049363906666805,24.092933654785156,24.092933654785156,87782016
2021-02-01,24.18402400534449,25.049365638169725,23.86521273098126,25.003820419311523,89002119
2021-02-02,25.27708590308651,25.595895417690688,24.867187705374278,24.912731170654297,101359145
2021-02-03,25.18599777717803,25.73252988791749,25.003820406931542,25.322629928588867,116696602
2021-02-04,25.277085125711395,25.686983310817556,25.140451228977366,25.41371726989746,61546768
2021-02-05,25.960251641206227,26.552327239141707,25.59589688784651,25.778074264526367,277738056
2021-02-17,26.780050150286147,27.599846602410256,26.233518013837983,26.461238861083984,206376875
2021-02-18,26.780048624674478,28.692909240722656,26.68895994045561,28.692909240722656,384287779
2021-02-19,28.328556322040036,28.37409979079854,27.14440335119306,27.736480712890625,280962773
2021-02-22,28.60181905328565,29.603794527032633,28.14637565612793,28.14637565612793,239226188
2021-02-23,28.055287694820414,29.05726144166672,27.690932967767946,28.875085830688477,170256824
2021-02-24,29.102808699098755,29.421619983894193,27.873112285361778,27.964200973510742,194949168
2021-02-25,28.692908880531434,28.875086246682237,28.00974288119191,28.647363662719727,124795591
2021-02-26,27.78202283510007,28.191921044252084,27.690934149449838,27.82756805419922,105162659
2021-03-02,28.510730783316905,28.783995072988134,27.18994578886476,27.281034469604492,102309256
2021-03-03,27.46321167038962,27.827566391216617,26.46123618811537,26.962223052978516,108714093
2021-03-04,26.506783562386715,26.597872250008916,25.595896686164718,25.73253059387207,138573855
2021-03-05,24.776099379812102,25.45926363670729,24.54837679248168,24.958276748657227,105227927
2021-03-08,25.59589600963221,25.59589600963221,24.593922224819572,24.68501091003418,74367405
2021-03-09,24.593921091749618,24.867187134803764,23.86521164360522,24.184022903442383,95883851
2021-03-10,24.685011491540994,24.867188866261777,24.411745429459817,24.457290649414062,60663950
2021-03-11,24.63946782865051,25.686986923217773,24.63946782865051,25.686986923217773,76426297
2021-03-12,26.09688691851676,26.27906430475004,25.550354759816916,25.686986923217773,89878334
2021-03-15,25.686983310817556,25.686983310817556,25.231541661832026,25.41371726989746,42942270
2021-03-16,25.686986923217773,25.914709532283478,25.5048112895327,25.686986923217773,40316216
2021-03-17,25.869162183013756,25.960250868642934,25.550352659585663,25.641441345214844,35551189
2021-03-18,25.778074264526367,26.18797248578199,25.686985576186437,25.778074264526367,45663322
2021-03-19,25.5048112895327,25.686986923217773,25.003822601117072,25.686986923217773,102186679
2021-03-22,25.595897242252324,25.869163311055807,25.23154423639582,25.823619842529297,52701174
2021-03-23,26.142429584122233,26.59787303568663,25.869163513183594,25.869163513183594,96970322
2021-03-24,25.686984039134074,26.09688398841031,25.413717990465926,25.50480842590332,56610653
2021-03-25,25.504809975735334,25.73253082052253,25.140453469489202,25.459264755249023,38709342
2021-03-26,25.686984375014237,26.55232599750449,25.64144090924803,26.50678253173828,117828843
2021-03-29,26.73450334846863,27.189946768577915,26.597871198709857,27.14440155029297,112370424
2021-03-30,27.37212299018287,27.599843814425764,26.643413548528873,26.962223052978516,75269581
2021-03-31,26.962224551740636,27.144401922280917,26.643415029569173,26.871137619018555,49799345
2021-04-01,27.41766829326733,28.46518730964152,27.189947453748275,27.873111724853516,253340848
2021-04-07,27.645390335932976,27.690933801912465,27.053314762911388,27.463212966918945,77792952
2021-04-08,27.599845237955755,28.41964340209961,27.417667868146008,28.41964340209961,104074832
2021-04-09,28.966173759522327,31.243389129638672,28.966173759522327,31.243389129638672,462153620
2021-04-12,31.425567604124673,33.520605678072734,31.243390227907614,31.74437713623047,549497837
2021-04-13,32.6097160874994,33.70278025398083,30.37804604308842,31.01566505432129,305259253
2021-04-14,31.972097760496652,32.33645249045463,29.421618155886804,31.698833465576172,259768888
2021-04-15,31.42556342900244,31.42556342900244,30.332499316921872,31.061208724975586,135181421
2021-04-16,31.471108685275162,32.65525972239471,31.425563470937092,32.60971450805664,195719167
2021-04-19,33.429512007986034,34.385944017004334,32.791893005371094,32.791893005371094,205894694
2021-04-20,32.88298345290717,33.93050238918598,32.47308351954733,33.42951202392578,130460682
2021-04-21,33.52060703031837,34.11268440318269,32.9285331625504,33.20179748535156,132802295
2021-04-22,33.611696605060736,33.65723832095178,30.104784690962628,31.197845458984375,208134124
2021-04-23,31.60774563218811,32.74635513330032,31.562200410920507,32.473087310791016,104002309
2021-04-26,33.61169320861552,34.97802165939808,33.520602775845525,34.067134857177734,207714880
2021-04-27,34.61366919214609,35.16020130906206,34.15822400883471,35.06911087036133,173298783
2021-04-28,35.29683351163027,35.43346566477727,33.97605018938229,34.1126823425293,152401778
2021-04-29,34.11268210393415,34.2493142561255,32.51863098144531,32.51863098144531,124671340
2021-05-03,32.42754156889547,32.42754156889547,30.514680862426758,30.514680862426758,118727299
2021-05-04,31.243387575354692,31.653287513316762,28.328553308446413,30.65131378173828,133318410
2021-05-05,30.83348833001706,31.06121091234429,28.60181999206543,28.60181999206543,108109860
2021-05-06,28.829541619814414,29.558251099354614,27.918656522937216,28.100833892822266,101896088
2021-05-07,29.785969835785835,30.8790340423584,29.6037959731198,30.8790340423584,110629369
2021-05-10,31.243390421414283,31.471113019370065,29.740429687137095,29.87706184387207,132204666
2021-05-11,28.6929096916024,29.057262681655267,27.32658115939697,27.82756805419922,112247695
2021-05-12,27.782023436549412,28.10083471950116,25.049366312979622,25.73253059387207,170844006
2021-05-13,25.049364067382317,27.144400189783262,24.502831990644015,26.27906036376953,124091809
2021-05-14,27.417669873206734,27.73648116996256,25.55035432492168,25.914709091186523,93506159
2021-05-17,23.54640275439136,25.550352036842625,23.364225387573242,23.364225387573242,102102149
2021-05-18,24.59392435836629,25.686986923217773,24.13848089278309,25.686986923217773,77965750
2021-05-19,26.37014729067797,27.053313262874823,25.277084889749307,26.27906036376953,131574899
2021-05-20,25.960252234530135,26.734505226841097,25.504810534969444,25.55035400390625,58780025
2021-05-21,26.370149408885002,26.55232678243134,25.86916250790662,26.32460594177246,47137426
2021-05-24,26.233517006485275,27.326581237408536,25.86916226284419,27.235490798950195,76869203
2021-05-25,27.827567804243735,29.922605802832773,27.508756531057543,29.057262420654297,242907540
2021-05-26,29.28498502058529,29.87706059595363,28.692909445216948,28.738452911376953,123442534
2021-05-27,28.692909456814228,29.011718977707257,28.055288662480116,28.41964340209961,80207878
2021-05-28,29.558250409997314,31.243388413311173,29.330529579225928,30.83348846435547,200806972
2021-05-31,31.197841227502416,31.7443732899332,30.423590101213986,31.106754302978516,146367815
2021-06-01,31.881009315278504,33.15625094972429,31.33448069132654,31.425567626953125,181486264
2021-06-02,32.38199820266969,32.60971728355026,30.423592375501194,30.8790340423584,118033796
2021-06-03,31.334480266902744,31.83546716880369,30.970125519139113,31.653289794921875,85972540
2021-06-04,31.56219671572359,31.60774193165891,30.651313427592562,30.924577713012695,78070724
2021-06-07,31.243386076989015,31.380021719820903,29.785967260881588,31.061208724975586,64676616
2021-06-08,31.698834753020204,31.83546690602974,30.651315738120164,30.696857452392578,58732573
2021-06-09,30.879032526605407,30.879032526605407,29.92260402162448,30.013690948486328,59035886
2021-06-10,30.15032961342455,30.8790356165252,30.05923917235182,30.514680862426758,56079382
2021-06-11,30.92458109618499,32.51863228244851,30.833490654348992,31.15230369567871,173363245
2021-06-15,31.744374098032807,32.063183599625916,31.380022885566323,31.881006240844727,87974598
2021-06-16,31.653287513316762,31.744374441143933,30.560223348815185,30.65131378173828,81317852
2021-06-17,30.332501478742085,31.38002395629883,30.01369196627073,31.380023956298828,61134043
2021-06-18,31.516660335944003,32.06318899922988,31.24339249920459,31.471115112304688,90280913
2021-06-21,31.061211004308927,31.152301439547916,30.104782464875623,30.150327682495117,85832645
2021-06-22,30.60577174838495,30.742403906883894,29.603797912597656,29.603797912597656,62932412
2021-06-23,29.740429638789738,30.833490395988836,29.42162010522766,30.514680862426758,82274163
2021-06-24,30.696856208736776,31.60774303372351,30.4691371313121,31.380023956298828,163378943
2021-06-25,31.88100618003322,33.06516076240016,31.38002282571042,31.51665496826172,280899730
2021-06-28,32.017643392329276,32.29090769078584,31.42556607221197,31.789920806884766,90236201
2021-06-29,32.245359760514994,32.38199540334688,31.061208724975586,31.061208724975586,80617847
2021-06-30,31.197845007579296,31.835467576887112,31.061212851690556,31.74437713623047,58670503
2021-07-01,31.744376400520487,31.744376400520487,30.879034759818733,30.970125198364258,58839872
2021-07-02,31.015665718082953,31.972097760496652,30.970124005660214,31.698833465576172,83696585
2021-07-05,31.972095906151992,32.70080532380365,31.881005476397636,32.06318283081055,90002520
2021-07-06,32.38199696934438,32.51862911368806,31.471110165226634,31.607742309570312,43445659
2021-07-07,31.425564596439703,31.972096672783266,31.334477669597053,31.881006240844727,54151308
2021-07-08,32.24536404455333,32.42754142077038,31.74437713623047,31.74437713623047,65193956
2021-07-09,31.881009978754484,32.928532543385685,31.789923041232285,32.15427780151367,197483509
2021-07-12,32.8829834666892,33.110702536343766,31.881006240844727,31.881006240844727,103669691
2021-07-13,32.70360547924064,35.03957855812713,32.47458754306596,34.856361389160156,517842631
2021-07-14,35.085379815155896,35.26859346164665,32.15396499633789,32.15396499633789,297634428
2021-07-15,32.42878478909837,32.88682068317488,31.787538767432302,32.24557113647461,93912916
2021-07-16,31.833340636945003,32.56619519161493,31.604322707352168,32.062355041503906,68716756
2021-07-19,31.69593461379103,31.7417353844865,30.779866324367177,31.14629364013672,108712996
2021-07-20,30.688257672444816,30.963079921247665,30.23022529115247,30.276029586791992,77699861
2021-07-21,30.734059759067264,30.825668343761926,29.26835236674205,29.40576171875,82255394
2021-07-22,30.047009599408426,30.77986417988845,29.680582309168415,30.413436889648438,76403514
2021-07-23,30.505042346835488,30.917273934980845,30.230223638094653,30.734060287475586,73508181
2021-07-26,31.100488125803608,31.466915427215515,30.87147018116263,30.917274475097656,62185118
2021-07-27,31.3295030370119,31.55852095947856,30.779862138112208,30.825666427612305,50697368
2021-07-28,30.505040697994303,30.64245356997146,28.35228309994274,29.31415557861328,102060840
2021-07-29,29.81799112664562,30.230222702026367,29.268351963666284,30.230222702026367,43648974
2021-07-30,30.505042733664574,32.2455706445188,30.41343767126737,31.329505920410156,163129216
2021-08-02,31.421112789492714,32.428786158973004,30.917276104752567,32.337181091308594,147274724
2021-08-03,31.421111675731808,31.787538983469684,30.77986564970764,31.100488662719727,120692789
2021-08-04,31.375308493143333,32.337181091308594,31.146294061465124,32.337181091308594,122255811
2021-08-05,32.47458878411511,32.841016085984386,31.87914706235318,32.79521179199219,144462317
2021-08-06,32.06235559119784,32.29137352471708,31.14629090718887,31.237895965576172,142818428
2021-08-09,31.146292957445517,31.741734688743893,30.73406135498185,31.100488662719727,63818923
2021-08-10,31.3295030370119,31.604321723944835,30.73405784861211,30.825666427612305,53303523
2021-08-11,30.459239923919892,30.459239923919892,28.71871212969784,29.17674446105957,147716569
2021-08-12,28.352285683652067,28.672910459932712,27.802646483274177,28.07746696472168,126710387
2021-08-13,27.344610913387722,27.482022028163243,26.107919692993164,26.107919692993164,158754076
2021-08-16,26.107921288207844,26.794971616513692,25.970511927553527,26.657562255859375,90976318
2021-08-17,26.657562255859375,26.657562255859375,26.657562255859375,26.657562255859375,0
2021-08-18,26.062117525966137,27.573627471923828,25.97051070234594,27.573627471923828,67292506
2021-08-19,27.161396425896438,27.573626232397704,26.336935050376937,26.474346160888672,48908740
2021-08-20,26.611757032452207,26.794970681945838,25.970511021741572,26.016313552856445,38640137
2021-08-23,26.47434777326687,27.298807436481813,26.428545241984743,27.023988723754883,35900002
2021-08-24,27.482021175412505,27.619430523407274,26.42854363239607,26.474346160888672,42928292
2021-08-25,26.657561950031166,27.43621909734581,26.61175765532713,27.207202911376953,39161543
2021-08-26,27.390414412583965,27.573628063756807,26.70336410194434,26.749168395996094,40016845
2021-08-27,26.74916771145868,27.02398818118502,26.47434724173234,26.7033634185791,30410759
2021-08-30,26.93238175374752,27.25300475854835,26.749168104570742,27.16139793395996,25373972
2021-08-31,27.16139808011835,27.298807436481813,26.749168248510877,27.023988723754883,32512827
2021-09-01,27.11559321600901,28.123268270709723,26.978183862535616,27.985858917236328,64790276
2021-09-02,27.848448088914218,28.1690710920088,27.43621826171875,27.43621826171875,52353469
2021-09-03,27.802645131518744,28.35228430517336,27.66523401621732,28.260679244995117,81021109
2021-09-06,28.26067813855388,28.947726638094075,27.665232933088514,27.756839752197266,66937041
2021-09-07,27.848446709643223,27.94005352920703,27.29880579226037,27.619430541992188,28661424
2021-09-08,27.665234481582313,27.665234481582313,26.291133880556085,26.428544998168945,52271046
2021-09-09,26.01631430950735,27.161398770887306,25.97051177706037,26.932382583618164,32641887
2021-09-10,27.069790823271266,27.66523429554403,26.749167821859096,27.573627471923828,34904308
2021-09-13,27.48202339204985,27.665235283314665,27.207202911376953,27.207202911376953,19252296
2021-09-14,27.48202354808465,27.75684226780077,26.88657828865406,26.932382583618164,22679855
2021-09-15,26.932380258399505,26.932380258399505,26.42854363239607,26.474346160888672,20171072
2021-09-16,26.611756884184192,26.703363708420618,26.245331349755553,26.291133880615234,15496532
2021-09-17,26.016314703625387,26.245332656881015,25.28346007323481,25.37506866455078,74072550
2021-09-22,24.688016051830488,25.283459545331763,24.000965731443085,25.054443359375,53262830
2021-09-23,25.32926274460127,25.46667209772927,24.59640992372355,24.68801498413086,35730533
2021-09-24,25.008640827190494,25.191854480962746,24.73382034653211,25.054443359375,22116783
2021-09-27,25.19185432889262,25.558279871708102,25.146050034467496,25.32926368713379,24124175
2021-09-28,25.191852008293854,25.191852008293854,24.7796204465097,24.871227264404297,17827996
2021-09-29,24.184179309634874,24.27578613623471,23.90935882983536,24.046768188476562,42341007
2021-09-30,24.184178622171185,24.733819566146025,24.13837609143181,24.275785446166992,31005477
2021-10-01,24.13837457356596,24.18417710142519,23.313913209447364,23.451322555541992,37878291
2021-10-04,23.634537161120146,24.184178093069946,22.901684347704098,22.947486877441406,31001367
2021-10-05,22.48945315792416,23.634537571440955,22.39784809685918,23.542932510375977,30155350
2021-10-06,23.817752712817164,23.86355524283369,22.581061489649564,22.672666549682617,27490026
2021-10-07,22.901684215441005,23.542931965679067,22.855879923451212,23.359718322753906,20271924
2021-10-08,23.63453757050978,24.138375981449595,23.268110276196115,23.405521392822266,24993245
2021-10-12,23.084897991687363,23.31391416540794,22.626863881729196,22.947486877441406,24652594
2021-10-13,22.993291751359177,23.130701106564175,21.75660050444594,21.98561668395996,45914502
2021-10-14,22.39784771121793,23.176504816999877,22.39784771121793,23.084897994995117,43751723
2021-10-15,23.72614493770176,23.817753525896162,23.2681108093152,23.588735580444336,32373312
2021-10-18,23.588734495151854,23.771948138077015,23.130700387838953,23.359718322753906,19059113
2021-10-19,22.810079043134298,22.85588157591858,21.985617590362974,22.62686538696289,80887821
2021-10-20,22.53525719955632,23.03909384237782,22.39784784697483,22.810077667236328,36389398
2021-10-21,22.626865232342553,23.313915557031805,22.535258404882846,22.90168571472168,28377420
2021-10-22,22.90168503013703,23.26811056650543,22.718471380694297,22.9932918548584,29766305
2021-10-25,22.947487275834288,23.542932510375977,22.810077921719774,23.542932510375977,19231987
2021-10-26,23.771949618777207,24.092572632608604,23.680342791608645,23.909358978271484,40319541
2021-10-27,23.72614411086907,23.955162048339844,23.359718583446476,23.955162048339844,30703009
2021-10-28,23.863555225854938,24.41319616076437,23.72614411086907,23.955162048339844,34136676
2021-10-29,24.138375550775418,24.45899854632083,23.909357614656965,24.092571258544922,29300467
2021-11-01,24.367392416064153,24.45899924060846,24.000965117886917,24.138376235961914,20704873
2021-11-02,24.321589885578778,24.962835894885796,24.000965118408203,24.000965118408203,45029381
2021-11-03,24.13837567274493,24.96283531188965,24.13837567274493,24.96283531188965,47323623
2021-11-04,25.054443273648356,25.10024756819325,24.321590423583984,24.321590423583984,39284424
2021-11-05,24.825426935101046,24.87122946684586,24.458999631074132,24.596410751342773,28032286
2021-11-08,24.779622878716616,25.283459545331763,24.688016051830488,25.054443359375,31759581
2021-11-09,25.46667342431919,25.833100735104214,25.420870891729628,25.78729820251465,37331088
2021-11-10,25.833099367260957,26.01631301295244,25.329262722867888,25.970510482788086,39662369
2021-11-11,25.558278898723728,26.199526658643926,25.42086954571363,25.970510482788086,45007751
2021-11-12,26.3827409494875,27.43621855671631,26.336936655686035,26.886577606201172,90862758
2021-11-15,27.665233070515605,27.94005352920703,27.39041261182418,27.619430541992188,71238340
2021-11-16,27.619432156429976,28.169071343423898,27.52782533151148,28.031661987304688,60959361
2021-11-17,28.398087485958527,28.81031729068943,27.52782358568387,27.756839752197266,67471991
2021-11-18,27.89425209408172,28.306481917018942,27.665234154936673,27.985858917236328,41617106
2021-11-19,28.30648307155142,28.352285603738345,27.023989257595026,27.207202911376953,47885091
2021-11-22,28.07746505339481,29.130940850120947,27.985858232481625,29.08513832092285,145569034
2021-11-23,28.993531777970443,29.497370179081756,28.398088317584726,28.672908782958984,91514197
2021-11-24,28.764516832702316,28.901926189996917,27.940055401383436,28.627105712890625,44264889
2021-11-25,28.993531774304458,29.039336066452883,28.398088313994027,28.535497665405273,35730810
2021-11-26,28.5354969751133,28.5354969751133,27.527823722428376,27.619430541992188,59172399
2021-11-29,26.97818424190168,28.48969596394904,26.8865774174589,28.306482315063477,50650131
2021-11-30,28.901924546221498,30.092813212617862,28.810317725729472,29.35995864868164,133926569
2021-12-01,29.176747283116843,29.909601904206507,28.856124267648678,29.680583953857422,74628575
2021-12-02,29.77219035903024,30.367632051190448,28.947727208294577,29.08513832092285,97174828
2021-12-03,29.405763995133572,30.00120750412469,29.35996146175756,29.863798141479492,49248606
2021-12-06,29.58897657554335,29.58897657554335,28.85612201174649,29.22254753112793,49505637
2021-12-07,29.314159025797736,29.405764092854184,28.581304389208857,28.856124877929688,45917480
2021-12-08,29.31415833251022,29.451567692362286,28.76451736806771,28.810319900512695,33303847
2021-12-09,29.039337307529056,29.22254919640178,28.581303179054522,28.764516830444336,21246581
2021-12-10,28.718713906314527,28.764516437277383,28.214875490620695,28.306482315063477,26401802
2021-12-13,28.260681159399823,28.672911008194873,28.077467501598214,28.12327003479004,17378250
2021-12-14,27.80264679977295,28.031662988994377,27.34461265881296,27.39041519165039,27752146
2021-12-15,27.4820226579555,28.352284846397726,27.4820226579555,28.169071197509766,19258742
2021-12-16,28.53549918699415,28.71871460284037,28.123269348262202,28.214876174926758,24145568
2021-12-17,28.169070801028507,28.352284447337727,27.848447801245893,27.985858917236328,15223389
2021-12-20,27.80264527092711,28.489695563328162,27.711038447772495,27.985858917236328,14167752
2021-12-21,28.535499037501122,28.947728874073466,28.260680321464292,28.352285385131836,44380046
2021-12-22,29.130942372993616,29.588978264021193,28.627105712890625,28.627105712890625,56851745
2021-12-23,29.130942915178927,29.17674721014103,28.672910540660627,28.810319900512695,20862166
2021-12-24,29.176745826914413,29.451566296106833,28.947727887995544,28.993532180786133,47520184
2021-12-27,29.268353490507778,29.268353490507778,28.764516830444336,28.764516830444336,24120409
2021-12-28,28.947729110717773,29.222549591518327,28.810319751576053,28.947729110717773,19280504
2021-12-29,29.085139003850273,29.176745826914413,28.947727887995544,28.993532180786133,12594020
2021-12-30,29.314158823806157,31.192094410832183,29.176747699134,31.14629364013672,231350269
2022-01-03,30.87146911107521,30.87146911107521,29.22254807439472,29.40576171875,123038128
2022-01-04,29.588978109546204,29.68058317225297,28.947728570462196,29.039337158203125,47562443
2022-01-05,29.17674542155328,29.497370179081756,28.672908782958984,28.672908782958984,46257915
2022-01-06,28.443892510801234,28.443892510801234,27.8484490155902,28.07746696472168,45169928
2022-01-07,28.214873847741025,28.398087485958527,27.61943040479262,27.756839752197266,33183407
2022-01-10,27.527826001826675,28.21487632418687,27.390414879844364,28.07746696472168,22617199
2022-01-11,27.894251140633994,28.123267309434045,27.390412749246714,27.48202133178711,26353055
2022-01-12,27.66523429554403,27.84844794278442,27.02398829271969,27.573627471923828,33022148
2022-01-13,27.71103858861265,27.84844794278442,27.48202241082068,27.573627471923828,14297172
2022-01-14,27.527825924236776,27.5736284564237,26.840775603813096,27.207202911376953,26223285
2022-01-17,27.25300485675598,28.077466281022474,27.20720232555527,28.031661987304688,20558912
2022-01-18,28.077464508018608,28.443890022036907,27.894250869750977,27.894250869750977,28929461
2022-01-19,27.619430412349526,28.16906956463546,27.57362612152414,27.894250869750977,19336597
2022-01-20,27.802645662250903,28.26067978447081,27.711038837806925,28.169071197509766,13649025
2022-01-21,27.894251140633994,28.077464780680824,27.390412749246714,27.48202133178711,20825825
2022-01-24,27.115593786319142,27.207202373917553,26.565954598348206,27.023988723754883,15512466
2022-01-25,26.840774252225888,27.34461089349657,26.79496995982836,27.11559295654297,19505583
2022-01-26,27.11559349610711,28.123268561216882,27.11559349610711,27.43621826171875,29556619
2022-02-07,27.848447799682617,27.940054622832086,27.344611153619066,27.848447799682617,19197361
2022-02-08,27.94005328884559,29.588976026808865,27.8942507607162,29.17674446105957,67732777
2022-02-09,29.588976847200247,29.955400607428842,29.40576144205194,29.817991256713867,54496592
2022-02-10,29.955402074963974,30.688256681392218,29.955402074963974,30.505043029785156,92394639
2022-02-11,30.276030267539564,30.642457590826172,30.13862090256568,30.321834564208984,41388936
2022-02-14,29.863795829638196,29.863795829638196,28.398088437312982,29.40576171875,82462755
2022-02-15,29.680580953499476,30.047008227002816,29.31415544251308,29.45156478881836,33385105
2022-02-16,30.2302252164579,31.14629350181342,30.18442092093155,31.008880615234375,99054697
2022-02-17,31.19209113909185,33.39065480310163,31.19209113909185,32.062355041503906,249973268
2022-02-18,32.062357327402474,33.34485288951088,31.8333429065159,32.93262481689453,161341000
2022-02-21,32.61199889659543,32.6578031916488,31.60432555562677,31.833343505859375,87827156
2022-02-22,31.329509055990382,31.37530982925583,30.367636416863927,31.28370475769043,70205441
2022-02-23,31.92494925427584,32.245572276443774,31.329507505973766,31.879148483276367,58493338
2022-02-24,30.688256434705924,31.054683734974535,29.909601065410737,30.04701042175293,66985646
2022-02-25,30.688255044089647,30.963077269354812,30.09281335191078,30.230222702026367,34146223
2022-03-01,30.917275686522178,31.28370300229172,30.688257732907637,31.14629364013672,31788114
2022-03-02,30.779865118326732,31.05468383186858,30.321832754078933,30.917274475097656,18730437
2022-03-03,31.787537988957183,32.06235669864543,31.329505631132065,31.604324340820312,38144121
2022-03-04,31.100489206287072,31.695934473026732,30.91727554921597,31.008880615234375,22443919
2022-03-07,30.413437874678156,30.45924216870018,29.314157730871692,29.63477897644043,32494035
2022-03-08,29.314156535498917,30.18441869874188,28.672908782958984,28.672908782958984,32833289
2022-03-09,29.314156254464315,29.405761312860502,28.856122149898386,29.08513832092285,20329320
2022-03-10,30.230224314891657,30.825669563873152,29.909601305837846,30.505043029785156,33372177
2022-03-11,30.04700760624595,30.96307577107877,30.001203316745855,30.825666427612305,29496778
2022-03-14,31.375306689091687,31.60432463263592,30.87147003332169,31.329505920410156,24386191
2022-03-15,31.283703485102517,31.283703485102517,30.32183441013838,30.459243774414062,21146332
2022-03-16,30.96307882370882,31.054683886706474,29.5889782035048,29.90960121154785,24568768
2022-03-17,31.100490594731994,32.062359693521095,30.82567185937352,31.970754623413086,73715160
2022-03-18,31.970752413817987,32.97842574053497,31.650129403047508,32.52039337158203,89308886
2022-03-21,32.978424790742,33.16163843805338,31.8791464319078,32.01655578613281,36247505
2022-03-22,32.0623580944244,32.108162389711154,31.10048904360811,31.421112060546875,26729482
2022-03-23,31.970754623413082,32.65780498684371,31.741736660591393,31.970754623413086,66270045
2022-03-24,31.329504413904086,31.51271805492266,29.359958654212928,29.49736976623535,166607262
2022-03-25,29.31415611969412,29.588976581170204,28.85612201723398,29.35995864868164,64888670
2022-03-28,29.085141610546476,29.176748441820692,28.672911751071112,28.901927947998047,29218225
2022-03-29,29.085137642283833,29.497369208033128,28.947726532861747,29.17674446105957,28418988
2022-03-30,29.680583726185915,29.72638802091123,28.90192657850957,28.947729110717773,27926520
2022-03-31,29.13094182416248,29.268352941385327,28.489695818846055,28.581302642822266,34297664
2022-04-01,28.260678976453864,28.260678976453864,27.34461075820587,27.52782440185547,88923436
2022-04-06,27.29880758699754,27.344611881049296,26.520150450771496,26.749168395996094,91660341
2022-04-07,26.840773572845173,27.20720085268248,26.153723304408707,26.199525833129883,63444563
2022-04-08,26.56595311296719,26.657559932926517,26.107919013170555,26.199525833129883,30566130
2022-04-11,26.428545295866964,26.520150358617986,25.55827957456145,25.741493225097656,36869745
2022-04-12,25.649887914883934,25.741492976751175,24.642212846656566,25.14604949951172,90765091
2022-04-13,25.51247570024844,26.062116622924805,25.375066350837844,26.062116622924805,41500840
2022-04-14,26.10791843459176,26.10791843459176,24.8712272738057,25.008638381958008,80076668
2022-04-15,24.82542678700811,25.237656620320735,24.596410604616004,24.73381996154785,47038179
2022-04-18,24.550605492317292,25.100246426758453,24.27578502509671,24.96283531188965,26560883
2022-04-19,25.283460233030418,25.466673891786,25.054444040844515,25.100248336791992,26370508
2022-04-20,25.512477041601713,25.924706874024036,25.37506768496663,25.878904342651367,44947450
2022-04-21,26.199526515337833,26.199526515337833,25.649887343786826,26.107919692993164,38129423
2022-04-22,25.46667274929335,26.01631370090196,25.375067686542327,25.741493225097656,32317470
2022-04-25,25.054442969400213,25.146049794860474,24.64221313608759,24.73381996154785,29924322
2022-04-26,25.054442275828237,25.054442275828237,24.458998808078515,24.68801498413086,16137322
2022-04-27,23.909357617991486,24.2757849058185,23.40552097848785,24.229982376098633,34619908
2022-04-28,24.27578449332512,24.91703223612633,24.046766561066192,24.779621124267578,22146622
2022-04-29,25.28345830905515,25.55827877627573,24.87122848948279,24.96283531188965,24735096
2022-05-03,24.917034000304366,25.191854480962746,24.871229705602744,25.054443359375,10796822
2022-05-04,25.191853249165312,25.375066893979035,24.68801484466907,24.96283531188965,23814969
2022-05-05,25.466672747711964,25.97051116791378,25.329263391076886,25.878904342651367,41343358
2022-05-06,25.420871046501865,25.64988899839542,25.008641200617465,25.51247787475586,28612692
2022-05-09,25.146048411615574,25.420868872878906,24.871227950352242,24.91703224182129,17042933
2022-05-10,24.4131965268363,25.329263002904593,24.4131965268363,25.283458709716797,24456328
2022-05-11,25.283458709716797,25.420869826763127,25.008640000658247,25.283458709716797,16055202
2022-05-12,25.100246426758453,25.46667195386887,24.82542595953787,24.96283531188965,22311537
2022-05-13,25.329263539896452,25.512477191497734,25.05444306249453,25.466672897338867,18862747
2022-05-16,25.878903800434824,26.062117447120947,25.466672214132526,25.558279037475586,29332588
2022-05-17,25.787296161586625,26.062116622924805,25.649886812176028,26.062116622924805,22662485
2022-05-18,26.33693679959865,26.93238204716894,26.291134268063985,26.749168395996094,58697166
2022-05-19,26.107919950156802,26.840774536132812,25.97051059654482,26.840774536132812,36641849
2022-05-20,26.9323827453902,26.978185278112296,26.474348605583565,26.520151138305664,24759971
2022-05-23,26.611756884184192,26.74916800179736,26.016313407905958,26.291133880615234,20984767
2022-05-24,26.520150356971186,26.520150356971186,25.649888160753875,25.878904342651367,22690195
2022-05-25,26.107919692993164,26.291133337682506,25.649887343786826,26.107919692993164,24585420
2022-05-26,26.520150356971186,26.520150356971186,25.878904342651367,25.878904342651367,16040839
2022-05-27,26.199526515337833,26.33693586759633,26.06211716307934,26.107919692993164,11678780
2022-05-30,26.56595542791745,26.70336478857177,26.428546067263134,26.657562255859375,20638160
2022-05-31,26.565954066391807,26.840774536132812,26.382740419897804,26.840774536132812,25070832
2022-06-01,26.657562261506218,26.749169089467546,26.474348605583565,26.520151138305664,15821860
2022-06-02,26.42854363239607,26.749166619395172,26.24532999339174,26.474346160888672,16637854
2022-06-06,26.520151132687925,26.749169083801295,26.107921288207844,26.657562255859375,18544808
2022-06-07,26.65756103211062,26.749167855847215,26.428544854027656,26.565954208374023,12437901
2022-06-08,26.657560486335186,26.749167308196263,26.382740020751953,26.382740020751953,11949848
2022-06-09,26.24533080776868,26.38274016002718,26.107919692993164,26.107919692993164,9876230
2022-06-10,25.878905187771835,25.878905187771835,25.420871046501865,25.51247787475586,23735263
2022-06-13,24.917032371812883,24.917032371812883,24.458998267317778,24.50480079650879,25917196
2022-06-14,24.229981969921454,25.05444159119446,24.184177678452404,24.91703224182129,16986679
2022-06-15,25.0086405871145,25.0086405871145,24.55060645708086,24.596410751342773,21927428
2022-06-16,25.157401577134312,25.20495723010697,24.158712734944285,24.206270217895508,28555630
2022-06-17,23.778261502295184,23.920930288078146,23.064912083444796,23.540477752685547,29752527
2022-06-20,23.683149297166732,23.683149297166732,22.446678508653367,22.49423599243164,24122308
2022-06-21,22.779573678186534,23.112468719482422,22.351565506523468,23.112468719482422,20108894
2022-06-22,23.01735586034,23.01735586034,21.685773849487305,21.685773849487305,23929491
2022-06-23,21.923557011494665,22.54179148637789,21.590661947321834,21.876001358032227,22926936
2022-06-24,22.351565373234685,22.399121023145455,21.875999724234735,21.923555374145508,14098377
2022-06-27,22.399121575068243,22.63690349043803,22.256450961863578,22.58934783935547,12632690
2022-06-28,22.541790799271375,22.541790799271375,21.923556343232836,22.066226959228516,11169997
2022-06-29,21.78088909891445,22.208897317239785,21.685775958177857,22.0186710357666,10192192
2022-06-30,21.685774667728715,21.685774667728715,20.354190776654598,20.639530181884766,47394521
2022-07-01,20.35419017475281,20.829755836073282,18.927495020769886,19.070165634155273,58173425
2022-07-04,19.02260815303398,19.640844427739843,18.689713105098896,19.070165634155273,41257991
2022-07-05,19.117720331189933,19.355504064972344,18.214146534764943,18.642154693603516,55152523
2022-07-06,18.30926178901411,18.689714343275114,17.78614044189453,17.78614044189453,54486925
2022-07-07,17.92880808642657,18.832381929933938,17.833694953953245,18.784826278686523,43950117
2022-07-08,18.975053651254214,19.49817499540416,18.689714237178258,19.260391235351562,29949318
2022-07-11,19.355505261376983,19.498174046482365,18.975052727791276,19.403060913085938,16559461
2022-07-12,19.07016726154662,19.07016726154662,18.594601559642783,18.73727035522461,19986027
2022-07-13,19.45061928305879,19.783514350159923,19.3079486614593,19.545730590820312,23281199
2022-07-14,19.260392050984198,19.97374153137207,19.022610110840695,19.97374153137207,19442874
2022-07-15,19.973738965549877,20.25907835505465,19.6883995760451,20.163965225219727,15820575
2022-07-18,20.211522992107728,20.73464434600245,20.0688541974014,20.496862411499023,24284804
2022-07-19,20.306634812196858,20.924869265710235,20.211521678581068,20.8773136138916,17381758
2022-07-20,21.35287915811845,21.590661075789473,21.06753975892612,21.16265106201172,22682572
2022-07-21,21.210208798514607,21.780887603759766,21.11509566430708,21.780887603759766,17456477
2022-07-22,21.7808878245784,22.25645167045886,21.543105901638175,22.11378288269043,25822839
2022-07-25,22.06622728068563,22.1613404160755,21.685774739126153,21.82844352722168,13226689
2022-07-26,21.638218607486163,21.780889234468294,21.30532352782564,21.4479923248291,16367116
2022-07-27,21.59066288374417,22.06622858888755,21.162652834125794,21.73333168029785,20178371
2022-07-28,21.92355706758805,21.97111455115075,21.495548865416655,21.590662002563477,11266243
2022-07-29,21.828444754293415,22.066228521124227,21.733331613556825,22.0186710357666,15782169
2022-08-01,21.971115447858875,21.971115447858875,21.447992257211823,21.73333168029785,10204640
2022-08-02,21.400436194716928,21.400436194716928,20.877314843996686,21.067541122436523,16900720
2022-08-03,21.115095758191835,21.400435162083127,21.019982623561404,21.210208892822266,9131987
2022-08-04,21.210208543533028,21.400434809661252,20.924869144340697,21.16265106201172,9387852
2022-08-05,21.68577569357651,22.25645270105423,21.68577569357651,21.971115112304688,26668662
2022-08-08,21.733329262365807,21.78088674257849,21.16265047968437,21.35287857055664,19539948
2022-08-09,21.01998116715088,21.067538646160255,20.0212942377166,20.40174674987793,35973375
2022-08-10,19.926182460997723,20.06885307772283,19.7359561920166,19.7359561920166,27543738
2022-08-11,20.163967745119564,20.496862826154622,19.97374146167705,20.25908088684082,21257377
2022-08-12,20.211522592602627,20.782201420105064,20.211522592602627,20.734643936157227,14658266
2022-08-15,20.972426048769016,21.35287857055664,20.972426048769016,21.35287857055664,14534520
2022-08-16,21.35287888313717,21.4955476659068,21.115095138549805,21.115095138549805,13957860
2022-08-17,21.01998169900324,21.35287857055664,20.877312918322108,21.35287857055664,11921631
2022-08-18,21.210209240548654,21.257766723632812,20.92486983197942,21.257766723632812,10695632
2022-08-19,21.305320978843998,21.828442278575032,21.257765328858653,21.638216018676758,14331346
2022-08-22,21.3053223767384,21.44799116603373,21.115096104358912,21.257766723632812,7291115
2022-08-23,21.11509677705717,21.210209916277087,20.877314843996686,21.067541122436523,7415725
2022-08-24,21.16265186610686,21.21020934943516,20.59197487601729,20.687088012695312,14583770
2022-08-25,20.82975669578968,21.400435512928144,20.734643559599935,21.257766723632812,11367624
2022-08-26,21.59066138270719,21.780887651539533,21.400435113874842,21.495548248291016,14615789
2022-08-29,20.82975680272306,20.877314286051362,20.544417392688985,20.687088012695312,15322850
2022-08-30,20.68708862746323,20.82975742173073,20.59197548795868,20.782201766967773,11100697
2022-08-31,20.68708696026243,21.115095138549805,20.639529479353563,21.115095138549805,10039320
2022-09-01,20.82975645203821,20.82975645203821,20.59197452933568,20.639530181884766,12473071
2022-09-02,20.78219965415752,20.78219965415752,20.163965225219727,20.163965225219727,14104360
2022-09-05,20.163967815478347,20.211523471515573,19.831070903303022,19.97374153137207,8290147
2022-09-06,20.16396662233405,20.21152227555731,19.403061530933304,19.4981746673584,16243676
2022-09-07,19.355505261376983,19.68840031327522,19.212834646293086,19.403060913085938,9842411
2022-09-08,19.6883995760451,20.25907835505465,19.498173316375247,20.163965225219727,13641654
2022-09-12,20.40174764428644,20.782200173126736,20.40174764428644,20.544416427612305,11300865
2022-09-13,20.63953120620535,20.73464434600245,20.401749271701927,20.496862411499023,7039812
2022-09-14,19.878627980676907,20.306636196128185,19.73595735554072,20.211523056030273,10952954
2022-09-15,20.25908088684082,20.54441848202591,20.068854603398307,20.25908088684082,8739183
2022-09-16,20.02129725929521,20.02129725929521,19.68840217590332,19.68840217590332,17863761
2022-09-19,19.831070004040686,19.831070004040686,19.403061799199424,19.545730590820312,5554573
2022-09-20,19.688400940208584,19.87862721305877,19.403061530933304,19.4981746673584,8077416
2022-09-21,19.450618121685054,19.593286904787355,19.30794750860426,19.355504989624023,7065922
2022-09-22,19.21283504111395,19.307948176464937,18.975053117725757,19.165279388427734,7726008
2022-09-23,19.212834691236104,19.40306095847394,19.07016590579699,19.117721557617188,6815718
2022-09-26,18.92749486620783,18.92749486620783,18.071478512799708,18.16659164428711,16989050
2022-09-27,18.07147908162229,18.64215605853099,18.07147908162229,18.54704475402832,12194546
2022-09-28,18.73726934544846,18.832382480703455,17.69102668762207,17.69102668762207,19297395
2022-09-29,18.166591260242793,19.165278204758874,17.976363171310965,18.404373168945312,30434250
2022-09-30,18.071478700125812,18.784826278686523,18.071478700125812,18.784826278686523,17890914
2022-10-03,18.547045904441728,18.927496635986145,18.40437527888125,18.73727035522461,8058830
2022-10-04,19.21283499114813,19.498174396459024,19.070166203481957,19.450618743896484,13732921
2022-10-05,19.783512774612973,19.878625904778346,19.355504603858023,19.593286514282227,19233283
2022-10-06,19.640845014103746,19.640845014103746,19.21283499114813,19.450618743896484,12543502
2022-10-07,19.26039096524609,19.450619068607594,19.070166521841745,19.21283531188965,8406979
2022-10-11,18.642156796874275,18.78482741923598,18.07147979736328,18.07147979736328,16795980
2022-10-12,18.451929789568577,18.68971354076086,18.119034733873626,18.54704475402832,17439486
2022-10-13,18.26170330877886,18.356818272135314,17.595913205111813,17.643468856811523,16720622
2022-10-14,18.21414813401634,18.737269466303662,18.023921862279394,18.594600677490234,16387337
2022-10-17,18.16659269067258,18.97505343989312,18.071479553706716,18.9274959564209,14274385
2022-10-18,19.117722069662292,19.78351402282715,18.927495797329478,19.78351402282715,25056853
2022-10-19,19.640845617431438,19.735956925478153,19.260391235351562,19.260391235351562,17273137
2022-10-20,18.832382712382742,19.4981746673584,18.40437451345911,19.4981746673584,25442556
2022-10-21,19.260390068704968,19.498173814354452,18.97505250189118,19.070165634155273,8616590
2022-10-24,19.640845970219505,19.878627904564528,19.30794906616211,19.30794906616211,12757198
2022-10-25,19.307948228195894,19.450618846593905,18.832382550166795,18.879940032958984,15732808
2022-10-26,19.070165075282176,19.070165075282176,18.309260039468615,18.404373168945312,16678612
2022-10-27,18.451929666755838,18.975052817909926,18.451929666755838,18.832382202148438,12221862
2022-10-28,18.547044724173787,18.68971351067668,18.21414783903615,18.261703491210938,9531585
2022-10-31,18.64215605853099,18.784826675242066,18.451929789568577,18.54704475402832,10236383
2022-11-01,18.499487490535703,19.022608821378434,18.451930007743513,18.879940032958984,7061337
2022-11-02,18.927495290379355,19.260390343056304,18.784826504940238,19.117721557617188,8272128
2022-11-03,18.784826847023783,19.21283504111395,18.737269364359012,19.165279388427734,5989596
2022-11-04,18.92749590181526,19.21283531188965,18.832382765123796,19.21283531188965,10347882
2022-11-07,19.3079486614593,19.688401212419798,19.212835523719175,19.545730590820312,18286828
2022-11-08,19.878626580068072,19.92618223177703,19.355505261376983,19.403060913085938,14877510
2022-11-09,19.688402105212656,19.97374153137207,19.498175821106383,19.97374153137207,21840425
2022-11-10,19.688400834635583,20.116409031264155,19.640845181667327,20.0688533782959,13078300
2022-11-11,21.40043625875801,21.447991913520966,20.68708862746323,20.782201766967773,42948630
2022-11-14,20.78220114937334,20.877314286051362,20.25907981263349,20.687088012695312,28447994
2022-11-15,20.63953074101257,21.115096429279326,20.591975087175197,21.019983291625977,22267337
2022-11-16,21.067540105865888,21.49554829671356,20.877313836605026,21.210208892822266,28752525
2022-11-17,20.924870561235277,21.067541185481414,20.496862348454133,20.782201766967773,22468208
2022-11-18,20.782200132059238,21.16265083016923,20.639529519036813,20.829755783081055,22074491
2022-11-21,20.972425518119923,20.972425518119923,20.354189270868556,20.40174674987793,13148650
2022-11-22,20.44930648803711,20.49686214232181,20.11640958812975,20.44930648803711,9778124
2022-11-23,20.63953120620535,20.73464434600245,20.449306756589795,20.496862411499023,7545646
2022-11-24,20.639529519036813,20.829755783081055,20.544416387014692,20.829755783081055,8954978
2022-11-25,20.782200526073634,20.924869311822462,20.544416776520894,20.59197425842285,8382235
2022-11-28,20.44930551900469,20.544416823067046,20.259079250922923,20.3066349029541,9369362
2022-11-29,20.354191851187817,20.354191851187817,19.878627980676907,20.211523056030273,14290552
2022-11-30,20.11640774531304,20.25907835505465,20.021294615478116,20.163965225219727,19197637
2022-12-01,20.544416731247075,21.257766148354765,20.544416731247075,20.8773136138916,36857100
2022-12-02,20.782200750066988,21.115095807054583,20.782200750066988,20.924869537353516,15736291
2022-12-05,20.9724276377886,21.352880188402004,20.924870153972623,21.019983291625977,14364152
2022-12-06,20.924868433920683,20.924868433920683,20.163965225219727,20.163965225219727,25492953
2022-12-07,20.116409031264155,20.354190956062567,19.97374024238082,20.0688533782959,18523398
2022-12-08,20.021295948253883,20.021295948253883,19.64084523356682,19.78351402282715,16485925
2022-12-09,19.926184116900572,19.973741603087237,19.68840217590332,19.68840217590332,13607452
2022-12-12,19.59328674864149,19.92618179321289,19.450617966676166,19.92618179321289,7425055
2022-12-13,19.926181910705886,20.06885252349093,19.54572938325042,19.640844345092773,12523608
2022-12-14,19.783514236568074,20.211522438951825,19.783514236568074,20.116409301757812,14497015
2022-12-15,19.97374024238082,20.211522167179233,19.97374024238082,20.0688533782959,6236985
2022-12-16,19.878627430009928,20.021296221215337,19.735956808825925,19.831069946289062,14066234
2022-12-19,19.688402105212656,20.068854673425207,19.545731477143608,19.97374153137207,8992036
2022-12-20,20.163965697153536,20.163965697153536,19.30794750860426,19.355504989624023,13903826
2022-12-21,19.498173814354452,19.545729465497253,19.02260815303398,19.070165634155273,11403447
2022-12-22,19.30794906616211,19.403062205895846,19.212835926428372,19.30794906616211,6707588
2022-12-23,19.02260842399827,19.117721557617188,18.784826504940238,19.117721557617188,9589525
2022-12-26,19.16528033576128,19.16528033576128,19.02260971069336,19.02260971069336,4414797
2022-12-27,19.070165634155273,19.260390068704968,19.02260815303398,19.070165634155273,4876833
2022-12-28,19.02260823801811,19.02260823801811,18.451929441884012,18.499486923217773,17869469
2022-12-29,18.30926065783974,18.642155707262045,18.16659187379547,18.499486923217773,8522638
2022-12-30,18.68971217235136,18.784825299868643,18.594599044834077,18.642154693603516,6767509
2023-01-03,18.499486881266538,18.784826278686523,18.404373748793212,18.784826278686523,6253915
2023-01-04,18.784826278686523,18.879939411159853,18.642155664987282,18.784826278686523,6691493
2023-01-05,19.21283599079816,19.498175410955355,18.92749657064096,19.02260971069336,22211024
2023-01-06,19.022609038506722,19.21283531188965,18.92749590181526,19.21283531188965,6787295
2023-01-09,19.403061530933304,19.4981746673584,19.212835258083118,19.4981746673584,14992427
2023-01-10,19.54572899976953,19.973738999748754,19.498173349759867,19.878625869750977,25993996
2023-01-11,19.97373927385365,20.068852405156687,19.73595553060681,19.92618179321289,10599458
2023-01-12,19.9261830837522,19.973740567473065,19.688401155083653,19.831069946289062,8487293
2023-01-13,19.926184116900572,20.116410401689848,19.640846519695344,19.68840217590332,8496581
2023-01-16,19.68840088666074,19.926182812087475,19.68840088666074,19.78351402282715,6059402
2023-01-17,19.783515247265797,19.97374153137207,19.735957761249885,19.97374153137207,8280530
2023-01-30,20.3066357305197,20.782201420105064,20.3066357305197,20.734643936157227,32312231
2023-01-31,20.63953120620535,20.78220183089032,20.449306756589795,20.496862411499023,16358138
2023-02-01,20.591975087175197,21.25776705074865,20.306635674215144,21.019983291625977,35426009
2023-02-02,21.162651739159475,22.58934878077159,21.115096086095022,22.446678161621094,90933811
2023-02-03,22.20889601786223,22.589348558549435,21.971114094922005,22.11378288269043,33001848
2023-02-06,21.876000152324817,22.066226415647325,21.3053213623573,21.400434494018555,24603636
2023-02-07,21.40043453406755,21.590660797746047,20.972426355780176,21.115095138549805,24961175
2023-02-08,21.400435728269837,21.73333079329441,21.210209453976198,21.590662002563477,25161948
2023-02-09,21.97111387217482,22.161340140589875,21.447990719044157,21.780887603759766,50654294
2023-02-10,21.733330574602963,21.733330574602963,21.1626517574645,21.257766723632812,33533545
2023-02-13,21.115096104358912,21.352879859822554,20.92486983197942,21.257766723632812,13578227
2023-02-14,21.49554762567981,21.59066075734106,21.35287884317717,21.400434494018555,16201668
2023-02-15,21.400435512928144,21.543106132202045,21.210209240548654,21.257766723632812,20455673
2023-02-16,21.495549278602805,22.351567529378507,21.447991794125954,22.256452560424805,47507888
2023-02-17,22.256452972618753,22.44667925409194,21.78088909891445,22.0186710357666,34048120
2023-02-20,22.16134026748053,22.73201724601472,21.92355651561095,22.68446159362793,38825140
2023-02-21,22.58934913000959,22.922244196543122,22.35156720105401,22.49423599243164,32192324
2023-02-22,22.256450413456246,22.304007893345467,21.875999724234735,21.923555374145508,32179535
2023-02-23,22.161339113634703,22.208894763545477,21.875999724234735,21.923555374145508,22321570
2023-02-24,22.066225983834716,22.256450413456246,21.923555374145508,21.923555374145508,28381650
2023-03-01,21.876000152324817,21.923555803166202,21.25776571151592,21.400434494018555,30181313
2023-03-02,22.494236201731322,23.255141309434844,22.30400992480544,22.827131271362305,121997722
2023-03-03,23.207582234915915,24.824503648007845,23.017355971025278,24.34893798828125,162360822
2023-03-06,24.063599562889255,24.4916077263658,23.778260177245418,23.920928955078125,73842243
2023-03-07,23.778260560500893,23.82581621055215,23.350250560147305,23.683147430419922,42949054
2023-03-08,23.445366746208368,23.920930591502877,23.35025178117521,23.873374938964844,35685775
2023-03-09,24.396496266775934,24.44405374929251,23.873374938964844,23.873374938964844,44561296
2023-03-10,23.588035050013094,23.588035050013094,22.82712998518228,22.922243118286133,55617827
2023-03-13,22.589348364094143,23.35025160893994,22.589348364094143,23.25514030456543,31824075
2023-03-14,23.017356650271086,23.20758291977533,22.68446159362793,22.68446159362793,22817335
2023-03-15,23.06491292993834,23.160027897255784,22.77957534790039,22.77957534790039,15699187
2023-03-16,22.636904994436424,22.96980189404602,22.494236201731322,22.827131271362305,16892033
2023-03-17,23.112470060635157,23.160027543567605,22.732017517089844,22.732017517089844,23752070
2023-03-20,22.922244958879983,23.255141866463433,22.827131818138803,23.207584381103516,19634777
2023-03-21,23.397808074951172,23.63559181549622,23.16002616438458,23.397808074951172,24856329
2023-03-22,23.492922498947916,23.5880356344082,23.25514057528648,23.302696228027344,14450023
2023-03-23,23.302697455630437,23.58803687704318,23.20758431515952,23.492923736572266,10341262
2023-03-24,23.873375764609122,24.491610248856038,23.683149487921057,24.30138397216797,76124806
2023-03-27,24.491609401830544,24.681835671939766,23.873374938964844,23.873374938964844,39675042
2023-03-28,23.920929734008677,24.016042865653766,23.397808424949933,23.44536590576172,16788177
2023-03-29,23.5880356344082,23.635593117127623,23.160027439826194,23.302696228027344,12296662
2023-03-30,24.444054655298206,24.49161030959886,23.873375823818634,24.01604461669922,57700083
2023-03-31,24.634279129920856,26.013418725876804,24.444054682527714,25.204957962036133,138775486
2023-04-06,24.77694799702443,24.96717243093658,24.25382668631442,24.34893798828125,71263562
2023-04-07,24.634279129920856,25.490297378093775,24.586723475567222,25.204957962036133,65839263
2023-04-10,25.585409889534223,25.965862434950665,24.919617935055452,25.109844207763672,71102290
2023-04-11,25.823191083585822,26.15608796638,25.442738548951628,25.58540916442871,76160664
2023-04-12,25.77563543174581,25.77563543174581,25.300069763453067,25.58540916442871,35105604
2023-04-13,25.537854236346455,25.585409889534223,25.109844207763672,25.109844207763672,34461607
2023-04-14,25.204958294873293,25.25251577983355,24.776950080124198,24.967174530029297,25572168
2023-04-17,24.967174542895386,25.3000714478528,24.77695009289226,25.25251579284668,19729553
2023-04-18,25.252516277724816,25.252516277724816,24.63427994092388,24.729394912719727,22176222
2023-04-19,24.776949253739375,24.824504907134866,24.539165496826172,24.539165496826172,14848423
2023-04-20,24.729393735146232,24.729393735146232,24.01604429049667,24.253828048706055,21383646
2023-04-21,24.34893842831822,24.491609043803802,23.77826145631145,23.825817108154297,24478782
2023-04-24,23.778262685238705,24.301384032439003,23.68314954665878,24.01604461669922,17055130
2023-04-25,24.158711286751338,24.206268766851732,23.302694944728845,23.397808074951172,27466545
2023-04-26,23.492922100750736,23.540477752685547,23.112469565358136,23.540477752685547,22255935
2023-04-27,23.87337549955391,24.253828048706055,23.825818015920596,24.253828048706055,31861891
2023-04-28,24.872061440836397,25.204956491829886,24.5391645598644,24.681835174560547,58527236
2023-05-02,24.776949663888136,24.776949663888136,24.06360204129719,24.30138397216797,31283609
2023-05-03,24.063602100978493,24.158713409579804,23.873375823818634,24.01604461669922,19322205
2023-05-04,23.873374589975665,24.11115650914694,23.683148322647238,23.825817108154297,17031433
2023-05-05,23.44536590576172,23.58803468824011,23.11246903001467,23.44536590576172,26955151
2023-05-08,23.683148769868488,23.730704422609353,23.25514057528648,23.302696228027344,18936015
2023-05-09,23.35025188076821,23.5880356344082,23.160027439826194,23.302696228027344,13299369
2023-05-10,23.1600277627857,23.1600277627857,22.589348942066042,23.064912796020508,20746704
2023-05-11,23.064911670095043,23.16002663221715,22.58934783935547,22.58934783935547,12830812
2023-05-12,22.732017517089844,22.87468813590862,22.446678109430856,22.732017517089844,12461353
2023-05-15,22.636903886137393,22.636903886137393,22.113782565192462,22.351566314697266,15217096
2023-05-16,22.82712998518228,23.112469384493835,22.732016852078427,22.922243118286133,15409851
2023-05-17,23.11246903001467,23.635592169051893,22.7795739842461,23.44536590576172,25907843
2023-05-18,23.778262232648235,24.539165496826172,23.778262232648235,24.539165496826172,48107428
2023-05-19,24.44405548726822,24.919619366375386,24.396498001370297,24.729394912719727,44851511
2023-05-22,25.2525149375872,25.49029686452182,24.49160984343068,24.539165496826172,38590266
2023-05-23,24.586723114224885,24.824505042455677,24.111157427784704,24.253828048706055,29117606
2023-05-24,24.34894051547237,24.87206371045614,24.01604543410162,24.729394912719727,27243991
2023-05-25,25.109843988171857,25.20495712369418,24.729393276061124,24.776948928833008,34426953
2023-05-26,25.014730852649535,25.1574014709223,24.729393276061124,24.776948928833008,17336915
2023-05-29,25.062287844295955,25.965861699062902,25.062287844295955,25.58540916442871,74110796
2023-05-30,25.585409835539192,25.68052297169258,25.014731018618882,25.395183563232422,28529705
2023-05-31,25.204957022072964,25.96586210318373,25.157401369492817,25.347627639770508,39890077
2023-06-01,25.347627290864036,25.39518294278959,24.919617273641453,25.30006980895996,20959577
2023-06-02,25.53785381002013,27.440114675367614,25.49029632764771,27.10721778869629,112046642
2023-06-05,27.487670099602536,27.58278323357936,26.774322509765625,26.774322509765625,46584908
2023-06-06,27.249889642688814,27.582784714491474,26.916992740907524,27.29744529724121,34920147
2023-06-07,27.440115300289065,27.53522660724289,26.96454961562702,27.20233154296875,22053463
2023-06-08,27.059661773548747,27.10721742530511,25.537853467667368,25.87074851989746,63041541
2023-06-09,26.29875837343886,26.821879725826857,26.25120088868797,26.72676658630371,37866246
2023-06-12,26.916992132171526,27.582784090698386,26.679210204829793,27.20233154296875,38834891
2023-06-13,27.535226821899414,28.01079251026883,27.297444892704004,27.535226821899414,43427266
2023-06-14,27.58278424866466,28.058349936050263,27.297444836233296,27.820566177368164,37597980
2023-06-15,28.153460341808746,28.24857530621798,27.630339017429172,27.67789649963379,26075459
2023-06-16,27.677897117352803,28.058349663566588,27.107218298032123,27.77301025390625,33582386
2023-06-19,27.582783816457933,27.630339469462026,27.059662483520086,27.154775619506836,34668625
2023-06-20,27.297444356279097,27.677896899498315,27.15477556756117,27.440114974975586,18626480
2023-06-21,27.44011551420413,27.630339959573295,26.82187920433459,27.535226821899414,34994781
2023-06-26,27.01210352522066,27.05966100560588,26.156087178071406,26.63165283203125,55365246
2023-06-27,26.44142581756595,26.48898329988843,25.3476275138699,25.632965087890625,56833869
2023-06-28,25.965861653388707,26.2987567056188,25.77563538640622,25.87074851989746,17322968
2023-06-29,26.3938701929383,28.15346044114706,26.3938701929383,27.10721778869629,97776713
2023-06-30,26.48898257277811,26.48898257277811,26.060974393517103,26.108530044555664,60873672
2023-07-03,26.251200474508774,26.346315442509876,26.013418544441834,26.060976028442383,16022601
2023-07-04,26.15608787536621,26.298756660368337,25.823190993730393,26.15608787536621,15878029
2023-07-05,26.156087525572715,26.393869440722497,25.965861261461495,26.108530044555664,16261894
2023-07-06,25.87074879110448,26.203643846824363,25.72807817438272,25.918304443359375,14361041
2023-07-07,25.775636162242446,25.775636162242446,25.062288554575904,25.109844207763672,39201611
2023-07-10,25.204957290925652,25.68052297169258,25.204957290925652,25.395183563232422,14498440
2023-07-11,25.870748475383444,26.15608787536621,25.823190993730393,26.15608787536621,18915596
2023-07-12,26.584096560306232,27.059662235887924,26.44142594264245,26.53653907775879,42429395
2023-07-13,26.96454961562702,27.773010364563202,26.7743233417622,27.20233154296875,78272903
2023-07-14,27.67789764096732,27.72545329515442,26.964550018310547,26.964550018310547,25661087
2023-07-17,26.869435818872173,27.820565334861154,26.536538932794272,27.39255714416504,34839521
2023-07-18,27.63033952344001,27.63033952344001,26.82187878096252,26.869436264038086,24141079
2023-07-19,27.012105107210676,27.107218243573037,26.488983772206975,26.584096908569336,18367670
2023-07-20,26.631653419243147,26.869435336476784,26.298756539141845,26.441425323486328,12422724
2023-07-21,25.870748129405882,26.251198827649837,25.490295601183437,26.108530044555664,43564673
2023-07-24,25.965861925592808,26.060975060081137,25.72807817438272,25.918304443359375,11908594
2023-07-25,26.108530085703453,26.156087566795456,25.775635037973405,25.823190689086914,11128918
2023-07-26,25.87074987134409,25.965863009803893,25.490297317504883,25.490297317504883,17792454
2023-07-27,25.91830456629196,26.82187843322754,25.870748913811504,26.82187843322754,35364069
2023-07-28,27.107218406036342,27.487670953765978,26.821878995239114,27.20233154296875,42070382
2023-07-31,27.582782973501242,28.771696222012004,27.582782973501242,27.915678024291992,115573797
2023-08-01,28.486356544828677,28.629025328067396,27.820564619764845,27.868122100830078,40075204
2023-08-02,27.67789798153519,27.67789798153519,26.631655276759197,26.72676658630371,32633125
2023-08-04,26.48898325028935,26.48898325028935,25.062288062942955,25.918304443359375,108388962
2023-08-07,25.965862832667334,26.393871037827306,25.775636557045434,26.346315383911133,20692968
2023-08-08,26.441426810666126,26.441426810666126,25.728079188864964,25.775636672973633,19576561
2023-08-09,25.632965705206065,25.96586259954493,25.30007064084579,25.728078842163086,30544081
2023-08-10,25.72807924866508,25.823192387124884,25.347628524804488,25.490297317504883,20409314
2023-08-11,25.775636732884287,25.775636732884287,25.30007104058528,25.490297317504883,10951612
2023-08-14,25.252514713058194,25.300070366030848,24.063601428998968,24.206270217895508,40468814
2023-08-15,24.919616426064902,25.157400167540633,24.72939199485417,24.872060775756836,18578509
2023-08-16,24.44405330073568,24.539164604066418,24.20626955247329,24.396495819091797,16875792
2023-08-17,24.11115603389721,24.63427734375,23.825816638528828,24.63427734375,20923682
2023-08-18,24.681835219019554,24.919617137303426,24.20626955247329,24.396495819091797,15849458
2023-08-21,24.53916563059157,24.586723114224885,23.92093115320863,24.253828048706055,18865954
2023-08-22,24.301384032439003,24.634279102479447,24.01604461669922,24.01604461669922,17155331
2023-08-23,24.016043628907617,24.49160930224701,23.87337484189507,24.444053649902344,15317245
2023-08-24,24.872063220066067,25.109845154931424,24.5391663152802,24.967174530029297,21925049
2023-08-25,24.776948980526544,24.824504633397645,24.444053920493158,24.491609573364258,11391001
2023-08-28,24.58672276159103,24.58672276159103,24.111157081971626,24.206270217895508,10027110
2023-08-29,24.491608521840718,24.91961669921875,24.301382258566374,24.91961669921875,15564855
2023-08-30,25.490296123514256,25.490296123514256,24.729392881455915,25.01473045349121,31320700
2023-08-31,25.15740141963016,25.490296478290286,25.01473080164828,25.062288284301758,19830995
2023-09-01,25.395184120018715,25.91830546534242,25.300070981779985,25.775636672973633,37390054
2023-09-04,25.49029564135687,25.870748170178917,25.395182509151358,25.823190689086914,16372062
2023-09-05,25.965861653388707,26.25119922388392,25.680522252914976,25.87074851989746,26344884
2023-09-06,25.87075022245337,25.87075022245337,25.39518452370014,25.53785514831543,14501301
2023-09-07,25.442738548951628,25.91830421724437,25.395182897111614,25.58540916442871,14344188
2023-09-08,25.68052297169258,25.82319176093337,25.347627910145015,25.395183563232422,10510273
2023-09-11,25.632963953533633,25.632963953533633,25.109842651007703,25.157400131225586,10218275
2023-09-12,25.395182897111614,25.680522298087258,25.204956629794516,25.58540916442871,8419807
2023-09-13,25.632965087890625,25.680522570213107,25.3476275138699,25.632965087890625,9091823
2023-09-14,25.775636002639583,25.965862274169922,25.728078519767717,25.965862274169922,16578450
2023-09-15,26.203643705904685,26.774322509765625,26.01341743795104,26.774322509765625,47611029
2023-09-18,26.631653419243147,26.91699098793211,26.34631402057568,26.441425323486328,23256344
2023-09-19,26.774324484622426,26.916993281121556,26.346316265146378,26.488985061645508,24781615
2023-09-20,27.218575061117313,27.218575061117313,26.133777618408203,26.133777618408203,29640900
2023-09-21,26.084469506200772,26.331013862067053,25.788615140712498,26.133777618408203,11843860
2023-09-22,26.084469409304887,26.281705652231064,25.7393050354768,25.985851287841797,9441899
2023-09-25,26.33101365519996,26.33101365519996,25.73930492887212,25.837923049926758,11673792
2023-09-26,25.788615893857617,25.887232121152522,25.34483528137207,25.34483528137207,17067960
2023-09-27,25.295524031001,25.887230852853907,25.09828779124519,25.394142150878906,13529547
2023-09-28,25.640688082446214,25.640688082446214,24.950361251831055,24.950361251831055,24253562
2023-10-02,25.147597690927785,25.640688288180765,25.048977674062677,25.246213912963867,11243335
2023-10-03,25.24621535056558,25.985852237269643,25.147599122913974,25.492761611938477,19517095
2023-10-04,25.295524500456498,25.295524500456498,24.950362023185278,25.147598266601562,14277233
2023-10-05,25.344834088109366,26.478941520166547,25.295524079368864,26.380321502685547,35623786
2023-10-06,26.6268676042231,27.267884432400944,26.380321356713882,27.070648193359375,51348457
2023-10-11,27.61304978684225,27.760976022705844,26.97203103832779,27.563739776611328,78815879
2023-10-12,27.711665385047176,28.697846593191333,27.2185747809751,28.5006103515625,88552567
2023-10-13,28.451302507514473,28.50061061967827,27.810283767483202,27.95821189880371,26385407
2023-10-16,27.55572965098585,27.60546847485763,25.715364706512442,25.914321899414062,96427991
2023-10-17,26.11328263227875,26.75989687035701,25.96406425386294,26.46146011352539,35949056
2023-10-18,26.660415517839798,26.660415517839798,25.765103410415048,25.814844131469727,36601830
2023-10-19,25.715366081438162,26.31224148688523,25.566147704430048,26.262500762939453,29488736
2023-10-20,25.914321899414062,26.11328098973019,25.76510353038422,25.914321899414062,13681917
2023-10-23,25.864584742170372,26.212762223951746,25.71536636352539,25.71536636352539,10067673
2023-10-24,25.864583075542285,26.06354216585841,25.615885161354377,25.914321899414062,10727258
2023-10-25,25.914322538854847,26.113281634080327,25.665624618530273,25.665624618530273,14378281
2023-10-26,25.26770782077772,25.26770782077772,24.47187525060146,24.52161407470703,46154586
2023-10-27,24.57135569366822,24.770312894771717,24.47187614440918,24.47187614440918,13087959
2023-10-30,24.720574045988542,25.317449443576223,24.6210944968215,25.21796989440918,21260216
2023-10-31,25.5164061360504,25.8645836024899,24.820053100585938,24.820053100585938,35937889
2023-11-01,25.217969391910565,25.26770821679569,24.820053100585938,24.820053100585938,11528709
2023-11-02,25.267708961180606,25.566147611526965,25.118490584714724,25.416927337646484,17001084
2023-11-03,25.61588619366277,25.61588619366277,25.068751519365904,25.21796989440918,18538365
2023-11-06,25.317450054667233,25.96406429373857,25.317450054667233,25.71536636352539,28971468
2023-11-07,25.466666915989293,25.466666915989293,25.1682282790659,25.26770782470703,14889072
2023-11-08,25.466666915989293,25.61588528574373,25.11848945495259,25.26770782470703,11806324
2023-11-09,25.36718892303119,25.36718892303119,24.820054234637546,24.96927261352539,12506452
2023-11-10,24.969272489468274,25.06875204070413,24.869792938232422,24.869792938232422,6920573
2023-11-13,25.267707953850426,25.3671875,24.96927121281624,25.3671875,13720669
2023-11-14,25.416927196256026,26.163020971849622,25.367188370182287,26.06354331970215,55456950
2023-11-15,26.511197657521926,28.649999371080682,26.511197657521926,28.45104217529297,222410771
2023-11-16,28.451041912569057,28.600260282385555,27.406509529024525,27.50598907470703,106980781
2023-11-17,27.65520744452353,27.85416653588854,27.15781161352552,27.50598907470703,40650281
2023-11-20,27.804427971906254,28.053125889732197,27.605468878679684,27.70494842529297,33221179
2023-11-21,27.95364723702991,27.95364723702991,27.406510661867596,27.655208587646484,23576485
2023-11-22,27.555730693330233,27.60546951908347,27.25729204656707,27.45625114440918,18066601
2023-11-23,27.60546939156272,27.804428488485758,27.257291920654694,27.35677146911621,14257996
2023-11-24,27.555730437819125,27.704948811109787,27.00859387253395,27.257291793823242,20046084
2023-11-27,27.406509392185885,27.555729658671858,26.660415649414062,26.660415649414062,20214998
2023-11-28,26.95885467181514,27.70494842529297,26.710156753989196,27.70494842529297,26360332
2023-11-29,27.854167546594617,28.451042944933132,27.55573079613265,28.30182456970215,46479616
2023-11-30,28.550522366668964,29.147395864926217,27.903906247865976,28.20234489440918,63817880
2023-12-01,28.053127164659713,28.10286599151956,27.7049496843969,27.95364761352539,15037728
2023-12-04,28.053127164659713,28.451043471782373,27.90390688925092,27.95364761352539,14352839
2023-12-05,27.70494791315264,27.70494791315264,27.207552086695372,27.307031631469727,24134146
2023-12-06,27.55573018866719,27.55573018866719,27.008593628329088,27.058334350585938,19215398
2023-12-07,27.25729128718376,27.25729128718376,26.809636175632477,26.859375,22335659
2023-12-08,27.207552968531207,27.406510167113904,27.00859387253395,27.257291793823242,16828645
2023-12-11,27.406510661867596,27.754688137440958,27.257292285883185,27.655208587646484,21873668
2023-12-12,27.953645826381273,28.053125371155627,27.207552086695372,27.307031631469727,22536188
2023-12-13,27.45625012072734,27.605468489838156,27.207552206404472,27.406509399414062,14220456
2023-12-14,27.804427580262253,28.252082687594708,27.30703175161652,27.406509399414062,29406751
2023-12-15,27.854167660425393,28.79922053644138,27.80442883428333,28.401302337646484,103466701
2023-12-18,28.401302337646484,29.34635521366247,27.80442883428333,28.401302337646484,101623385
2023-12-19,28.351562632157513,28.40130145675689,27.55573005408031,27.70494842529297,41460413
2023-12-20,27.70494943652461,27.953647363428036,27.655208712695163,27.754688262939453,25072365
2023-12-21,27.605468623812346,28.60026028593171,27.456250253977345,28.25208282470703,48150038
2023-12-22,29.047917425632477,29.744270453850426,28.252082953850426,28.3515625,121214372
2023-12-25,28.451041663298938,28.500780486997154,28.003384660357014,28.053125381469727,22780573
2023-12-26,28.252082583526136,28.948437500030888,28.20234375981058,28.799219131469727,40644701
2023-12-27,28.848958953088072,30.04270973769892,28.749479404801406,29.59505271911621,101440820
2023-12-28,30.04270909229914,31.634374241034187,29.595052083333332,30.58984375,165077219
2023-12-29,31.13697998025857,31.435418633779783,30.042710609591325,30.29140853881836,104088133
2024-01-02,30.390884657700855,30.78880284229914,29.744270453850426,29.84375,49198317
2024-01-03,29.396093121057604,29.49557266764719,28.84895846093669,29.19713592529297,41423798
2024-01-04,29.29661611642557,29.445834490885574,28.799220269949174,28.94843864440918,22604271
2024-01-05,28.94843929232992,29.14739649692477,28.5505229857256,28.69974136352539,29464418
2024-01-08,28.898698188725508,29.047918461980892,28.102865585964906,28.401302337646484,26652506
2024-01-09,28.650000676636395,28.650000676636395,27.95364761352539,27.95364761352539,25591988
2024-01-10,27.95364761352539,28.053127164659713,27.65520896012243,27.95364761352539,12638281
2024-01-11,28.152603538930947,28.152603538930947,27.55573005408031,27.70494842529297,24175072
2024-01-12,27.655207831268147,27.903905750245073,27.55573018160901,27.804428100585938,18799813
2024-01-15,28.003385654331616,29.14739571672745,27.90390610598968,28.84895896911621,48957029
2024-01-16,28.550523022916696,28.550523022916696,27.85416806239107,27.95364761352539,36954768
2024-01-17,27.854167464355136,27.90390629014708,26.660416671202654,26.71015739440918,76641277
2024-01-18,26.85937562422319,27.505989843101204,26.75989607576167,27.35677146911621,45761041
2024-01-19,27.605468620389537,27.754686990206036,27.356770704890533,27.50598907470703,18905214
2024-01-22,27.70494943652461,28.053126913672326,27.406510785791735,27.754688262939453,23710606
2024-01-23,27.95364671855584,28.600260934104867,27.70494879738971,28.003385543823242,53325675
2024-01-24,28.20234529033146,28.749479970553157,27.754688262939453,27.754688262939453,45965391
2024-01-25,28.351562632157513,28.4510421787708,27.605468878679684,27.70494842529297,34534272
2024-01-26,27.80442911159428,28.301824967634147,27.55573118357435,27.854167938232422,36655176
2024-01-29,27.854167813183743,27.854167813183743,27.456251509621183,27.754688262939453,14608830
2024-01-30,27.704949722465837,27.754688549394036,27.157813139182572,27.20755386352539,22352660
2024-01-31,27.108073175428245,27.40650991931118,26.909114081229927,27.058334350585938,19916629
2024-02-01,27.058335485326182,27.25729269045359,26.95885593405517,27.20755386352539,8989366
2024-02-02,27.30703303722862,27.35677186346909,26.909114837646484,26.909114837646484,12662805
2024-02-05,26.85937512866685,27.058334221919086,26.759895582040734,26.95885467529297,11459261
2024-02-15,27.10807305022103,27.10807305022103,26.063542554040716,26.21276092529297,56010654
2024-02-16,26.361980281738226,27.157812889768255,26.31224145526683,27.008594512939453,32082189
2024-02-19,27.50599009630622,27.655208471664835,27.207553345588988,27.55573081970215,29275641
2024-02-20,27.704948681250904,27.704948681250904,27.05833446841248,27.157812118530273,20985455
2024-02-21,27.15781262219306,27.655208471664835,27.15781262219306,27.55573081970215,22594824
2024-02-22,27.655208712695163,27.953647363428036,27.456251509621183,27.754688262939453,21054730
2024-02-23,28.00338490570504,28.05312562725355,27.50598907470703,27.50598907470703,28873936
2024-02-26,27.50598894462611,27.55572966593939,27.207552206404472,27.406509399414062,15472051
2024-02-27,27.854166281606922,27.953645826381273,27.2572909103753,27.307031631469727,22930782
2024-02-29,27.356771087461656,27.804428100585938,27.058334343655165,27.804428100585938,21683644
2024-03-01,27.804428744438034,27.804428744438034,27.456251270324877,27.55573081970215,14088332
2024-03-04,28.00338503718376,28.3515625,27.60546875,27.60546875,30790544
2024-03-05,27.655207313736927,27.854166404161024,27.157811485091194,27.406509399414062,13596999
2024-03-06,27.356771094468872,27.55573018866719,27.058334350585938,27.058334350585938,15931397
2024-03-07,27.55572979625554,28.55052145825156,27.456250250573035,27.50598907470703,74561868
2024-03-08,27.903906268432056,28.301824464116272,26.958855297218488,27.45625114440918,49120163
2024-03-11,27.55572954469836,27.953645826381273,27.15781136560095,27.307031631469727,29477823
2024-03-12,27.406510294639684,27.505989843101204,27.157812372193174,27.35677146911621,19036449
2024-03-13,27.456250113486046,27.555729658671858,26.660415649414062,26.660415649414062,42883017
2024-03-14,26.61067682552841,26.958854284971498,26.461458456456945,26.660415649414062,14808251
2024-03-15,26.75989674460961,26.75989674460961,26.361980438232422,26.361980438232422,19745086
2024-03-18,26.361979039443614,26.809636046249032,26.16301994810465,26.75989532470703,11176778
2024-03-19,26.75989687035701,26.859376421772428,26.46146011352539,26.46146011352539,15591906
2024-03-20,26.51119727294794,26.560937994234223,25.914321899414062,25.914321899414062,29868419
2024-03-21,27.058334970230373,27.754688021042107,26.9588554208531,27.55573081970215,90291682
2024-03-22,27.85416731400923,28.003385687994225,27.058334721146224,27.35677146911621,61391673
2024-03-25,27.2572909103753,27.655207192058214,26.95885417346674,27.307031631469727,23971947
2024-03-26,27.70494842886705,27.953646346725073,26.90911395327264,26.95885467529297,44430817
2024-03-27,26.90911472175466,27.008594271221753,26.66041679679421,26.80963706970215,16902302
2024-03-28,26.909113824367523,27.25729128718376,26.710156629482903,26.859375,13314223
2024-03-29,26.95885556130155,27.207553487333087,26.859376011406013,26.909114837646484,9683000
2024-04-01,27.2572909103753,27.605468368378286,27.058333718241094,27.307031631469727,18621239
2024-04-02,27.555730963260157,27.655208615741095,26.859376011406013,26.909114837646484,23124038
2024-04-03,26.660415528790953,26.759895073526675,26.411717615658894,26.560937881469727,16219463
2024-04-08,26.759895194599874,27.00859310885715,26.560938001642757,26.660415649414062,9143283
2024-04-09,27.05833409229914,27.05833409229914,26.660415907700855,26.859375,21780302
2024-04-10,26.90911357076833,28.05312549458512,26.75989520165751,27.406509399414062,71224472
2024-04-11,27.356771213594968,27.45625076112731,27.008593745939027,27.157812118530273,22638723
2024-04-12,27.108072785842964,27.207552331512446,26.710156500579547,26.75989532470703,38437762
2024-04-15,26.46145921850519,26.710157139924572,26.113281749035146,26.511198043823242,40279907
2024-04-16,26.21276079614957,26.361979166666664,25.168228407700855,25.3671875,59146130
2024-04-17,25.615885161354377,25.914321899414062,25.516405616196312,25.914321899414062,24842274
2024-04-18,25.615885920371948,25.864583841928958,25.416926824160516,25.765104293823242,17999118
2024-04-19,25.61588528574373,25.715364831384864,24.820052715443712,25.26770782470703,37207112
2024-04-22,25.217970047080712,25.217970047080712,24.4221355463409,24.57135581970215,29629534
2024-04-23,24.820053987015573,25.068751915152344,24.521615334802682,24.770313262939453,18351636
2024-04-24,24.969272330742243,25.516407012939453,24.9195316067332,25.516407012939453,18631584
2024-04-25,25.168228028706796,25.51640548628003,25.068750381469727,25.068750381469727,20471656
2024-04-26,25.06875126661255,25.41692683906488,24.9692717184485,25.019010543823242,33326719
2024-04-29,25.367188123556282,25.914322794706372,25.367188123556282,25.86458396911621,21682785
2024-04-30,25.914322794706372,26.013802343301272,25.715365594931146,25.86458396911621,12606430
2024-05-02,25.765104293823242,25.864583841928958,25.56614709502637,25.765104293823242,8591577
2024-05-03,25.56614620731306,25.615885030931594,25.068750381469727,25.068750381469727,29529956
2024-05-06,25.11849047037689,25.914323072848738,25.11849047037689,25.31744956970215,31220208
2024-05-07,25.566147239412825,26.063543085335915,25.019010670448676,25.11849021911621,36962965
2024-05-08,25.21796989440918,25.367188269452452,24.96927197019886,25.21796989440918,13962354
2024-05-09,25.267709119212995,25.317449843289115,24.770313262939453,24.770313262939453,21096475
2024-05-10,24.869791411442556,25.168228149414062,24.670832321185213,25.168228149414062,14561837
2024-05-13,25.36718839582617,25.566147495151426,25.068751644252874,25.31744956970215,16067505
2024-05-14,25.46666717529297,25.51640599991272,25.118489710711096,25.46666717529297,12718287
2024-05-15,25.615885416666664,25.81484450896581,25.217969129482903,25.3671875,23696617
2024-05-16,25.665624371186514,25.665624371186514,25.367187628638927,25.46666717529297,20749001
2024-05-17,25.416927095328685,25.56614736778654,25.21796989440918,25.21796989440918,11858452
2024-05-20,25.3671875,25.56614659229914,25.168228407700855,25.3671875,8491565
2024-05-21,25.566147495151426,25.566147495151426,25.16822929650091,25.31744956970215,8039093
2024-05-22,25.566147984880413,25.81484591509359,25.416927708820804,25.71536636352539,21233609
2024-05-23,25.76510404748056,25.814844769765124,25.466667303431354,25.566146850585938,15398368
2024-05-24,25.566147984880413,26.16302149946033,25.516407260389,25.71536636352539,28867772
2024-05-27,25.96406351771111,26.013802343301272,25.66562487192641,25.86458396911621,15847731
2024-05-28,25.9143224120816,26.41171825029748,25.566146843262118,26.312240600585938,35352202
2024-05-29,26.411717727789874,26.411717727789874,25.914321899414062,25.914321899414062,16741522
2024-05-30,25.76510365549817,25.76510365549817,25.26770782470703,25.26770782470703,22401388
2024-05-31,25.36718879699707,25.416927623907686,24.869792938232422,24.869792938232422,32516285
2024-06-03,25.168228028706796,25.21796874973983,24.96927083681816,25.068750381469727,7960366
2024-06-04,24.72057342931195,24.72057342931195,23.875000128607528,23.97447967529297,61110821
2024-06-05,23.924738694413605,24.27291615533862,23.77552032470703,23.77552032470703,39621477
2024-06-06,24.073958961534693,24.223177331241267,23.77552032470703,23.77552032470703,25570590
2024-06-07,23.92473845304727,24.422134278660845,23.874999629451708,24.322656631469727,19934712
2024-06-11,24.471876415934616,24.471876415934616,23.875001011172387,23.924739837646484,24518591
2024-06-12,24.123697916666664,24.372395833333332,23.875,23.875,24850335
2024-06-13,24.173436613724476,24.720573165958356,24.073958965513327,24.52161407470703,30102732
2024-06-14,24.720573165958356,24.720573165958356,24.223177335244564,24.52161407470703,15809001
2024-06-17,24.521614203850426,25.3671875,24.422134657700855,25.3671875,36600490
2024-06-18,25.814844258870934,26.71015637071422,25.367187254242037,26.660415649414062,115510962
2024-06-19,26.809637213954513,27.10807396654699,26.113282261352605,26.163021087646484,72654226
2024-06-20,26.262499247262557,27.15781135505507,26.06354205520561,26.560937881469727,61278569
2024-06-21,26.411718871833763,27.058334994662598,26.212761670314155,26.80963706970215,37748526
2024-06-24,26.657951573417513,26.657951573417513,25.86662155163153,26.014995574951172,27362901
2024-06-25,25.91607893286565,25.965536939443183,25.42149696967581,25.668787002563477,19590159
2024-06-26,25.569872207802756,25.668788225671133,25.07529022104628,25.12474822998047,27288727
2024-06-27,25.025831603599393,25.025831603599393,24.729083557209808,24.778541564941406,20363306
2024-06-28,24.778541352556374,25.71824538881676,24.778541352556374,25.421497344970703,23842746
2024-07-01,25.421497256031227,25.520413270300512,25.075289308674197,25.223663330078125,18274860
2024-07-02,25.26770782470703,25.367187370348162,25.01900990931146,25.26770782470703,20387685
2024-07-03,25.367188482456818,26.51119856394744,25.11849055615822,26.163021087646484,53281192
2024-07-04,26.361980187651202,26.56093928765592,25.86458433505401,26.163021087646484,26198804
2024-07-05,26.163019691779994,26.212760412834673,25.814844131469727,25.814844131469727,21384071
2024-07-08,25.96406249980477,26.11328086813981,25.615885042080006,25.814844131469727,37688369
2024-07-09,25.914323190809153,25.914323190809153,25.0687517583643,25.416927337646484,29681960
2024-07-10,25.466666915989293,25.566146461630424,25.1682282790659,25.26770782470703,16789639
2024-07-11,25.367187873106605,25.71536534104392,25.01901040516929,25.665624618530273,20020787
2024-07-12,25.466667420719343,25.964063261368494,25.31744904800751,25.665624618530273,21199857
2024-07-15,25.715365742829814,25.715365742829814,25.118490345242133,25.21796989440918,22071963
2024-07-16,25.26770872028541,25.56614736778654,25.168229171118366,25.21796989440918,14674560
2024-07-17,25.317449316451277,25.46666769074529,25.06875139348973,25.11849021911621,20800173
2024-07-18,25.06875139348973,25.217969767783742,24.571355547566636,25.11849021911621,26902510
2024-07-19,24.919531011170207,25.068751282216446,24.223177968417538,24.272916793823242,33542550
2024-07-22,24.27291706974982,24.37239661910664,23.427343746338714,23.72578239440918,33794189
2024-07-23,23.974479415925472,24.27291615533862,23.77552032470703,23.77552032470703,21147599
2024-07-26,23.47708397275518,23.526822797673415,23.07916768116568,23.327865600585938,26860237
2024-07-29,23.47708462230089,23.725782548601927,23.07916831970215,23.07916831970215,16140665
2024-07-30,22.73099022280977,22.92994741997003,21.984896464276066,22.581771850585938,49571379
2024-07-31,22.382812374482658,23.22838566589046,22.18385328329923,23.02942657470703,34251357
2024-08-01,23.377605188643336,23.576564289640185,23.079168434562668,23.178646087646484,26293417
2024-08-02,23.42734389859192,23.974480474902965,23.07916831970215,23.07916831970215,54074339
2024-08-05,22.1838546966061,22.28333424853554,21.28854252407043,21.885417938232422,57848276
2024-08-06,22.68124999602632,23.377604944838403,21.885417395167867,22.97968864440918,53341474
2024-08-07,22.88020870201317,23.57656363886635,22.780729154260637,23.427343368530273,30127218
2024-08-08,22.979689044602434,23.12890742268522,22.532032012939453,22.532032012939453,25937633
2024-08-09,23.029427216020906,23.427343512054257,22.780729293823242,22.780729293823242,31109166
2024-08-12,22.97968800724361,23.576563390044978,22.97968800724361,23.22838592529297,26154550
2024-08-13,23.37760556144059,23.47708511352539,23.128907629935902,23.47708511352539,12943801
2024-08-14,23.72578188403414,24.22317772270398,23.5765635119161,24.073959350585938,26137755
2024-08-15,24.27291602238553,24.27291602238553,23.676040649414062,23.676040649414062,15353342
2024-08-16,24.073959995701486,24.223178371818165,23.775521346053523,23.82526206970215,17649286
2024-08-19,23.825261175632477,24.024218370517094,23.57656325896581,23.875,22354405
2024-08-20,23.775521093648766,24.024219017007884,23.52682317028965,23.62630271911621,39784199
2024-08-21,23.676041039333093,23.725781761391683,23.22838592529297,23.22838592529297,24506735
2024-08-22,23.27812524693053,23.725782267942773,23.228386421224535,23.62630271911621,15240477
2024-08-23,23.377605313971188,23.42734414077975,23.079168558290597,23.278125762939453,17544379
2024-08-26,23.377604543361283,23.825261559540408,23.27812499560875,23.427343368530273,23033713
2024-08-27,23.377605313971188,23.42734414077975,23.178646211907715,23.278125762939453,13585717
2024-08-28,23.37760442550417,23.47708397275518,23.12890650608391,23.327865600585938,11376105
2024-08-29,23.12890662268723,23.477084091113817,23.029427074934695,23.427343368530273,11735928
2024-08-30,23.42734398324706,24.1734377648462,23.42734398324706,23.924739837646484,42854323
2024-09-02,24.024217985853383,24.073958706839008,23.427342615927344,23.576562881469727,15402767
2024-09-03,23.576564172304224,23.626302998598593,23.07916831970215,23.07916831970215,13528068
2024-09-04,21.93515498554098,22.134114073255134,21.48749988430586,21.984895706176758,39378029
2024-09-05,22.08437628454511,22.23359465861341,21.288541793823242,21.288541793823242,34304933
2024-09-06,21.388021342340295,21.537239716408592,21.139323419754945,21.288541793823242,20254435
2024-09-09,20.791145708482205,21.1890620005393,20.691666161114295,21.089584350585938,17069403
2024-09-10,21.189062010056603,21.238802732470173,20.343490600585938,20.343490600585938,23657758
2024-09-11,20.393228912105155,20.890624739229672,20.393228912105155,20.691665649414062,11127709
2024-09-12,21.139323939573018,21.189062766347345,20.840887184097834,20.940364837646484,8936991
2024-09-13,20.940364837646484,21.03984438860975,20.840887184097834,20.940364837646484,7011212
2024-09-16,20.542448531208034,20.940364837646484,20.442968980244768,20.940364837646484,17798173
2024-09-18,20.940365003190575,20.99010572777274,20.293750762939453,20.293750762939453,22699046
2024-09-19,20.293750762939453,20.59218941818856,19.995314005104976,20.293750762939453,26717844
2024-09-20,20.49270897299755,20.840886440234353,20.343490600585938,20.343490600585938,42041349
2024-09-23,20.64192759242628,20.840886689632367,20.4429684952202,20.542448043823242,15236552
2024-09-24,20.492709866438858,20.492709866438858,19.995314005104976,20.293750762939453,27922790
2024-09-25,20.393229794789512,20.74140726832981,20.393229794789512,20.64192771911621,29401019
2024-09-26,21.388020700482468,21.636718615604355,20.79114532470703,20.79114532470703,48158626
2024-09-27,21.189061366177967,21.43775927844491,21.139322542690373,21.338281631469727,36180032
2024-09-30,21.08958358921918,21.636718233868454,21.03984286862367,21.238801956176758,31334603
2024-10-01,21.23880246281624,21.33828200896581,20.791145453850426,20.890625,20181820
2024-10-04,20.890625770429327,21.139323696267773,20.592189018389032,20.74140739440918,17727492
2024-10-07,20.84088579357726,20.890624617032973,20.442967616273613,20.592187881469727,14585573
2024-10-08,20.59218839033035,20.691666039699996,20.194270203193607,20.24401092529297,17985391
2024-10-09,20.49270871281624,20.54244753718376,20.14453125,20.14453125,15416041
2024-10-11,20.24401053399812,20.24401053399812,19.945571899414062,19.945571899414062,23211972
2024-10-14,20.045052470679476,20.09479319436437,19.89583409445399,19.99531364440918,14601244
2024-10-15,20.045051831724596,20.393229296761977,20.045051831724596,20.24401092529297,16223639
2024-10-16,20.094793067773207,20.094793067773207,19.846095143159253,19.89583396911621,21487059
2024-10-17,20.045051703850426,20.393229166666664,19.995312879482903,20.14453125,18243371
2024-10-18,20.244011570589855,20.29375039686015,19.89583409445399,19.99531364440918,14954332
2024-10-21,20.094792425632477,20.293749620517094,19.84609450896581,20.14453125,21002423
2024-10-22,20.144532146282682,20.144532146282682,19.895834218550796,20.09479331970215,18837596
2024-10-23,20.045052595707006,20.343491247434034,19.995313769126472,20.09479331970215,13741030
2024-10-24,20.045051322569947,20.045051322569947,19.796353410633806,19.846094131469727,21562747
2024-10-25,19.895833714642524,19.945572539963305,19.497917419832586,19.696874618530273,30167277
2024-10-28,19.796355068406953,19.796355068406953,19.398438755469986,19.647136688232422,17681322
2024-10-29,19.64713502835691,19.64713502835691,19.100000381469727,19.100000381469727,21407345
2024-10-30,19.199479045135092,19.398438144039797,18.950781120211506,19.14974021911621,17927620
2024-11-01,18.90104241775705,19.298958720753227,18.70208331755166,19.24921989440918,23809305
2024-11-04,19.24921874903764,19.24921874903764,18.950780116487326,19.100000381469727,14312586
2024-11-05,19.00052249107447,19.149740871630218,18.801563385390374,18.901042938232422,21371395
2024-11-06,19.050261194717528,19.199479574301446,18.751824435549697,18.801563262939453,23004427
2024-11-07,18.851303203589616,19.746615341265617,18.801562480854273,19.696874618530273,43018650
2024-11-08,19.79635378718376,19.945572157700855,19.249219129482903,19.3984375,28433771
2024-11-11,19.29895757242212,19.29895757242212,18.90104129310285,19.100000381469727,21306097
2024-11-12,18.851303748321616,19.000522126010374,18.60260581970215,18.60260581970215,27655198
2024-11-13,18.60260440932956,18.652343232316618,18.20468623577523,18.254426956176758,24555023
2024-11-14,18.254427071457314,18.254427071457314,17.607812881469727,17.607812881469727,28312230
2024-11-15,17.657552083333332,18.055468370517094,17.657552083333332,17.90625,30757629
2024-11-18,17.9062497388111,17.955988562453108,17.607813002130044,17.707290649414062,28679392
2024-11-19,17.856511175632477,18.055468370517094,17.707290907700855,17.90625,20206088
2024-11-20,17.707290649414062,17.707290649414062,17.707290649414062,17.707290649414062,24850865
2024-11-21,17.707290649414062,17.9062497388111,17.40885391273301,17.707290649414062,31582075
2024-11-22,17.80677145870881,18.005730562235463,17.80677145870881,17.955989837646484,18337158
2024-11-25,18.005729025116924,18.055467848045154,17.508333206176758,17.508333206176758,300020104
2024-11-26,17.707291171168166,17.757031893690307,17.359115600585938,17.359115600585938,31150942
2024-11-27,17.40885430281181,17.40885430281181,16.51354217529297,16.51354217529297,48408864
2024-11-28,16.414062888080103,16.513542436581687,15.966405868530273,15.966405868530273,49643057
2024-11-29,15.966405868530273,16.165364965533435,15.817187494485188,15.966405868530273,24316297
2024-12-02,16.06588516877151,16.21510354051078,15.767448425292969,15.767448425292969,26734988
2024-12-03,15.916666856601807,16.11562595127515,15.767448484304076,15.817187309265137,21615586
2024-12-04,15.966405809919024,16.115626080830907,15.866927210489905,15.916666984558105,19255983
2024-12-05,16.0161463439966,16.16536471573587,15.767448425292969,15.767448425292969,19104109
2024-12-06,15.717709018734482,16.364324191683252,15.667969244091147,16.065885543823242,38884176
2024-12-09,16.11562595127515,16.16536477623621,15.817187309265137,15.817187309265137,20231753
2024-12-10,15.8669269587766,16.115625825172238,15.717708587646484,15.717708587646484,19863662
2024-12-11,15.717708852431166,15.717708852431166,15.120833460441048,15.170573234558105,42752963
2024-12-12,15.319791418892915,15.71770865820496,15.021354675292969,15.021354675292969,30680371
2024-12-13,15.12083314359188,15.12083314359188,14.72291685640812,14.921875,26965682
2024-12-16,15.021354810864327,15.021354810864327,14.324999872960293,14.374739646911621,36885679
2024-12-17,14.673176955490034,15.170572784489696,14.673176955490034,14.822395324707031,41518850
2024-12-18,15.021355286558979,15.817187900153453,14.971615511032498,15.51875114440918,50697749
2024-12-19,15.120833081076606,15.817187055122828,15.071093308207463,15.618228912353516,40007686
2024-12-20,15.319791287183762,15.319791287183762,14.921875,14.921875,31297305
2024-12-23,15.170573170819699,15.469010865560886,15.120833396911621,15.120833396911621,18617882
2024-12-24,15.27005321548408,15.916667451206417,15.27005321548408,15.51875114440918,36943426
2024-12-25,15.667969522281316,15.717709297807799,15.369531817829735,15.51875114440918,12544991
2024-12-26,15.518750956239845,15.667969332302667,15.319791856546354,15.369531631469727,9061520
2024-12-27,15.419271156436107,15.419271156436107,15.07109368632399,15.170573234558105,10271652
2024-12-30,15.170572916666666,15.170572916666666,14.921875,14.921875,7501790
2024-12-31,14.822396158937103,14.87213593437796,14.573698230440122,14.722917556762695,11459067
2025-01-02,14.52395903290004,14.722917180876626,14.424479484558105,14.424479484558105,13248335
2025-01-03,14.523958904185791,14.772656824129333,14.324999809265137,14.324999809265137,13828299
2025-01-06,14.523959403706574,14.822396158937103,14.325000301943142,14.722917556762695,17140993
2025-01-07,15.021355068351385,15.46901114417223,14.573698043823242,14.573698043823242,29905323
2025-01-08,14.673177406705658,14.673177406705658,14.374739710387137,14.424479484558105,12999680
2025-01-09,14.424479434778803,14.474219208778118,13.628645896911621,13.628645896911621,29248665
2025-01-10,13.72812557220459,14.076302096013702,13.678385797744063,13.72812557220459,19494666
2025-01-13,13.578905677527535,13.628645449895396,13.131249623631279,13.280468940734863,26834190
2025-01-14,13.379947791020367,13.628645708878393,13.330208017707308,13.479427337646484,16445873
2025-01-15,13.479427460440066,13.77786515432983,13.230729540316474,13.578906059265137,24677243
2025-01-16,13.827604418425317,14.32500027446518,13.67838604109628,13.927083969116211,39012535
2025-01-17,13.877344255628374,14.076302409189706,13.777865653201363,13.976823806762695,17691322
2025-01-20,14.225520831649469,14.225520831649469,13.877343373518471,14.026562690734863,17914739
2025-01-21,13.976822978177392,14.225520892562372,13.927083205558944,14.076301574707031,12949991
2025-01-22,14.175781378243439,14.275260925292969,13.976823232851652,14.275260925292969,16642197
2025-02-03,14.523958778742589,14.523958778742589,13.92708339655038,14.225521087646484,36854047
2025-02-04,14.225521735891187,14.325000338318198,13.827604480061215,13.976823806762695,21183729
2025-02-05,14.126041412353516,14.523958646425616,14.076301639506095,14.126041412353516,24625125
2025-02-06,14.175781562410553,14.474219258729073,14.126041788239585,14.424479484558105,19715059
2025-02-07,14.374739523635228,14.42447929715999,14.175781378243439,14.275260925292969,10041805
2025-02-10,14.126041476925213,14.225521023074785,13.97682310640812,14.17578125,12571932
2025-02-11,14.27526079614957,14.474218939741451,14.17578125,14.17578125,11358982
2025-02-12,14.225521398966391,14.623437696664594,14.175781624577294,14.47421932220459,18132658
2025-02-13,14.523959002892184,15.916666984558105,14.374739680687583,15.916666984558105,48066248
2025-02-14,16.41406237575125,17.40885403488769,15.469010489313082,17.06067657470703,244174482
2025-02-17,17.060676465056975,18.60260466525709,16.76223972819992,18.453384399414062,230373795
2025-02-18,18.35390700896581,19.249219129482903,18.00572954614957,18.65234375,236041618
2025-02-19,18.90104129310285,19.54765548417347,18.552863837168058,19.100000381469727,248352086
2025-02-20,19.10000102066008,19.14973984570909,17.607813500215215,18.851303100585938,257605201
2025-02-21,18.60260505374821,19.398437633596615,18.204686866409467,18.75182342529297,198780719
2025-02-24,18.5528643316236,18.85130297212765,18.304166413244154,18.75182342529297,79620537
2025-02-25,18.20468625561524,19.39843698275028,17.955988345579982,19.000520706176758,158949904
2025-02-26,18.801562897780858,19.54765667862466,18.45338542057083,18.50312614440918,112961909
2025-02-27,18.60260581970215,18.950781401837713,18.353907891082677,18.60260581970215,88088912
2025-03-03,18.304167166910016,18.851303748321616,18.055469238290545,18.60260581970215,82942387
2025-03-04,18.20468648622835,18.453384399414062,18.055468117799823,18.453384399414062,64944435
2025-03-05,18.40364683044299,19.00052224226461,18.254428451841243,18.702083587646484,54388457
2025-03-06,18.80156331014699,18.85130403507628,18.055469512939453,18.055469512939453,49595910
2025-03-07,18.05546963511534,18.60260622855196,17.95599008199826,18.154949188232422,67887769
2025-03-10,18.851304110518726,19.44817763274171,18.801563385390374,18.901042938232422,189430138
2025-03-11,18.5528637091475,19.05025952921802,18.254426976070977,19.000520706176758,109934543
2025-03-12,18.950780491034187,20.890625,18.702082574367523,20.890625,268845833
2025-03-13,21.288540896922132,21.984895809789027,20.29374924849199,20.592187881469727,397266012
2025-03-14,20.890625896203456,21.03984427312199,20.244011664613414,20.84088706970215,174762544
2025-03-17,21.03984363764499,21.43775992988081,20.194270330759775,20.343490600585938,153993173
2025-03-18,20.542447668230988,20.840886308583542,19.995313007039773,20.24401092529297,91878831
2025-03-19,20.343491610763564,20.990105854931908,20.194271333527713,20.393230438232422,124877303
2025-03-20,20.592188385660993,21.089584222054597,20.442968116811283,20.99010467529297,125247605
2025-03-21,20.990105561835428,21.487501419237145,20.39323015347044,20.940364837646484,138059939
2025-03-24,20.791145058378365,20.890624602635718,19.846094131469727,19.846094131469727,103307658
2025-03-25,20.094793224160178,20.293750426950965,19.10000151796244,19.24921989440918,71609476
2025-03-26,19.448177223033884,19.84609542601928,19.2492200189558,19.34869956970215,55506771
2025-03-27,19.00052184364498,19.74661561841574,19.00052184364498,19.14974021911621,47646691
2025-03-28,19.19947933045718,19.298958881387893,18.403646717840726,18.60260581970215,58129238
2025-03-31,17.70729129057438,18.254427857520145,17.25963616934373,17.458593368530273,74342659
2025-04-01,17.856511303705627,18.10520922215604,17.707291034703747,18.00572967529297,50304817
2025-04-02,18.055469238290545,18.751824197390906,17.707291758740364,18.60260581970215,52937317
2025-04-07,16.762239456176758,16.762239456176758,16.762239456176758,16.762239456176758,4663752
2025-04-08,15.270052718635855,15.966405758519828,15.120833396911621,15.120833396911621,87072573
2025-04-09,14.474219208778118,14.722917130067408,13.628645896911621,13.628645896911621,88966253
2025-04-10,14.971614837646484,14.971614837646484,14.971614837646484,14.971614837646484,34646906
2025-04-11,14.126041831890992,15.369531446471315,13.52916738611681,15.22031307220459,106182041
2025-04-14,15.618229163299068,16.21510360119727,15.618229163299068,15.817187309265137,81927153
2025-04-15,16.165364325838816,16.41406223854403,15.916666413133605,16.215103149414062,42180347
2025-04-16,16.115626488595684,16.115626488595684,15.419271531435957,15.469011306762695,51760965
2025-04-17,15.419271343262693,15.667969268154028,15.120833643651634,15.319791793823242,40699350
2025-04-18,15.369531243664666,16.31458314853394,15.31979146999633,15.817187309265137,103416840
2025-04-21,15.817187583569444,15.966405958454946,15.220313135320144,15.270052909851074,125062182
2025-04-22,15.319791793823242,16.165365117936695,15.17057341837136,15.319791793823242,130022009
2025-04-23,16.01614700225938,16.065885829078553,15.51875114440918,15.51875114440918,76827008
2025-04-24,15.618229493434303,15.767448817593479,15.319791793823242,15.319791793823242,48769378
2025-04-25,15.667968814367356,15.8669269587766,15.518750443237241,15.717708587646484,49543285
2025-04-28,15.817187055122828,15.916666600861113,15.518750315322489,15.618228912353516,30031790
2025-04-29,15.667969000143321,15.916666920780516,15.618229226274426,15.866927146911621,33554836
2025-04-30,15.96640549103419,16.06588503718376,15.618228976925213,15.66796875,45897279
2025-05-02,15.916666920780516,16.165364841417713,15.817187373042726,15.866927146911621,33740248
2025-05-05,16.016146808058977,16.016146808058977,15.170573480483535,15.369531631469727,39233191
2025-05-06,15.220312626814891,15.717708458091801,15.170572853945748,15.618228912353516,24646254
2025-05-07,15.667969459362343,15.717709234689082,15.369531756109218,15.469011306762695,17160267
2025-05-08,15.76744907333428,16.115626553312346,15.51875114440918,15.51875114440918,44767287
2025-05-09,15.717709234689082,15.76744901001582,15.31979198078248,15.469011306762695,18233999
2025-05-12,15.717709490434817,16.56328188991861,15.667969714298753,16.463802337646484,75864557
2025-05-13,17.010937756111275,18.105208960991323,16.712499119826983,17.80677032470703,205882737
2025-05-14,17.757032753022298,18.25442861782732,17.607814373063718,18.055469512939453,151691894
2025-05-15,18.353907140606456,18.80156225536848,17.80677058156682,18.00572967529297,134280659
2025-05-16,18.005730447690556,18.10520999882104,17.707291794299117,17.85651206970215,48967603
2025-05-19,17.856511818579133,18.05546902062746,17.60781389295778,17.65755271911621,37966897
2025-05-20,18.055468117799823,18.702082312599774,17.856510925699954,18.453384399414062,119813897
2025-05-21,18.503126550229833,18.602606102673768,18.00573068542481,18.055469512939453,76835000
2025-05-22,18.0057303217891,18.05546914829924,17.60781401746415,17.75703239440918,49581049
2025-05-23,17.856511818579133,18.005730194469027,17.65755271911621,17.65755271911621,25609003
2025-05-26,17.657552346060577,17.707291171168166,17.209895330434065,17.359115600585938,35164530
2025-05-27,17.359115472186886,17.55807266856018,17.110417553659364,17.25963592529297,26902262
2025-05-28,17.707292076385773,17.955990009466554,17.209896210224212,17.309375762939453,48904576
2025-05-29,17.50833333745291,17.806770072088877,17.309374249419275,17.607812881469727,48905397
2025-06-02,17.40885469129336,17.458593517159795,16.762240467956808,16.811979293823242,36170501
2025-06-03,17.010938143956203,17.110417691652408,16.613021850585938,16.613021850585938,26577704
2025-06-04,16.911458821314714,17.906250516686168,16.861719995511972,17.558073043823242,68980531
2025-06-05,17.757031756842554,18.503125512193797,17.607813385255213,18.00572967529297,105942435
2025-06-06,18.005729046412537,18.304165779163814,17.906249503023954,18.254426956176758,52530626
2025-06-09,18.353907516982062,18.702083092020896,18.204687244920184,18.304166793823242,66055839
2025-06-10,18.503126381982366,19.199479447928727,18.353908003380617,18.702083587646484,99755044
2025-06-11,19.00052224226461,19.149740620866353,18.552865209044736,18.702083587646484,61589844
2025-06-12,18.702083587646484,18.80156313918586,18.503126381982366,18.702083587646484,28575325
2025-06-13,18.602604543021272,18.602604543021272,18.105208719918185,18.353906631469727,41074281
2025-06-16,18.4036463427263,18.5528647173736,18.055468870272886,18.304166793823242,45698266
2025-06-17,18.453384657700855,18.901041666666664,18.453384657700855,18.65234375,56717147
2025-06-18,18.801563219335545,19.74661611686635,18.75182439206114,19.547657012939453,194455556
2025-06-19,19.895833465112307,20.194270208123175,19.050260163362125,19.49791717529297,151913540
2025-06-20,19.4979173132958,19.64713568585738,18.70208283060981,18.851303100585938,83242837
2025-06-23,18.453384779925848,19.547655999989935,18.403645955228885,19.49791717529297,81643055
2025-06-24,19.99531262055199,21.1393226429213,19.746614707105856,19.945571899414062,242728419
2025-06-25,20.094792425632477,20.890625,19.945572157700855,20.14453125,147173426
2025-06-26,20.641927844590885,21.388021622106216,20.39322991875244,20.74140739440918,215795000
2025-06-27,21.089585237422323,21.586981097763278,20.59218937708137,21.039844512939453,169476773
2025-06-30,21.139322780473254,21.18906160452033,20.04505157470703,20.04505157470703,104273199
2025-07-01,20.04505118955395,20.343489820345614,19.69687373567091,19.746614456176758,76497947
2025-07-02,19.796354818603287,19.995313921268497,19.398438510687495,19.448177337646484,68658528
2025-07-03,19.448177583056612,19.746616240820323,19.398438755469986,19.647136688232422,32847264
2025-07-04,19.79635431366552,19.79635431366552,18.85130334364738,19.050260543823242,56693886
2025-07-07,18.95077998572102,19.19947789575628,18.751822796141496,19.000520706176758,29262405
2025-07-08,19.00052236732777,19.199479574301446,18.702083710745296,18.801563262939453,41816884
2025-07-09,18.75182355307337,19.05026029819652,18.70208283060981,18.851303100585938,18968902
2025-07-10,18.901042319632865,18.901042319632865,18.304166919529962,18.40364646911621,28387934
2025-07-11,18.304165910710726,18.503124998917755,17.906249631711155,18.353906631469727,41875225
2025-07-14,18.304167569200715,18.453385950169007,18.10521036038121,18.154949188232422,23564791
2025-07-15,18.20468660900491,18.304166154433005,17.60781313126535,17.80677032470703,43325690
2025-07-16,18.05546889150897,18.05546889150897,17.5083342180205,17.558073043823242,37272922
2025-07-17,17.558072409844044,18.005729415563227,17.458592864415944,17.80677032470703,39469406
2025-07-18,17.906250516686168,17.95598934248891,17.558073043823242,17.558073043823242,21941344
2025-07-21,17.60781442108518,17.65755324873548,17.309375762939453,17.309375762939453,23974620
2025-07-22,17.35911521089667,17.55807240427525,17.06067657470703,17.06067657470703,24724136
2025-07-23,17.16015575343575,17.657551572375915,17.16015575343575,17.508333206176758,28252138
2025-07-24,17.60781339071441,17.657552215454096,17.060676831505134,17.25963592529297,31032305
2025-07-25,17.259636052956207,17.508333973323257,17.209895330434065,17.359115600585938,11883397
2025-07-28,17.408855438232422,17.657553373064314,17.259637056816217,17.408855438232422,17650073
2025-07-29,17.60781442108518,17.90625118181626,17.309375762939453,17.309375762939453,37816398
2025-07-30,17.309375366159482,17.80677122091932,17.16015698921445,17.75703239440918,29709657
2025-07-31,17.60781339071441,17.707291040193784,17.25963592529297,17.25963592529297,25386588
2025-08-04,17.309374750032656,17.359115472186886,17.010938006765446,17.25963592529297,24578716
2025-08-05,17.45859248583406,17.85651065891777,17.359114839977604,17.508333206176758,23098196
2025-08-06,17.408853901562907,17.458592725173002,16.961196899414062,16.961196899414062,46640613
2025-08-07,17.060676703850426,17.16015625,16.4140625,16.4140625,46158035
2025-08-08,16.662760664592376,17.955989091535216,16.662760664592376,17.359115600585938,102895136
2025-08-11,17.50833486836994,17.558073696020234,17.259636935289155,17.309375762939453,30505847
2025-08-12,17.607812896815094,18.503124998917755,17.607812896815094,18.353906631469727,104210516
2025-08-13,18.65234388378114,18.75182343064421,18.00572967529297,18.00572967529297,62781178
2025-08-14,18.055468370517094,18.30416628718376,17.90625,17.90625,34552098
2025-08-15,18.005730044528647,18.353907516982062,17.657552572075236,18.304166793823242,39417962
2025-08-18,18.4533841656505,19.24921861621202,18.05546788907698,19.000520706176758,107713720
2025-08-19,19.05026082472879,19.149740374990884,18.45338542057083,18.50312614440918,49108480
2025-08-20,18.35390700896581,18.503125379482903,17.856511175632477,17.90625,46954458
2025-08-21,18.005730044528647,18.4036463427263,17.95598932136983,18.304166793823242,35282943
2025-08-22,18.204687000740122,18.3539072708005,17.95598908052556,18.105209350585938,18415471
2025-08-25,18.353907516982062,18.652344266276657,18.304166793823242,18.304166793823242,29261395
2025-08-26,18.35390700896581,18.801562120517094,18.204686741034187,18.65234375,30514859
2025-08-27,18.95078085423118,19.895833714642524,18.901042028910396,19.696874618530273,95146604
2025-08-28,19.796353918303836,19.945572289809274,19.49791717529297,19.49791717529297,54339331
2025-08-29,19.696874500632063,20.442968260465317,19.597396850585938,19.597396850585938,82391021
2025-09-01,19.597397575629046,20.24401181192435,19.497918024487934,20.194271087646484,79062706
2025-09-02,20.39322877876344,20.542447146442225,19.696873866376453,19.846094131469727,100834075
2025-09-03,19.846095268183696,20.442968773085635,19.7963545444988,19.99531364440918,65240332
2025-09-04,20.293750885880065,20.691667197874843,20.194271333527713,20.393230438232422,65532974
2025-09-05,20.542448465086682,22.432552337646484,20.492709638472455,22.432552337646484,226629036
2025-09-08,24.52161497033141,24.670833345512676,22.631511124067988,24.47187614440918,435706691
2025-09-09,24.27291603047509,24.770311858548,23.57656300962172,24.422134399414062,237398509
2025-09-10,24.72057355340114,25.566146858350066,24.37239608696164,24.820053100585938,284634798
2025-09-11,25.566147899468778,26.46146006576222,24.571356181939482,24.869792938232422,311276352
2025-09-12,26.013802622511367,26.41171892374729,24.770312995264987,25.31744956970215,274921180
2025-09-15,26.80963591590003,26.958854284971498,25.56614634461366,26.660415649414062,467481131
2025-09-16,26.36197941155396,28.749479054249523,25.615885654623188,27.804428100585938,639359881
2025-09-17,27.95364730472335,29.644792065666362,27.157812801854934,29.246875762939453,442590512
2025-09-18,30.092448865635376,32.131771087646484,30.092448865635376,32.131771087646484,445214363
2025-09-19,33.822919247755365,34.121356011563805,32.3307316338838,33.325523376464844,580346156
2025-09-22,33.623960084085574,35.116147695463596,33.2260456646157,34.071617126464844,378074121
2025-09-23,34.81770980232752,36.658072945376006,34.71823214939541,36.26015853881836,533104264
2025-09-24,35.81249896369199,35.86223778662023,34.12135242032964,35.016666412353516,398560215
2025-09-25,34.021876287912406,35.51406381111182,33.027084605779464,33.226043701171875,451823059
2025-09-26,32.778386040114164,33.027083955752616,31.037500630644978,31.23645782470703,310981574
2025-09-30,33.8229189481563,33.972139226153416,32.778388386664396,33.872657775878906,280805174
2025-10-01,33.22604418588585,35.01666848088162,33.02708508759095,33.623958587646484,332941155
2025-10-02,35.8125,36.30989583333333,34.86744715770085,35.8125,465307876
2025-10-03,35.61354066938469,39.04557265538427,35.165883663414476,38.59791564941406,577862375
2025-10-07,40.53776212514675,42.4278678894043,40.53776212514675,42.4278678894043,271727982
2025-10-08,41.73151117563248,41.93047026793162,39.14505056540171,41.03515625,465592338
2025-10-09,42.676563017478955,44.11900786446762,41.482812286497854,43.223697662353516,545408606
2025-10-13,40.13984342527015,43.57187553625696,40.13984342527015,42.77604293823242,398243728
2025-10-14,44.66614763620542,45.312759946766285,39.94088718939472,40.48802185058594,596430919
2025-10-15,41.23411665995918,41.43307575861618,39.095312990347516,39.79166793823242,308233472
2025-10-16,40.885938357584315,43.770835876464844,40.885938357584315,43.770835876464844,435729166
2025-10-17,43.7708348649263,44.71588774029396,43.323177840296445,43.72109603881836,455366007
2025-10-20,45.362499224843845,47.750000781868934,43.820572875228486,46.10859298706055,577538761
2025-10-21,45.461979396318256,45.51171822010667,44.367706298828125,44.367706298828125,77179502
2025-10-22,43.47239806324648,45.21328353881836,43.47239806324648,45.21328353881836,55498173
2025-10-23,44.715885924876716,46.257812240597495,44.46718800960468,46.05885314941406,44843467
2025-10-27,50.6348991394043,50.6348991394043,49.93854418918049,50.6348991394043,84707458
2025-10-28,50.634897351264954,54.21614583333333,50.634897351264954,53.71875,97233823
2025-10-29,54.11666818459828,54.21614583333333,51.62968901793162,53.71875,70106713
2025-10-30,55.409898136009055,56.70312657973902,53.1218779978977,54.91250228881836,73330604
2025-10-31,54.91250102201804,54.91250102201804,53.22135442161765,53.91770935058594,56070261
2025-11-03,55.210936993465815,57.20052030854566,54.81301881251824,56.305206298828125,67864506
2025-11-04,56.50416698751784,56.50416698751784,52.723959340909055,53.022396087646484,40870067
2025-11-05,48.34687568914316,55.708335876464844,48.34687568914316,55.708335876464844,47673290
2025-11-06,58.29479267462492,58.692710876464844,57.697919166694255,58.692710876464844,40500980
2025-11-07,58.195311979869956,58.89166689927865,57.29999796994035,57.797393798828125,22639314
2025-11-10,61.080212791263286,63.56719207763672,60.48333548563612,63.56719207763672,31555194
2025-11-11,64.56198068459828,65.75572764873505,64.1640625,64.1640625,43024791
2025-11-12,62.771351178364604,65.5567708156482,62.67187353195974,64.4625015258789,22985092
2025-11-13,65.65625155232041,68.74010427396745,61.37864804348355,63.865623474121094,32168250
2025-11-14,59.68750227347736,61.8760447824707,58.79218822144352,59.985939025878906,34236482
2025-11-17,65.95469459510198,65.95469459510198,64.76093996783646,65.85520935058594,44855578
2025-11-18,66.15364776999887,66.35260307329342,59.28958355111995,61.0802116394043,463949642
2025-11-19,59.1901072315227,61.080213013990424,57.79739730814342,59.09062957763672,261729688
2025-11-20,63.06979457455123,63.56719041884634,53.221355339576455,57.69791793823242,431032362
2025-11-21,51.92812728881836,52.922918984792545,51.92812728881836,51.92812728881836,152253340
2025-11-24,52.7239590662012,55.210938267437115,52.02760413088933,54.31562423706055,233007493
2025-11-25,58.79218859596522,59.09062914509711,55.608858156964466,57.200523376464844,219027962
2025-11-26,56.70312445065867,57.498957017316144,52.42552108439934,53.320831298828125,193897954
2025-11-27,54.91250249368093,56.703126791281896,54.415106644634605,56.6036491394043,160460855
2025-11-28,57.001562997253444,59.19010547111774,55.50937546436813,57.69791793823242,183626964
2025-12-01,57.59843977685608,58.69270910667603,56.00677081231995,57.29999923706055,112786339
2025-12-02,58.59323014703317,58.59323014703317,55.807810470058165,56.305206298828125,116317913
2025-12-03,57.001564087299464,58.19531489540175,55.210939772560636,55.509376525878906,141991826
2025-12-04,54.713542630859465,58.593231717161146,53.42031420036861,57.498958587646484,244160914
2025-12-05,57.79739646345149,62.47291822951718,56.106253603129794,61.478126525878906,342364309
2025-12-08,63.16927131643234,67.54635620117188,63.16927131643234,67.54635620117188,311165596
2025-12-09,70.63020936213341,71.22708285289586,66.55156498732215,70.92864990234375,593228772
2025-12-10,70.63020833333333,73.01770985126495,66.94948220252991,67.1484375,406047688
2025-12-11,69.23750159545237,70.13281565364333,67.14844051944576,68.04375457763672,287478205
2025-12-12,68.83957981828924,74.80832977674177,68.143228692333,74.21145629882812,541392970
2025-12-15,71.62500462753371,72.42084104814752,68.6406294347198,70.72969055175781,425943138
2025-12-16,69.63541867600176,71.52552441513919,68.44167167741935,70.23229217529297,345979444
2025-12-17,70.92864936759572,74.01250203800029,69.83437245484669,73.51510620117188,452634891
2025-12-18,74.60938012039901,77.39480001409069,73.51511072989821,74.11198425292969,529721687
2025-12-19,76.49948179889023,77.09635528965268,70.8291646625015,70.92864990234375,492854977
2025-12-22,73.51510516237134,74.60937446999972,72.42083585474296,72.71926879882812,237733596
2025-12-23,73.61458848927118,74.01250670173951,72.02292322905652,72.61979675292969,154581257
2025-12-24,73.21666564314096,76.79791414939223,72.12239632035003,76.49948120117188,319929713
2025-12-26,77.59375,78.6880193154017,75.60416666666666,76.1015625,273384221
2025-12-29,76.49948120117188,77.49427287455602,75.20624898990924,76.49948120117188,165844266
2025-12-30,76.79791502352494,83.960419707211,76.79791502352494,83.2640609741211,403355883
2025-12-31,83.66197971209486,86.04948128890956,81.7718739808808,82.16979217529297,338827327
2026-01-02,82.66718692760281,90.32708740234375,81.67239524955787,90.32708740234375,412664367
2026-01-05,94.5052133929667,96.29584152469684,91.12292002728671,95.00260925292969,433233373
2026-01-06,95.30104704514535,103.95573172202477,94.50521065638615,103.45833587646484,401519278
2026-01-07,108.43229166666666,109.92447916666666,103.95572916666666,105.9453125,349333813
2026-01-08,104.95052330614784,108.92969006657052,103.45833577098935,107.93489837646484,199305421
2026-01-09,102.96093590201049,102.96093590201049,97.1911412890298,97.2906265258789,80826831
2026-01-12,97.58906098206837,101.96614583333333,95.99739583333333,101.46875,55473193
2026-01-13,103.95573024846904,103.95573024846904,97.98698018635598,99.28021240234375,41949387
2026-01-14,98.4843760248654,99.97656354039366,98.4843760248654,99.28021240234375,23207546
2026-01-15,99.28021544682748,99.47917075246906,98.58385669776516,98.68333435058594,22209895
2026-01-16,101.46875,107.4375,99.9765625,105.9453125,50187737
2026-01-19,114.40104668744132,116.39063010809247,114.40104668744132,115.89323425292969,53878993
2026-01-20,104.95052320767293,113.90364841022323,104.95052320767293,112.41146087646484,50919746
2026-01-21,111.41666936648402,111.41666936648402,102.4635441495344,104.95052337646484,63561383
2026-01-22,112.90885969098105,112.90885969098105,103.95573425292969,103.95573425292969,56609929
2026-01-23,106.44271361712114,106.44271361712114,98.88229809308909,102.46354675292969,48889584
2026-01-26,106.44271074143131,112.41146087646484,106.44271074143131,112.41146087646484,58355135
2026-01-27,112.90885416666666,119.87239583333333,109.42708333333333,114.8984375,278718118
2026-01-28,119.87240065927581,126.33854675292969,119.37500480591783,126.33854675292969,181306216
2026-01-29,132.30729687030498,135.29167198768027,123.35417151817909,129.3229217529297,387822875
2026-01-30,131.8099010779236,135.29167204979328,127.83073425292969,127.83073425292969,248256361
2026-02-02,120.86719016371102,121.86198185230124,115.39583587646484,115.39583587646484,162798671
2026-02-03,122.85677381036406,122.85677381036406,103.95573168569267,104.95052337646484,446395429
2026-02-04,104.45312746109502,110.91927344678184,103.95573161604219,107.93489837646484,208672622
2026-02-05,101.96614837646484,106.94010683385336,100.47396083924828,101.96614837646484,145713292
2026-02-06,99.47916512271546,101.46874842516976,94.50520686657968,97.2906265258789,231242639
2026-02-09,105.44792168195858,106.94010925292969,100.47396311205488,106.94010925292969,153756321
2026-02-10,107.4375,108.43229166666666,101.96614583333333,102.9609375,197884652
2026-02-11,100.97135661337613,108.43229429416748,100.97135661337613,104.95052337646484,201852742
2026-02-23,113.90365089748218,115.39583846382473,111.9140674756921,114.40104675292969,170398493
2026-02-24,114.40104406388079,122.85677340773285,112.41146068885678,121.36458587646484,247211557
2026-02-25,121.36458859201205,123.35417201155323,114.40104662361792,117.38542175292969,168820084
2026-02-26,118.87760912836814,123.35417181521046,115.395838149713,121.86198425292969,179034587
2026-03-02,114.40104166666666,126.33854166666666,114.40104166666666,123.8515625,154454824
2026-03-03,124.34895833333333,124.34895833333333,111.9140625,111.9140625,187993914
2026-03-04,105.44791925870454,108.92969017762404,101.46875249422513,103.45833587646484,180166754
2026-03-05,112.90885932104929,113.40625517708915,108.43229661669051,111.41667175292969,164400380
2026-03-06,109.42708333333333,112.41145833333333,104.95052083333333,105.9453125,121644964
2026-03-09,95.40052476598095,100.47396087646484,95.40052476598095,100.47396087646484,166319493
2026-03-10,107.4375026033953,108.43229429416748,100.97135661337613,104.95052337646484,162997237
2026-03-11,108.43229166666666,114.40104166666666,106.94010416666666,113.40625,180693023
2026-03-12,113.90365117624265,116.88802631623155,108.43229675292969,108.43229675292969,166186883
2026-03-13,108.43229675292969,113.90365117624265,107.43750503960005,108.43229675292969,171591816
2026-03-16,112.90885416666666,117.38541666666666,112.41145833333333,116.390625,199547521
2026-03-17,120.8671900019472,125.3437525946119,118.87760662742954,122.85677337646484,234411445
2026-03-18,128.32812756299973,128.82552340626717,119.87239822745323,127.33333587646484,294009796
2026-03-19,122.85677340773285,124.84635678275686,119.37500250144082,121.36458587646484,196236526
2026-03-20,123.35416953346946,123.85156537836248,109.42708587646484,109.42708587646484,333969259
2026-03-23,102.96094239700672,108.92969268089116,102.96094239700672,106.94010925292969,146975829
2026-03-24,108.92969029872262,108.92969029872262,96.4947941459004,98.98177337646484,219474874
2026-03-25,98.48437395843611,102.4635405830194,97.58905994997328,97.68853759765625,197568906
2026-03-26,99.47916666666666,103.95572916666666,95.5,95.5,187684038
2026-03-27,90.19999694824219,92.4000015258789,87.19999694824219,92.4000015258789,156697189
2026-03-30,91.19999694824219,96.80000305175781,90.5999984741211,93.0,151065269
2026-03-31,88.0,95.5,85.19999694824219,90.19999694824219,246396898
2026-04-01,97.0999984741211,97.19999694824219,91.30000305175781,93.0999984741211,204494213
2026-04-02,96.0,97.5999984741211,91.80000305175781,91.80000305175781,182614532
2026-04-07,95.0,95.80000305175781,89.0999984741211,89.4000015258789,168420585
2026-04-08,93.0999984741211,95.80000305175781,92.19999694824219,95.5999984741211,170255203
2026-04-09,96.0,96.19999694824219,90.30000305175781,91.0,133744895
2026-04-10,93.0,97.5,92.30000305175781,93.5,165392603
2026-04-13,93.80000305175781,95.19999694824219,91.5,94.4000015258789,95066611
2026-04-14,96.80000305175781,98.0,93.5,93.5,166319361
2026-04-15,95.5999984741211,96.5999984741211,90.0999984741211,90.19999694824219,126143808
2026-04-16,90.5999984741211,90.9000015258789,88.30000305175781,89.5999984741211,110222111
2026-04-17,90.0,90.69999694824219,86.80000305175781,87.80000305175781,118916574
2026-04-20,87.5,88.4000015258789,83.80000305175781,85.69999694824219,162330262
2026-04-21,88.0999984741211,92.80000305175781,88.0,91.0999984741211,184027211
2026-04-22,91.5,91.5,88.9000015258789,90.5999984741211,93783269
2026-04-23,93.0,93.4000015258789,84.30000305175781,87.80000305175781,169558383
2026-04-24,88.5999984741211,88.9000015258789,84.0,88.19999694824219,121480957
2026-04-27,89.80000305175781,95.5999984741211,89.0999984741211,93.9000015258789,267988012
2026-04-28,95.30000305175781,96.9000015258789,93.5,95.5,218067493
2026-04-29,94.5,96.0,92.0999984741211,92.69999694824219,129011903
2026-04-30,94.19999694824219,94.5999984741211,88.80000305175781,89.80000305175781,114844011
2026-05-04,91.9000015258789,98.4000015258789,91.0999984741211,95.4000015258789,196983547
2026-05-05,96.80000305175781,100.5,96.5999984741211,98.80000305175781,194835806
2026-05-06,108.5,108.5,104.0,108.5,238452458
2026-05-07,113.0,117.0,106.5,114.0,336211456
2026-05-08,111.0,115.0,103.5,107.0,172404054
2026-05-11,115.0,117.5,113.0,117.5,160199413
2026-05-12,118.5,123.5,116.0,121.5,314987398
2026-05-13,117.0,122.0,115.0,122.0,132008605
2026-05-14,127.0,134.0,124.5,134.0,415035169
2026-05-15,132.5,136.5,127.5,129.5,346042628
2026-05-18,126.0,134.0,119.0,130.5,191092652
2026-05-19,125.0,127.0,117.5,117.5,182547420
2026-05-20,117.5,119.0,112.0,115.5,149555448
2026-05-21,120.0,122.5,113.5,114.0,208024328
2026-05-22,116.5,125.0,115.5,125.0,190947918
2026-05-25,120.5,133.0,119.0,128.5,355151055
2026-05-26,133.5,141.0,133.0,141.0,331776431
2026-05-27,155.0,155.0,146.0,155.0,435175038
2026-05-28,151.0,156.5,142.0,144.0,355178736
2026-05-29,155.0,158.0,151.0,158.0,246818638
2026-06-01,168.0,173.5,166.0,168.0,291787237
2026-06-02,174.0,184.5,171.5,184.5,267833818
2026-06-03,188.0,193.0,177.0,177.5,326857110
2026-06-04,175.0,188.0,175.0,179.5,225186549
2026-06-05,169.0,172.5,162.0,162.0,223760723
2026-06-08,146.0,157.0,146.0,154.0,177615934
2026-06-09,160.5,161.0,153.5,156.5,201187040
2026-06-10,152.0,163.5,148.0,149.0,183620313
2026-06-11,154.0,162.5,149.0,156.5,235866654
2026-06-12,169.5,172.0,166.0,172.0,210182598
2026-06-15,179.5,189.0,175.0,189.0,226447543
2026-06-16,198.5,201.0,191.5,197.0,351775125
2026-06-17,195.0,199.0,186.5,199.0,223485557
2026-06-18,203.5,218.5,201.5,218.5,334192828
2026-06-22,229.5,233.5,219.0,222.0,398844926
2026-06-23,219.0,222.0,205.5,211.5,259055229
2026-06-24,208.5,217.0,201.0,205.0,246450870
2026-06-25,219.5,222.5,211.0,219.5,225279506
2026-06-26,220.0,225.0,203.0,206.5,251095011
2026-06-29,209.0,212.5,201.0,203.0,148328628
2026-06-30,209.0,210.5,197.5,207.5,214758456
2026-07-01,207.0,207.5,188.0,190.0,226559570
2026-07-02,176.0,186.0,176.0,183.5,161087169
2026-07-03,180.5,188.0,177.0,184.5,139567309
2026-07-06,191.0,200.0,183.0,183.0,161367756
2026-07-07,184.0,186.0,172.0,174.0,139511792
2026-07-08,177.5,181.5,165.0,168.5,144149101
2026-07-09,173.5,184.0,170.0,176.5,157519173
2026-07-10,176.5,176.5,176.5,176.5,0
2026-07-13,181.5,183.0,166.0,167.0,147361888
2026-07-14,170.0,172.5,156.0,164.5,133967594
2026-07-15,175.5,180.5,173.5,180.5,93992314
2026-07-16,176.0,180.5,171.0,172.0,149041282
2026-07-17,159.5,162.5,155.0,155.0,107329072
2026-07-20,155.0,157.0,146.0,151.0,106235090
2026-07-21,156.0,158.0,152.0,155.5,103510503
2026-07-22,165.0,171.0,164.5,171.0,95243145
2026-07-23,172.0,172.0,157.0,161.0,156338876
2026-07-24,158.5,164.0,153.5,154.5,134075464
2026-07-27,155.0,161.0,150.0,160.0,109653338
2026-07-28,144.0,147.0,144.0,144.0,66979775
2026-07-29,137.0,137.5,130.0,130.0,81127552
2026-07-30,123.5,133.0,117.0,118.5,206938248
2026-07-31,130.0,130.0,130.0,130.0,17621531
2026-08-03,134.0,143.0,133.5,143.0,76959170
2026-08-04,145.0,157.0,144.0,157.0,120497613
2026-08-05,167.0,172.5,164.5,169.0,226250751
2026-08-06,165.5,173.0,162.0,171.0,183981432
2026-08-07,170.0,170.5,160.5,163.5,174570426
2026-08-10,169.0,179.5,168.5,179.5,152302514
2026-08-11,178.0,181.0,172.5,178.0,193341844
2026-08-12,186.5,193.0,174.5,177.0,205042570
2026-08-13,183.0,185.0,177.0,177.0,225611977
2026-08-14,183.0,191.0,180.5,183.5,235495660
2026-08-17,185.5,190.0,181.5,181.5,127288594
2026-08-18,186.0,192.0,176.0,176.5,181363996
2026-08-19,167.0,169.5,165.0,168.0,108762105
2026-08-20,174.0,180.5,172.0,176.5,148615065
2026-08-21,176.0,182.0,174.5,181.0,113013293
2026-08-24,179.5,184.5,175.5,177.0,98368002
2026-08-25,172.0,179.0,168.5,179.0,92077564
2026-08-26,179.5,182.5,178.0,181.5,84818659
2026-08-27,184.0,190.0,183.0,186.0,137575471
2026-08-28,188.5,192.0,180.5,181.5,151621332
2026-08-31,179.5,186.0,176.0,182.5,339990694
2026-09-01,183.5,184.0,175.5,176.0,132971311
2026-09-02,173.5,180.0,171.5,179.0,82634225
2026-09-03,181.5,185.5,168.0,169.0,158023835
2026-09-04,174.0,176.0,165.5,174.0,99514515
2026-09-07,181.0,183.5,178.0,180.0,116811280
2026-09-08,185.0,192.0,183.5,188.0,217833157
2026-09-09,190.5,190.5,180.5,183.0,138124633
2026-09-10,181.0,182.5,178.0,179.5,67191021
2026-09-11,173.0,173.5,170.5,171.5,72385734
2026-09-14,166.5,167.5,160.0,160.0,118730444
2026-09-15,162.5,164.0,158.5,159.5,68960432
2026-09-16,163.5,169.5,163.5,169.0,80794263
2026-09-17,177.0,180.0,170.0,170.0,118596329
2026-09-18,177.0,179.5,173.5,179.5,136049588
2026-09-21,180.0,180.0,174.0,174.0,75328732
2026-09-22,179.0,180.5,170.5,171.0,95597411
2026-09-23,175.0,177.0,172.0,172.5,69832023
2026-09-24,169.0,171.5,166.5,171.5,49769170
2026-09-29,167.5,169.0,166.0,168.0,9061620
