date,open,high,low,close,volume
2011-09-29,24.475999435879277,24.475999435879277,22.86083213332062,24.41387939453125,66119
2011-09-30,24.72449118947525,24.72449118947525,23.730543592184826,24.227516174316406,80287
2011-10-03,22.550226693125754,23.668419169166825,22.550226693125754,23.295686721801758,99487
2011-10-04,22.177495806227014,24.786613389258527,22.177495806227014,24.351760864257812,199179
2011-10-05,24.041151151888656,24.289638659468075,23.047201121570968,24.227516174316406,132135
2011-10-06,24.22751223489842,24.662367127225014,24.22751223489842,24.538122177124023,184908
2011-10-07,24.35175905071202,25.035099029541016,24.35175905071202,25.035099029541016,719612
2011-10-11,24.28963828637506,25.532075805188114,24.28963828637506,25.09722328186035,642302
2011-10-12,25.097221615259794,26.02904908423405,24.786611647926023,25.469951629638672,227413
2011-10-13,24.972976522972427,25.842681507272523,24.972976522972427,25.532073974609375,90452
2011-10-14,24.9108542195586,24.9108542195586,23.979029181946252,24.724489212036133,224846
2011-10-17,24.227514010554966,24.848733940535947,24.103271484375,24.103271484375,114784
2011-10-18,23.668423135489782,23.916910664365346,23.171448077738646,23.4820556640625,68480
2011-10-19,23.357810908411267,24.041150939974465,22.798713413029,23.854785919189453,86345
2011-10-20,22.2396183013916,22.61234834213566,22.2396183013916,22.2396183013916,331828
2011-10-21,21.12142554973139,21.68052060564865,20.686573028564453,20.686573028564453,346510
2011-10-24,19.56837932851625,20.438084427643005,19.257770538330078,19.257770538330078,456880
2011-10-25,18.63655086694117,18.63655086694117,17.953210830688477,17.953210830688477,321253
2011-10-26,17.76684773343489,18.015335267449696,16.710776322128837,17.269872665405273,241581
2011-10-27,16.772897733097412,18.450186654847574,16.772897733097412,18.139577865600586,61601
2011-10-28,17.704722736340788,19.38201141357422,17.704722736340788,19.38201141357422,147433
2011-10-31,18.760794786491626,19.257768556338693,18.077454788502546,18.57442855834961,117043
2011-11-01,17.331994034012627,18.077456587749356,17.331994034012627,17.45623779296875,53798
2011-11-02,16.462286973378404,18.388064541446386,16.275921951668302,18.201698303222656,167454
2011-11-03,17.39411535579725,17.95321166446821,17.39411535579725,17.891090393066406,122690
2011-11-04,18.07745480886873,18.32594108581543,18.07745480886873,18.32594108581543,151643
2011-11-07,18.26382162460212,18.574430413849107,18.139577865600586,18.139577865600586,226489
2011-11-08,18.139576928240434,18.139576928240434,17.891089423077926,18.01533317565918,211089
2011-11-09,18.325941807360195,18.325941807360195,18.015333036562094,18.077455520629883,138090
2011-11-10,17.766845736678956,17.766845736678956,17.51835823059082,17.51835823059082,189323
2011-11-11,17.518359157938054,17.518359157938054,16.338044049795382,16.95926284790039,134292
2011-11-14,15.778946964815534,16.52440826941645,15.778946964815534,16.089555740356445,177618
2011-11-15,15.530458450317383,15.530458450317383,15.530458450317383,15.530458450317383,214374
2011-11-16,15.592580661407391,16.586530685424805,15.592580661407391,16.586530685424805,477106
2011-11-17,16.835017169384372,16.959260914843778,15.530458450317383,15.530458450317383,526182
2011-11-18,16.586530685424805,16.586530685424805,16.586530685424805,16.586530685424805,1550518
2011-11-21,15.468338012695314,15.468338012695314,15.468338012695312,15.468338012695312,975054
2011-11-22,14.412265904640039,14.90923966813459,14.412265904640039,14.474387168884277,679057
2011-11-23,14.288022975994688,15.468338012695314,14.288022975994688,15.468338012695312,174230
2011-11-24,16.524410247802734,16.524410247802734,16.15168015913395,16.524410247802734,371459
2011-11-25,17.456234114924886,17.64259910583496,17.456234114924886,17.64259910583496,176694
2011-11-28,18.822916985527993,18.822916985527993,16.835018157958984,16.835018157958984,566942
2011-11-29,15.716826438903809,15.841068981779502,15.716826438903809,15.716826438903809,582137
2011-11-30,14.660753250122069,14.66075325012207,14.660753250122069,14.66075325012207,1827829
2011-12-01,14.971362067124867,14.971362067124867,13.666803359985352,13.666803359985352,1644667
2011-12-02,13.666804383088921,14.598631927015129,12.98346434641152,13.169829368591309,2232964
2011-12-05,14.039535538888394,14.039535538888394,13.294073022721117,13.915291786193848,441069
2011-12-06,12.983465073143687,13.72892763661638,12.983465073143687,13.604683876037598,211089
2011-12-07,14.039536526469488,14.47438908323236,13.791049003601072,13.791049003601074,575464
2011-12-08,13.853169495728997,13.977413250164702,13.480438232421875,13.480438232421875,497435
2011-12-09,12.983464436205548,13.045585705190566,12.54861068725586,12.54861068725586,707702
2011-12-12,12.98346625524756,13.418318848608411,12.42436988999592,12.610734939575195,266325
2011-12-13,12.175878657209452,12.424366125705168,12.113756181828803,12.23799991607666,266428
2011-12-14,11.67890372021802,12.424366125705168,11.67890372021802,12.23799991607666,639427
2011-12-15,11.803149115099693,11.803149115099693,11.61678409576416,11.61678409576416,571767
2011-12-16,11.616782306989537,11.678903565031291,11.181928634643555,11.181928634643555,465299
2011-12-19,11.430417948816542,11.927392959594727,11.430417948816542,11.927392959594727,264169
2011-12-20,12.362244583926927,12.734975814819336,12.362244583926927,12.734975814819336,183470
2011-12-21,13.604683876037598,13.604683876037598,13.604683876037598,13.604683876037598,185832
2011-12-22,14.163782335388587,14.163782335388587,13.294075879626302,13.542563438415527,210883
2011-12-23,14.474385253832356,14.474385253832356,13.294070440732945,14.350141525268555,437373
2011-12-26,14.225902661731201,14.350146432784344,13.791050071302108,13.853171348571777,141889
2011-12-27,13.853169301589764,13.915291786193848,13.853169301589764,13.915291786193848,137269
2011-12-28,13.915289881171928,14.722873554870375,13.915289881171928,14.412264823913574,213245
2011-12-29,13.728926869364976,14.163779398831803,13.728926869364976,14.101656913757324,149076
2011-12-30,14.412266906102456,14.412266906102456,14.039535645196477,14.101656913757324,268070
2012-01-02,14.101656913757324,14.101656913757324,14.101656913757324,14.101656913757324,0
2012-01-03,14.101656913757324,14.101656913757324,14.101656913757324,14.101656913757324,0
2012-01-04,14.101656913757324,14.101656913757324,14.101656913757324,14.101656913757324,0
2012-01-05,14.101656913757324,14.101656913757324,14.101656913757324,14.101656913757324,0
2012-01-06,15.281971006509192,15.903189735721291,14.909239768981934,14.909239768981934,262013
2012-01-09,13.97741305428431,13.97741305428431,13.915291786193848,13.915291786193848,165400
2012-01-10,13.418317700874903,13.604683951027186,13.231952667236328,13.231952667236328,551952
2012-01-11,13.231950774333257,13.418315781311296,12.983463287353516,12.983463287353516,363553
2012-01-12,13.045588320837078,13.542563438415527,13.045588320837078,13.542563438415527,79877
2012-01-13,13.728925840403848,13.728925840403848,13.356194607433482,13.666803359985352,209549
2012-01-16,13.666803359985352,13.853168368213765,13.542559615661895,13.666803359985352,87885
2012-01-17,13.480438145580692,14.101656913757324,13.480438145580692,14.101656913757324,88090
2012-01-18,14.288023151210936,14.41226690483534,13.169829368591309,13.169829368591309,192403
2012-01-30,14.039535522460938,14.039535522460938,14.039535522460938,14.039535522460938,148152
2012-01-31,14.660756162094945,14.971364974975586,14.660756162094945,14.971364974975586,239836
2012-02-01,15.095607846752777,15.965312957763674,15.095607846752777,15.965312957763672,322280
2012-02-02,16.89713847844165,17.021382224228883,16.33804223065588,16.710773468017578,532137
2012-02-03,16.835018157958984,16.835018157958984,16.275921878817556,16.835018157958984,289118
2012-02-06,18.69867417285064,18.69867417285064,18.139577865600586,18.139577865600586,507599
2012-02-07,17.14562697145862,17.51835823059082,17.14562697145862,17.51835823059082,167865
2012-02-08,17.766847522408803,18.69867515563965,17.766847522408803,18.69867515563965,337886
2012-02-09,19.133524821900522,20.003231048583984,19.133524821900522,20.003231048583984,227618
2012-02-10,20.500205821041455,21.36991330676016,20.500205821041455,20.810815811157227,670844
2012-02-13,20.810815756827314,22.2396183013916,20.810815756827314,22.2396183013916,278029
2012-02-14,23.792667388916016,23.792667388916016,23.792667388916016,23.792667388916016,181314
2012-02-15,25.40782928466797,25.40782928466797,25.40782928466797,25.40782928466797,158111
2012-02-16,27.147249981432985,27.147249981432985,23.668426513671875,23.668426513671875,1190353
2012-02-17,23.29568862915039,24.538126167047498,23.29568862915039,24.227516174316406,396715
2012-02-20,25.90480603042553,25.90480603042553,24.91085600823428,25.718441009521484,337270
2012-02-21,26.09116689124155,26.21541184071893,24.848731994628906,24.848731994628906,263450
2012-02-22,25.469951765070462,25.469951765070462,24.84873426012677,25.40782928466797,233368
2012-02-23,25.904801900052338,25.904801900052338,24.848731994628906,24.848731994628906,180596
2012-02-24,24.227516174316403,24.848736159778593,24.227516174316403,24.227516174316406,204312
2012-02-29,25.904808044433594,25.904808044433594,25.904808044433594,25.904808044433594,164168
2012-03-01,27.706344604492188,27.706344604492188,27.706344604492188,27.706344604492188,692712
2012-03-02,27.892705760259055,27.892705760259055,25.780563203435126,27.023000717163086,333471
2012-03-05,27.20936633716557,27.20936633716557,26.401781327141727,26.526023864746094,236037
2012-03-06,25.842681690198017,25.842681690198017,24.724489212036133,24.724489212036133,136242
2012-03-07,23.04720115661621,23.109323641862346,23.04720115661621,23.04720115661621,396818
2012-03-08,22.425979743842287,22.425979743842287,22.36385726928711,22.36385726928711,303902
2012-03-09,22.363862539783334,23.91691017150879,22.363862539783334,23.91691017150879,208316
2012-03-12,24.538125742892706,24.724490762099038,22.301740646362305,22.301740646362305,328440
2012-03-13,21.742639591543124,23.10931941905884,21.742639591543124,22.985076904296875,150411
2012-03-14,23.916910369526143,24.227517952020936,23.606300354003906,23.606300354003906,205339
2012-03-15,23.606298396166366,23.606298396166366,21.99113082885742,21.991130828857422,251027
2012-03-16,20.686571524419012,20.686571524419012,20.50020408630371,20.50020408630371,536038
2012-03-19,19.071401596069336,19.071401596069336,19.071401596069336,19.071401596069336,414888
2012-03-20,17.828967865883254,18.822917938232422,17.766846594618272,18.822917938232422,548461
2012-03-21,19.009282164689445,19.009282164689445,18.450185880892562,18.636550903320312,218686
2012-03-22,18.077456640299182,19.13352676972561,17.891090393066406,17.891090393066406,306263
2012-03-23,18.636548977243283,19.13352394104004,18.636548977243283,19.13352394104004,230596
2012-03-26,19.009280521062305,20.438081741333008,19.009280521062305,20.438081741333008,205647
2012-03-27,20.50020408630371,20.872936529507275,20.438081606931945,20.50020408630371,437475
2012-03-28,20.500207839112186,20.500207839112186,19.630502700805664,19.630502700805664,49281
2012-03-29,19.630501708564186,19.630501708564186,18.263821579440453,18.388065338134766,200206
2012-03-30,18.325941006417438,19.31989097595215,18.325941006417438,19.31989097595215,86755
2012-04-02,18.698672244992956,19.31989097595215,18.698672244992956,19.31989097595215,40759
2012-04-03,18.077455660206617,18.94716071176177,18.01533317565918,18.01533317565918,181930
2012-04-05,17.0213821510073,17.704723358154297,17.0213821510073,17.704723358154297,168378
2012-04-06,18.015333317454072,18.885038375854492,18.015333317454072,18.885038375854492,70328
2012-04-09,19.257769636531943,19.257769636531943,18.13957707101322,18.885038375854492,84394
2012-04-10,18.88503823624804,19.133525741529414,18.88503823624804,18.947160720825195,103901
2012-04-11,17.7668437773252,18.574427474793303,17.7668437773252,18.512306213378906,44456
2012-04-12,19.0714026788222,19.56837642610545,18.636548977243283,19.13352394104004,137166
2012-04-13,19.382013255213025,19.941109534081676,19.382013255213025,19.87898826599121,194661
2012-04-16,19.071401735535908,19.878985403505173,19.071401735535908,19.754741668701172,151129
2012-04-17,19.754742636241705,19.754742636241705,19.38201141357422,19.38201141357422,116632
2012-04-18,19.506257179848287,19.506257179848287,18.57442963468227,18.636550903320312,179569
2012-04-19,17.331993103027344,17.331993103027344,17.331993103027344,17.331993103027344,325976
2012-04-20,16.151674270629883,16.151674270629883,16.151674270629883,16.151674270629883,185216
2012-04-23,15.033488273620605,15.033488273620605,15.033488273620605,15.033488273620605,218789
2012-04-24,14.03953555350495,15.965311897504911,14.03953555350495,15.778946876525879,466018
2012-04-25,15.716826534506435,16.027435326612416,15.716826534506435,15.903191566467285,204826
2012-04-26,15.716824725214439,15.716824725214439,14.909239768981934,14.909239768981934,105647
2012-04-27,15.219851680472233,15.592581748962402,15.219851680472233,15.592581748962402,60061
2012-04-30,15.59258054828248,15.59258054828248,15.468338012695312,15.468338012695312,88193
2012-05-02,14.474386083499553,14.474386083499553,14.412264823913574,14.412264823913574,226284
2012-05-03,13.418315887451172,13.418315887451172,13.418315887451172,13.418315887451172,331007
2012-05-04,13.418314169296744,14.350141525268555,13.418314169296744,14.350141525268555,134805
2012-05-07,14.847119267512259,15.344094276428223,14.412266742967601,15.344094276428223,244867
2012-05-08,16.400163650512695,16.400163650512695,16.400163650512695,16.400163650512695,179877
2012-05-09,17.518359157938054,17.518359157938054,16.95926284790039,16.95926284790039,493020
2012-05-10,17.021384034586795,18.139577865600586,17.021384034586795,18.139577865600586,113450
2012-05-11,18.139576062066578,18.139576062066578,16.897138595581055,16.897138595581055,106160
2012-05-14,16.3380431559766,16.3380431559766,15.71682560837074,15.778946876525879,98357
2012-05-15,15.530461317163022,16.524410247802734,15.530461317163022,16.524410247802734,74640
2012-05-16,15.716824686140914,15.716824686140914,15.406214714050293,15.406214714050293,69507
2012-05-17,14.971365777804934,16.027437258046763,14.971365777804934,15.033488273620605,62525
2012-05-18,14.909239659213805,14.909239659213805,14.101655925440626,14.598630905151367,72998
2012-05-21,15.468337195073838,15.592579724093826,15.406214714050293,15.406214714050293,55133
2012-05-22,15.716823701160246,16.400163650512695,15.716823701160246,16.400163650512695,39630
2012-05-23,15.965312957763674,15.965312957763674,15.84106919668873,15.965312957763672,41786
2012-05-24,15.965314762231094,15.965314762231094,14.909243281989264,15.033488273620605,39835
2012-05-25,14.909238549534797,15.033483501728606,14.288021087646484,14.288021087646484,41786
2012-05-28,14.101654875869226,14.350142347229934,13.791046144925069,14.288021087646484,57905
2012-05-29,14.288024012719266,15.281972885131836,14.288024012719266,15.281972885131836,41786
2012-05-30,15.716824725214439,15.716824725214439,14.350143520947821,14.909239768981934,33470
2012-05-31,15.219849704006762,15.406214714050295,14.909239731916141,15.406214714050293,39733
2012-06-01,15.033484684993308,15.530458450317383,15.033484684993308,15.530458450317383,38911
2012-06-04,14.909240776572009,15.157728285050027,14.53650951385498,14.53650951385498,56160
2012-06-05,14.536508486642132,15.530458450317383,14.536508486642132,15.530458450317383,130903
2012-06-06,16.08955477687018,16.275921004245518,16.08955477687018,16.21379852294922,91478
2012-06-07,15.903190629349774,16.213799403152706,15.654703123701982,15.778946876525879,75564
2012-06-08,14.784995977560945,15.530458450317383,14.784995977560945,15.530458450317383,61909
2012-06-11,15.34409443575553,16.089555740356445,15.34409443575553,16.089555740356445,43531
2012-06-12,15.965312957763674,15.965312957763674,15.77894792440811,15.965312957763672,41273
2012-06-13,15.65470220511737,15.841067215160901,15.344093449540301,15.406214714050293,36755
2012-06-14,14.350143520947821,14.97136225015992,14.350143520947821,14.909239768981934,72690
2012-06-15,14.909238549534797,14.909238549534797,14.288021087646484,14.288021087646484,78337
2012-06-18,14.7849978406687,15.281972885131836,14.412267773835051,15.281972885131836,114579
2012-06-19,15.157730019401216,15.157730019401216,14.78499871403618,14.971364974975586,22792
2012-06-20,15.095606803894043,15.095606803894043,14.59863179392709,15.095606803894043,29671
2012-06-21,14.59863096762861,15.530458450317383,14.59863096762861,15.530458450317383,23922
2012-06-22,15.530460262894254,16.027435302734375,14.909241463094103,16.027435302734375,86961
2012-06-25,15.654703123701982,15.778946876525879,15.468338102722948,15.778946876525879,14989
2012-06-26,15.406216641183281,16.027435446557995,15.406216641183281,15.965312957763672,33367
2012-06-27,15.654703123701982,15.841068144681016,15.654703123701982,15.778946876525879,30698
2012-06-28,14.722875585779569,15.841068144681016,14.722875585779569,15.778946876525879,52669
2012-06-29,15.592577805854763,15.65470027923584,15.530456548987086,15.65470027923584,80390
2012-07-02,15.654703123701982,15.778946876525879,15.406215618054189,15.778946876525879,32751
2012-07-03,15.903191685483053,15.965312957763674,15.903191685483053,15.965312957763672,83059
2012-07-04,15.841067205709123,15.96531095116853,15.530458450317383,15.530458450317383,40143
2012-07-05,16.027435523057118,16.027435523057118,15.468339203808153,15.592581748962402,52566
2012-07-06,15.71682560837074,15.778946876525879,15.530459370878084,15.778946876525879,41683
2012-07-09,15.592580639033221,15.778946876525879,15.592580639033221,15.778946876525879,101129
2012-07-10,15.778947710341656,15.778947710341656,15.033486370519068,15.716826438903809,115195
2012-07-11,15.468338920125051,15.716826438903809,15.468338920125051,15.716826438903809,39219
2012-07-12,15.592581463000743,15.716826438903809,15.468338920125051,15.716826438903809,59651
2012-07-13,15.2198478316219,15.716822752616919,15.157725358240823,15.65470027923584,44148
2012-07-16,15.406215756073959,15.406215756073959,14.78499698638916,14.78499698638916,50308
2012-07-17,14.412264823913574,14.598629819184964,14.412264823913574,14.412264823913574,38193
2012-07-18,14.412265843232355,14.412265843232355,13.418315887451172,13.418315887451172,106057
2012-07-19,13.666806392389987,13.853171441969264,12.610734939575195,12.610734939575195,82546
2012-07-20,12.734974721467614,12.734974721467614,12.237999789611813,12.424365997314453,91992
2012-07-23,13.169831304826836,13.169831304826836,12.42436988999592,12.610734939575195,63963
2012-07-24,11.927394058626607,12.113759096583944,11.741027804155538,11.86527156829834,85010
2012-07-25,11.492537510589512,12.424366125705168,11.492537510589512,12.23799991607666,57289
2012-07-26,12.424369115197816,12.424369115197816,11.86527156829834,11.86527156829834,47433
2012-07-27,12.30012334234842,12.362244606018066,12.175879598495596,12.362244606018066,60883
2012-07-30,12.548608643439586,12.548608643439586,12.23799991607666,12.23799991607666,32854
2012-07-31,12.175881586912212,12.424369115197816,11.86527156829834,11.86527156829834,63963
2012-08-01,11.678906312921193,12.300125122070312,11.678906312921193,12.300125122070312,35934
2012-08-02,12.300125122070312,12.300125122070312,12.300125122070312,12.300125122070312,0
2012-08-03,12.175880370284366,12.175880370284366,11.61678409576416,11.61678409576416,47433
2012-08-06,11.616785284107204,12.051637851382576,11.181931500318093,11.74102783203125,114271
2012-08-07,11.244052840579487,11.741026630978773,11.244052840579487,11.61678409576416,23819
2012-08-08,11.492539282973944,11.616784252896357,11.430418014526367,11.430418014526367,46612
2012-08-09,11.244051119913221,11.554659843444824,11.244051119913221,11.554659843444824,44148
2012-08-10,11.492540303155684,11.865271596469034,11.492540303155684,11.74102783203125,22587
2012-08-13,11.741025651647748,12.300123096046674,11.741025651647748,11.989514350891113,88090
2012-08-14,12.113758976010468,12.238002738916618,11.803150177001953,11.803150177001953,19507
2012-08-15,11.67890357616015,11.67890357616015,11.244051119913221,11.554659843444824,31930
2012-08-16,11.67890357616015,11.67890357616015,11.368294852628548,11.554659843444824,53388
2012-08-17,11.492537498474121,11.741024966707883,11.4304162396724,11.492537498474121,48870
2012-08-20,11.49253736883045,11.554659843444824,11.368294852628548,11.554659843444824,36858
2012-08-21,11.306174138940086,11.492539158782538,11.306174138940086,11.36829662322998,45174
2012-08-22,11.492537498474121,11.492537498474121,11.36829498087068,11.492537498474121,39219
2012-08-23,11.368296592307711,11.61678409576416,11.368296592307711,11.61678409576416,37987
2012-08-24,11.616782449104441,11.616782449104441,11.492537498474121,11.492537498474121,30287
2012-08-27,10.87132164585735,11.181930418648605,10.87132164585735,11.1198091506958,85215
2012-08-28,11.492540275869933,11.86527156829834,11.244053964098063,11.86527156829834,175462
2012-08-29,12.672856330871582,12.672856330871582,12.672856330871582,12.672856330871582,141068
2012-08-30,13.23195283856389,13.23195283856389,12.548611534509218,13.045586585998535,106879
2012-08-31,12.17588064031847,13.045585705190566,12.17588064031847,12.54861068725586,58008
2012-09-03,12.175878531386552,12.424365997314453,12.175878531386552,12.424365997314453,42710
2012-09-04,12.175880432128906,12.362245452411036,12.175880432128906,12.175880432128906,54722
2012-09-05,11.865270474990643,11.927392959594727,11.865270474990643,11.927392959594727,29774
2012-09-06,11.803147454465877,12.237999916076662,11.803147454465877,12.23799991607666,45277
2012-09-07,12.486490156558194,12.486490156558194,12.238002632898546,12.300125122070312,44969
2012-09-10,12.424368883900136,12.424368883900136,11.803150074751017,12.300125122070312,67454
2012-09-11,12.238000617107454,12.238000617107454,11.927391871951894,11.989514350891113,36242
2012-09-12,11.49253736883045,11.67890357616015,11.49253736883045,11.554659843444824,79466
2012-09-13,11.492539174930771,11.492539174930771,11.24405288696289,11.24405288696289,79569
2012-09-14,11.430416099837423,11.430416099837423,11.181928634643555,11.181928634643555,108932
2012-09-17,11.244052903115026,11.244052903115026,10.933442913810152,11.1198091506958,72279
2012-09-18,11.11980929097521,11.181930559711692,11.057686805725096,11.057686805725098,65092
2012-09-19,11.05768663480774,11.36829662322998,10.99556536703146,11.36829662322998,75667
2012-09-20,11.181930559711692,11.3682967989484,10.995565536988616,11.057686805725098,158522
2012-09-21,10.99556532121245,11.057686588729867,10.622834066567117,10.684956550598145,141376
2012-09-24,10.622834275028833,11.057686805725098,10.622834275028833,11.057686805725098,38193
2012-09-25,10.871321617993589,10.871321617993589,10.312225341796875,10.312225341796875,220021
2012-09-26,10.125858897676153,10.498589515686035,9.877370805241634,10.498589515686035,86858
2012-09-27,10.250102031508275,10.498589515686035,10.125858897676153,10.498589515686035,76283
2012-09-28,10.187980763137123,10.622833251953125,10.187980763137123,10.622833251953125,57803
2012-10-01,9.939494100942033,10.187981605529785,9.939494100942033,10.187981605529785,74230
2012-10-02,10.374344802512748,10.374344802512748,9.504639297555615,9.87736988067627,140554
2012-10-03,9.87736988067627,9.939492354162532,9.87736988067627,9.87736988067627,96304
2012-10-04,9.877371169366146,10.063736789369743,9.877371169366146,10.001615524291992,51848
2012-10-05,10.0016160806105,10.374346733093262,10.0016160806105,10.374346733093262,78337
2012-10-08,10.56071198919949,10.871320735994704,10.56071198919949,10.622833251953125,72998
2012-10-09,10.622834113792024,10.622834113792024,10.250102857489676,10.312225341796875,27618
2012-10-11,10.250102906475162,10.312225391079245,9.939494132995605,9.939494132995605,25667
2012-10-12,9.939494132995605,10.125859762037425,9.628884751259239,9.939494132995605,34702
2012-10-15,9.628883836342528,9.69100570678711,9.628883836342528,9.69100570678711,40554
2012-10-16,9.628883716459558,9.628883716459558,9.256153106689453,9.256153106689453,83470
2012-10-17,9.256153693054497,9.504640579223633,9.256153693054497,9.504640579223633,73614
2012-10-18,9.504639977117275,9.504639977117275,9.256153106689453,9.256153106689453,45174
2012-10-19,9.256153106689453,9.256153106689453,9.007665019748138,9.256153106689453,49897
2012-10-22,9.318274484119623,9.877370709864099,9.318274484119623,9.69100570678711,92300
2012-10-23,9.691006695045546,9.939494202163846,9.442519187927246,9.442519187927246,59343
2012-10-24,9.069788932800293,9.691007119551113,9.069788932800293,9.069788932800293,66427
2012-10-25,8.634934418945557,9.007665029102752,8.634934418945557,8.883421897888184,105955
2012-10-26,8.697056770324707,8.821300516676645,8.697056770324707,8.697056770324707,108419
2012-10-29,8.821300516676645,8.821300516676645,8.448569277620829,8.697056770324707,69712
2012-10-30,8.448569277620829,8.697056770324707,8.448569277620829,8.697056770324707,25975
2012-10-31,8.697056770324707,8.821300516676645,8.697056770324707,8.697056770324707,23203
2012-11-01,8.634934897148737,8.697056770324707,8.448569277620829,8.697056770324707,34907
2012-11-02,8.13796135550718,8.572814544886832,8.13796135550718,8.262205123901367,188809
2012-11-05,7.7031073570251465,7.7031073570251465,7.7031073570251465,7.7031073570251465,214271
2012-11-06,7.4546204545936945,7.76522984295404,7.4546204545936945,7.7031073570251465,112218
2012-11-07,7.765228412432217,8.200081476027428,7.765228412432217,8.075837135314941,62320
2012-11-08,7.827351945086911,8.386448860168457,7.827351945086911,8.386448860168457,58008
2012-11-09,7.951594900469853,8.697056770324707,7.827351154117914,8.697056770324707,103183
2012-11-12,8.26220319195118,9.256153106689453,8.26220319195118,9.256153106689453,83983
2012-11-13,9.753128608512332,9.753128608512332,9.007666084353312,9.194031715393066,56571
2012-11-14,9.06978856962338,9.31827546941957,9.06978856962338,9.194031715393066,57392
2012-11-15,8.821301554629928,9.256154718028458,8.821301554629928,9.00766658782959,23614
2012-11-16,8.821301408086152,8.821301408086152,8.386448860168457,8.386448860168457,46406
2012-11-19,8.262205123901367,8.572814544886832,8.262205123901367,8.262205123901367,34394
2012-11-20,8.013717651367188,8.38644893124728,7.889473283150311,8.013717651367188,39630
2012-11-21,7.951593869866675,7.951593869866675,7.765228274493543,7.82735013961792,67043
2012-11-22,7.5167432897069855,7.7652302036817025,7.5167432897069855,7.640986442565918,45277
2012-11-23,7.703107643210266,8.013717651367188,7.703107643210266,8.013717651367188,58111
2012-11-26,7.827352023088511,7.951595783233643,7.827352023088511,7.951595783233643,45996
2012-11-27,7.827352023088511,8.013717663306208,7.827352023088511,7.951595783233643,21355
2012-11-28,7.827352023088511,7.951595783233643,7.827352023088511,7.951595783233643,34497
2012-11-29,7.951595771387173,8.137960803070373,7.951595771387173,8.013717651367188,86037
2012-11-30,7.827350278660104,8.075837135314941,7.827350278660104,8.075837135314941,62217
2012-12-03,7.578865005990233,8.262205123901367,7.578865005990233,8.262205123901367,125051
2012-12-04,8.200081497284904,8.82129955291748,8.200081497284904,8.82129955291748,95380
2012-12-05,9.318275916636162,9.38039779663086,9.318275916636162,9.38039779663086,76180
2012-12-06,10.001615524291992,10.001615524291992,10.001615524291992,10.001615524291992,50616
2012-12-07,10.684956550598145,10.684956550598145,10.684956550598145,10.684956550598145,65708
2012-12-10,11.430418014526367,11.430418014526367,11.430418014526367,11.430418014526367,294970
2012-12-11,12.17588046498382,12.17588046498382,11.492539216907003,11.927392959594727,575874
2012-12-12,11.678906558069226,11.865271596469034,11.678906558069226,11.74102783203125,176181
2012-12-13,11.80314937686744,12.54861068725586,11.80314937686744,12.54861068725586,153285
2012-12-14,12.797097165087933,13.418315887451172,12.797097165087933,13.418315887451172,286962
2012-12-17,14.350141525268555,14.350141525268555,14.350141525268555,14.350141525268555,95893
2012-12-18,15.344094276428223,15.344094276428223,15.344094276428223,15.344094276428223,275052
2012-12-19,16.400163650512695,16.400163650512695,16.400163650512695,16.400163650512695,120328
2012-12-20,17.51835823059082,17.51835823059082,17.51835823059082,17.51835823059082,785834
2012-12-21,18.698671125319194,18.698671125319194,16.338041305541992,16.338041305541992,1089120
2012-12-24,14.16377591757564,16.275917993727855,14.16377591757564,16.151674270629883,650310
2012-12-25,15.2198478316219,15.84106526635227,15.2198478316219,15.65470027923584,289220
2012-12-26,15.65470220511737,16.151677187251522,15.406214714050293,15.406214714050293,117248
2012-12-27,15.406216432173517,15.778947710341656,15.406216432173517,15.716826438903809,107803
2012-12-28,16.338042187546748,16.338042187546748,15.530458450317383,15.530458450317383,290452
2013-01-02,15.406216502934225,16.027435302734375,15.406216502934225,16.027435302734375,164066
2013-01-03,15.71682184804364,16.151674270629883,15.71682184804364,16.151674270629883,149897
2013-01-04,15.903186824433934,16.2137955239222,15.903186824433934,16.151674270629883,112936
2013-01-07,16.586530685424805,16.772896923184884,16.586530685424805,16.586530685424805,135729
2013-01-08,16.586529837216453,16.897138595581055,16.586529837216453,16.897138595581055,124333
2013-01-09,17.145626068115234,17.145626068115234,17.145626068115234,17.145626068115234,125975
2013-01-10,16.897137619477174,17.766843795776367,16.897137619477174,17.766843795776367,157598
2013-01-11,18.139577865600586,18.450186654847574,18.139577865600586,18.139577865600586,259959
2013-01-14,17.704724574667928,18.636550903320312,17.704724574667928,18.636550903320312,193327
2013-01-15,18.636551685093032,19.00928296209763,18.139577865600586,18.139577865600586,245072
2013-01-16,18.20169837331314,18.69867338847198,18.20169837331314,18.636550903320312,229364
2013-01-17,18.636550677221987,18.636550677221987,17.331993103027344,17.331993103027344,130185
2013-01-18,17.394114381678317,18.325941916116196,17.394114381678317,18.26382064819336,134394
2013-01-21,17.021381378173828,17.20774759584804,17.021381378173828,17.021381378173828,256879
2013-01-22,15.84106731414795,15.84106731414795,15.84106731414795,15.84106731414795,373923
2013-01-23,16.71077552421333,16.71077552421333,15.84106919668873,15.965312957763672,186037
2013-01-24,16.08955662185395,16.46228790283203,15.841069101201901,16.46228790283203,142916
2013-01-25,16.462288971862527,16.89714155298529,16.462288971862527,16.524410247802734,120534
2013-01-28,16.52441006336085,17.269872665405273,16.275923745859803,17.269872665405273,117864
2013-01-29,17.891088622514744,17.891088622514744,17.580478646703504,17.82896614074707,201335
2013-01-30,17.82896604462442,17.82896604462442,17.394113540649414,17.394113540649414,172587
2013-01-31,17.39411259700876,17.39411259700876,17.021381378173828,17.021381378173828,86139
2013-02-01,16.959260959592044,16.959260959592044,16.710773468017578,16.710773468017578,120123
2013-02-04,16.64865227905134,17.394113540649414,16.64865227905134,17.394113540649414,175667
2013-02-05,16.897141253616272,16.897141253616272,16.46228868019785,16.64865493774414,127413
2013-02-06,16.897139426079757,17.083505663469314,16.835018157958984,16.835018157958984,76694
2013-02-18,16.959260097469578,17.766843795776367,16.897137619477174,17.766843795776367,216325
2013-02-19,17.704722534297456,17.766843795776367,16.959260097469578,17.766843795776367,115195
2013-02-20,17.704724265763993,18.13957678818406,17.704724265763993,18.077455520629883,351438
2013-02-21,18.015334152383694,18.015334152383694,17.580480386516342,17.891090393066406,98973
2013-02-22,17.394115305233846,17.704725310880992,16.959262757144263,17.45623779296875,59343
2013-02-25,17.51835823059082,17.51835823059082,17.4562369623256,17.51835823059082,191171
2013-02-26,16.95926184618018,17.394114370911726,16.95926184618018,17.331993103027344,141786
2013-02-27,17.33199212239599,17.704723358154297,17.33199212239599,17.704723358154297,190349
2013-03-01,17.7047215804806,17.766842838612817,17.64259910583496,17.64259910583496,129877
2013-03-04,17.642602089516256,18.69867338847198,17.642602089516256,18.636550903320312,309036
2013-03-05,19.382012448028785,19.94110870361328,19.382012448028785,19.94110870361328,630084
2013-03-06,20.500204818746685,21.307789780352397,20.003231048583984,20.003231048583984,994562
2013-03-07,20.68657307593665,21.36991310119629,20.68657307593665,21.36991310119629,590761
2013-03-08,22.860836029052734,22.860836029052734,22.860836029052734,22.860836029052734,694150
2013-03-11,24.41387939453125,24.41387939453125,24.41387939453125,24.41387939453125,1392818
2013-03-12,24.848735815071294,24.848735815071294,22.73659324645996,22.73659324645996,639324
2013-03-13,22.053253524280546,22.053253524280546,21.30779100154228,21.43203353881836,477106
2013-03-14,22.922960257874326,22.922960257874326,21.432035103547033,21.804767608642578,439631
2013-03-15,23.17144597194885,23.17144597194885,20.313840866088867,20.313840866088867,578852
2013-03-18,19.009282066305556,20.313840866088867,19.009282066305556,20.313840866088867,731008
2013-03-19,20.313840634171843,21.12142562866211,20.313840634171843,21.12142562866211,367352
2013-03-20,22.23961817770252,22.23961817770252,21.12142562866211,21.12142562866211,597640
2013-03-21,21.991130674246072,21.991130674246072,21.12142562866211,21.12142562866211,217967
2013-03-22,21.121427443798662,21.121427443798662,20.43808492579781,20.935062408447266,241273
2013-03-25,21.68052104639778,21.68052104639778,21.36991348669395,21.43203353881836,382444
2013-03-26,21.618397164510657,21.929004669189453,21.556274690364166,21.929004669189453,473512
2013-03-27,22.985078922356582,23.419931411743164,22.985078922356582,23.419931411743164,976389
2013-03-28,23.73054155373834,23.792661600526653,22.612346649169922,22.612346649169922,650823
2013-03-29,22.736593361452158,23.91690840379354,22.736593361452158,23.854785919189453,686347
2013-04-01,23.91690840379354,24.041150939974465,23.854785919189453,23.854785919189453,1063864
2013-04-02,24.165396122191996,24.538126167047498,24.165396122191996,24.227516174316406,1363146
2013-04-03,24.662370853412853,24.662370853412853,24.351760864257812,24.351760864257812,509755
2013-04-08,24.35175896976198,24.35175896976198,23.916906478591525,24.103271484375,803596
2013-04-09,24.227515895384904,24.6002483689764,24.227515895384904,24.351760864257812,1014479
2013-04-10,24.538127967543172,24.538127967543172,23.233570281799178,23.606300354003906,561706
2013-04-11,23.606296261173934,23.979028701782227,23.606296261173934,23.979028701782227,836963
2013-04-12,24.351758709363494,24.351758709363494,23.979028701782227,23.979028701782227,847333
2013-04-15,24.041152873484076,25.656320571899414,24.041152873484076,25.656320571899414,1042303
2013-04-16,25.65631665301289,27.395729064941406,25.65631665301289,27.395729064941406,1158525
2013-04-17,29.197263578140063,29.259386062622074,29.197263578140063,29.25938606262207,1676289
2013-04-18,30.004850664973745,31.247285842895508,30.004850664973745,31.247285842895508,2056064
2013-04-19,32.30335444046362,33.421546936035156,32.30335444046362,33.421546936035156,1394152
2013-04-22,35.72005844116211,35.72005844116211,35.72005844116211,35.72005844116211,960373
2013-04-23,38.204933166503906,38.204933166503906,38.204933166503906,38.204933166503906,985527
2013-04-24,40.87616717230571,40.87616717230571,35.533687591552734,35.533687591552734,3979788
2013-04-25,33.048818616648646,38.01856383794252,33.048818616648646,37.956443786621094,2055654
2013-04-26,39.136757106233475,39.136757106233475,36.65188217163086,36.65188217163086,1397951
2013-04-29,36.96249194907776,39.136756896972656,36.96249194907776,39.136756896972656,847846
2013-04-30,40.37919998168945,40.814055004459156,40.37919998168945,40.37919998168945,1727726
2013-05-02,40.379191924603646,40.379191924603646,39.136756896972656,39.136756896972656,694047
2013-05-03,39.82009901658651,39.94434155276743,39.75797653198242,39.75797653198242,509447
2013-05-06,39.757978670432216,39.757978670432216,38.515541076660156,38.515541076660156,629879
2013-05-07,39.13675706214173,39.13675706214173,37.14885711669922,37.14885711669922,972488
2013-05-08,36.52764142096405,36.52764142096405,34.601863861083984,34.601863861083984,948052
2013-05-09,33.545792050806554,34.78822708129883,32.241232105854415,34.78822708129883,1587479
2013-05-10,34.788230596716566,34.91247557213726,32.924575429625094,33.54579544067383,798154
2013-05-13,33.54579545393385,35.409450621761984,33.54579545393385,34.9124755859375,452876
2013-05-14,34.97459011935338,37.14885494958661,34.97459011935338,37.02461242675781,716429
2013-05-15,36.96249589139021,37.894323478013035,35.78218078613281,35.78218078613281,545381
2013-05-16,35.72005803314005,37.27310562133789,33.54579530250684,37.27310562133789,539632
2013-05-17,36.34127655456012,36.58976406118267,36.092789047937565,36.40339660644531,335216
2013-05-20,36.09278881671725,36.09278881671725,34.16701126098633,34.16701126098633,547024
2013-05-21,33.42155065731677,35.28520583511811,33.42155065731677,33.91852569580078,397742
2013-05-22,35.09883879659455,35.09883879659455,33.545793714923256,34.16701126098633,405032
2013-05-23,34.1670130186952,34.1670130186952,33.421550465253134,33.54579544067383,444149
2013-05-24,34.912475819056695,34.912475819056695,32.986698150634766,32.986698150634766,474026
2013-05-27,32.9245717501103,34.47761917114258,32.9245717501103,34.47761917114258,325360
2013-05-28,34.1670130186952,34.601865566612894,33.54579544067383,33.54579544067383,374539
2013-05-29,34.91247554819676,35.844303131103516,34.91247554819676,35.844303131103516,560474
2013-05-30,38.3291798027228,38.3291798027228,36.34128189086914,36.34128189086914,1775673
2013-05-31,37.33522222298655,38.701902222429766,37.33522222298655,37.583709716796875,1196410
2013-06-03,37.27310196030763,39.75797445111729,37.27310196030763,38.6397819519043,953494
2013-06-04,39.198883268207894,39.198883268207894,36.092790524839565,37.27310562133789,682445
2013-06-05,36.900371411921704,37.27310388627048,36.52764137060017,36.962493896484375,566429
2013-06-06,36.90036966509112,36.90036966509112,35.7821771610335,36.65188217163086,594868
2013-06-07,36.83825324150054,37.273105789590126,34.78823061046769,34.9124755859375,759858
2013-06-10,36.154913012294045,37.27310562133789,36.030668037385084,37.27310562133789,664068
2013-06-11,37.27310212179508,37.95644212055401,36.65188217163086,36.65188217163086,432445
2013-06-13,35.906423796201054,35.906423796201054,34.104888776471846,34.16701126098633,779058
2013-06-14,35.09883894596049,35.34732645204862,34.974593976402794,35.03671646118164,432239
2013-06-17,35.906419989190745,37.27309990544238,35.906419989190745,37.02461242675781,627312
2013-06-18,37.0867304237823,38.267045274101946,36.8382453918457,36.8382453918457,973104
2013-06-19,39.01251002568336,39.3852424621582,39.01251002568336,39.3852424621582,1346822
2013-06-20,39.13676109005987,39.13676109005987,37.273105915915465,38.515541076660156,1355548
2013-06-21,35.844303008049,38.515540772263336,35.844303008049,37.27310562133789,939531
2013-06-24,37.89431600146382,39.509483337402344,37.89431600146382,39.509483337402344,1049182
2013-06-25,39.75797275426173,39.75797275426173,38.577657824071444,38.76402282714844,707292
2013-06-26,40.006466189186625,40.006466189186625,37.956445984233255,38.515541076660156,595279
2013-06-27,38.515540772263336,38.515540772263336,37.27310562133789,37.27310562133789,625874
2013-06-28,37.95644413109309,37.95644413109309,36.34127655456012,36.40339660644531,592815
2013-07-01,37.024616326516345,38.515538922633866,37.024616326516345,38.39129638671875,524847
2013-07-02,38.329173826658604,38.329173826658604,37.2731037578675,37.956443786621094,256674
2013-07-03,38.515537112677386,38.515537112677386,37.14885711669922,37.14885711669922,294046
2013-07-04,36.34127451895484,36.34127451895484,34.726107032893196,34.78822708129883,900311
2013-07-05,34.78822708129883,34.78822708129883,32.80032957269492,34.78822708129883,626388
2013-07-08,34.1670130186952,34.1670130186952,33.421550465253134,33.54579544067383,421767
2013-07-09,34.04275823160473,34.04275823160473,32.303348541259766,32.303348541259766,435730
2013-07-10,30.06697654724121,30.43970665607987,30.06697654724121,30.06697654724121,1131934
2013-07-11,30.066970977198764,30.93667602539063,29.8184834729972,30.936676025390625,475874
2013-07-12,30.998791981038217,30.998791981038217,28.82452964782715,28.82452964782715,472280
2013-07-15,28.01694829511824,28.01694829511824,27.023000717163086,27.023000717163086,786142
2013-07-16,27.085117718174622,28.88665008544922,27.085117718174622,28.88665008544922,378338
2013-07-17,30.874546051025394,30.874546051025394,30.87454605102539,30.87454605102539,330801
2013-07-18,32.98669434699879,32.98669434699879,30.87455189070243,31.060916900634766,760064
2013-07-19,31.620013981680025,31.620013981680025,29.818481519040592,30.750308990478516,371664
2013-07-22,31.123039381621243,31.123039381621243,30.439699389851285,31.060916900634766,392403
2013-07-23,30.750308990478516,30.750308990478516,28.886651614575598,30.750308990478516,480083
2013-07-24,28.638170242309574,28.638170242309574,28.63817024230957,28.63817024230957,957806
2013-07-25,27.085119142792827,27.085119142792827,26.650266647338867,26.650266647338867,848052
2013-07-26,24.786613471973997,26.46390352616492,24.786613471973997,25.718441009521484,597024
2013-07-29,23.979028701782227,23.979028701782227,23.979028701782227,23.979028701782227,460473
2013-07-30,22.30174262889561,25.656320571899414,22.30174262889561,25.656320571899414,1166739
2013-07-31,24.227517751431943,24.227517751431943,23.91691017150879,23.91691017150879,620125
2013-08-01,22.985082565684486,25.345712824843048,22.985082565684486,23.91691017150879,619406
2013-08-02,24.476003719113688,24.476003719113688,23.04720115661621,23.04720115661621,277619
2013-08-05,21.929009973056264,24.600250244140625,21.929009973056264,24.600250244140625,461911
2013-08-06,25.283586558469732,25.283586558469732,24.04114912530566,24.289636611938477,594355
2013-08-07,23.109321714632756,24.227514190673826,23.109321714632756,23.295686721801758,237885
2013-08-08,22.36386072859603,22.61234823222669,21.680520701868524,22.053253173828125,648154
2013-08-09,22.61234834213566,22.61234834213566,22.053253281019572,22.2396183013916,222382
2013-08-12,22.860837776567003,23.606300354003906,22.55023019407221,23.606300354003906,206058
2013-08-13,23.979032651505218,24.600250244140625,23.979032651505218,24.600250244140625,225462
2013-08-14,26.277536745080017,26.277536745080017,24.91085433959961,24.91085433959961,435935
2013-08-15,24.724488981328932,24.724488981328932,24.103271484375,24.103271484375,252670
2013-08-16,23.10932154282707,24.103271484375,22.860834057440087,24.103271484375,265504
2013-08-19,24.16539412854749,24.16539412854749,23.544174194335938,23.544174194335938,134600
2013-08-20,23.295688557726663,23.295688557726663,22.860836029052734,22.860836029052734,109035
2013-08-22,23.54417606454423,23.54417606454423,22.363861015417598,22.860836029052734,196099
2013-08-23,23.482053261957546,23.482053261957546,23.23356819152832,23.23356819152832,98562
2013-08-26,23.668420714320302,23.668420714320302,23.23356819152832,23.23356819152832,80801
2013-08-27,24.103273237112283,24.103273237112283,23.23356819152832,23.23356819152832,158522
2013-08-28,23.23356843759065,23.357810974121094,23.171445952811805,23.357810974121094,114271
2013-08-29,22.98508093150252,23.357810974121094,22.922958446723673,23.357810974121094,162731
2013-08-30,23.54417196581042,23.979026851809035,21.929004669189453,21.929004669189453,208727
2013-09-02,22.363858994924,23.419931411743164,22.363858994924,23.419931411743164,150205
2013-09-03,24.165393963978506,24.165393963978506,23.854783998988015,24.103271484375,159754
2013-09-04,24.103273486374906,24.413883477164433,22.425983428955078,22.425983428955078,290966
2013-09-05,23.979028701782227,23.979028701782227,23.979028701782227,23.979028701782227,140554
2013-09-06,25.65632018992534,25.65632018992534,24.84873756925477,25.594200134277344,1189018
2013-09-09,25.345706926484706,25.345706926484706,24.475999579223625,24.848731994628906,377414
2013-09-10,24.848732119349627,25.96692450512418,24.538122177124023,24.538122177124023,285113
2013-09-11,24.538122053962315,24.848731994628906,24.227512113295724,24.848731994628906,197741
2013-09-12,25.097221615259794,25.469951629638672,25.097221615259794,25.469951629638672,288604
2013-09-13,25.469955574149147,26.09117317199707,25.469955574149147,26.09117317199707,374950
2013-09-16,27.519969813753235,28.57604217529297,27.519969813753235,28.57604217529297,698359
2013-09-17,29.818479532096504,29.818479532096504,28.57604217529297,28.57604217529297,624540
2013-09-18,29.694234579902695,29.694234579902695,27.954822280377744,28.57604217529297,305647
2013-09-23,28.451804783639645,28.451804783639645,27.085124544499234,27.706344604492188,300206
2013-09-24,27.70634092918835,27.70634092918835,26.712390911471207,27.64421844482422,306469
2013-09-25,27.64421825751346,27.64421825751346,27.023000717163086,27.023000717163086,154004
2013-09-26,26.712391320693552,26.712391320693552,26.091171333589898,26.526023864746094,274744
2013-09-27,26.71238908279768,27.395729064941406,26.71238908279768,27.395729064941406,225462
2013-09-30,27.333608802545545,27.95482635498047,27.147243780117794,27.95482635498047,247742
2013-10-01,27.333603099688997,28.576040378365192,27.333603099688997,28.265430450439453,296920
2013-10-02,28.700282889719432,28.700282889719432,28.265430450439453,28.265430450439453,399693
2013-10-03,28.26543444552379,29.694236909694087,28.26543444552379,29.38362693786621,533882
2013-10-04,29.694232879047515,29.694232879047515,28.70028305053711,28.70028305053711,312629
2013-10-07,28.700288568338458,29.507873567522875,28.700288568338458,29.25938606262207,410371
2013-10-08,30.43969925957958,30.43969925957958,29.073019281888595,29.197261810302734,550823
2013-10-09,29.19726548830831,29.19726548830831,27.209367752075195,27.209367752075195,443738
2013-10-11,27.9548260005904,27.9548260005904,27.64421844482422,27.64421844482422,341171
2013-10-14,26.091171051329578,26.153293535973344,25.71844100952148,25.718441009521484,393841
2013-10-15,25.71843720962566,26.712387084960938,25.71843720962566,26.712387084960938,349693
2013-10-16,25.842685646252413,26.09117317199707,25.65632061020078,26.09117317199707,248768
2013-10-17,25.966926604161884,25.966926604161884,25.159341662304897,25.469951629638672,278748
2013-10-18,24.91085799577831,25.656320571899414,24.91085799577831,25.656320571899414,265812
2013-10-21,27.20936215837301,27.20936215837301,26.712387218226016,26.898752212524414,456675
2013-10-22,27.02300287476912,27.02300287476912,25.78056526184082,25.78056526184082,309344
2013-10-23,26.4017809646183,26.4017809646183,25.221465924961013,25.283588409423828,348358
2013-10-24,26.215416304221538,26.588146350061916,26.215416304221538,26.526023864746094,492917
2013-10-25,25.345713027790538,26.09117317199707,25.345713027790538,26.09117317199707,290350
2013-10-28,25.966926466759425,25.966926466759425,25.532073974609375,25.532073974609375,209549
2013-10-29,25.345712661743164,25.53207769510328,25.345712661743164,25.345712661743164,190041
2013-10-30,26.588147885473656,26.588147885473656,25.469955250351894,25.78056526184082,301849
2013-10-31,25.532075914247848,25.532075914247848,25.159343440498198,25.283588409423828,151540
2013-11-01,26.153293749800106,26.153293749800106,25.15934371948242,25.159343719482422,158316
2013-11-04,25.469951629638672,25.469951629638672,25.159341662304897,25.469951629638672,239733
2013-11-05,25.469953712213513,25.469953712213513,25.15934371948242,25.159343719482422,168891
2013-11-06,25.221464172125003,25.221464172125003,24.848734157306502,24.972976684570312,250206
2013-11-07,26.091171051329578,26.091171051329578,25.159343513782094,25.718441009521484,485320
2013-11-08,25.594198184632734,27.02300071716309,25.594198184632734,27.023000717163086,501541
2013-11-11,28.576044021921845,28.576044021921845,27.333606584830047,27.395729064941406,914068
2013-11-12,27.209364224833827,27.209364224833827,25.84268181912116,26.836631774902344,434601
2013-11-13,26.712392709760067,27.209367752075195,26.401782700056263,27.209367752075195,297434
2013-11-14,27.333610405963412,27.333610405963412,25.345712661743164,25.345712661743164,277003
2013-11-15,26.58814392439944,26.650266404047763,26.27753639221191,26.277536392211914,278029
2013-11-18,26.96087650776966,27.02299898773713,26.153291567273744,26.21541404724121,157495
2013-11-19,25.966926604161884,25.966926604161884,25.469951629638672,25.469951629638672,163552
2013-11-20,25.469951629638672,25.780561596972444,25.469951629638672,25.469951629638672,171663
2013-11-21,24.97297869705467,25.40783122706184,24.97297869705467,25.159343719482422,349795
2013-11-22,25.469953320990655,25.469953320990655,25.09722328186035,25.09722328186035,207803
2013-11-25,25.22146418744743,25.22146418744743,24.724489212036133,24.724489212036133,183060
2013-11-26,24.786609519890217,24.97297451107943,24.786609519890217,24.848731994628906,234292
2013-11-27,24.8487336748232,24.8487336748232,23.979028701782227,23.979028701782227,298769
2013-11-28,23.979031099764246,25.345711174937435,23.979031099764246,25.159343719482422,372896
2013-11-29,26.215420054276695,26.215420054276695,25.22146987915039,25.22146987915039,266530
2013-12-02,25.407830836793195,25.407830836793195,25.09722328186035,25.09722328186035,166838
2013-12-03,25.28359237335269,25.34571486755499,24.84873977999184,25.22146987915039,192505
2013-12-04,25.159339502268637,25.159339502268637,24.848731994628906,24.848731994628906,228748
2013-12-05,24.91085203634074,25.221461977007326,24.848731994628906,24.848731994628906,190247
2013-12-06,25.469949442935228,25.469949442935228,24.848731994628906,24.848731994628906,222177
2013-12-09,24.910854083668372,24.910854083668372,24.786611557006836,24.786611557006836,269405
2013-12-10,24.786611677161066,24.972976684570312,24.786611677161066,24.972976684570312,372793
2013-12-11,25.159339502268637,25.221461977007326,24.786609519890217,24.848731994628906,324949
2013-12-12,24.662367003439694,24.848731994628906,24.662367003439694,24.848731994628906,231006
2013-12-13,24.786611460932438,24.786611460932438,23.97902895819503,24.103271484375,352362
2013-12-16,24.662370919960818,24.662370919960818,23.60629841380036,23.854785919189453,250000
2013-12-17,23.97902720075018,24.538122177124023,23.97902720075018,24.538122177124023,267557
2013-12-18,24.786613389258527,24.786613389258527,23.854785854820644,24.351760864257812,141581
2013-12-19,24.35176293144081,24.35176293144081,22.736595230174576,23.606300354003906,433266
2013-12-20,23.54417397427545,23.606296453721377,22.674468994140625,22.674468994140625,241581
2013-12-23,22.736593596440077,23.04720115661621,22.736593596440077,23.04720115661621,438091
2013-12-24,23.04719900476211,23.04719900476211,22.674468994140625,22.674468994140625,375155
2013-12-25,22.736593425414384,23.357810974121094,22.736593425414384,23.357810974121094,277927
2013-12-26,23.357810974121094,23.357810974121094,22.48810591932625,23.357810974121094,264271
2013-12-27,23.419937285398422,23.916912378773645,23.419937285398422,23.792667388916016,363142
2013-12-30,24.289636584306564,24.786611557006836,24.289636584306564,24.786611557006836,401644
2013-12-31,24.78661181166162,24.91085433959961,24.78661181166162,24.91085433959961,452054
2014-01-02,25.345711141214654,26.339658737182617,25.345711141214654,26.339658737182617,828750
2014-01-03,26.58814627980728,27.95482635498047,26.58814627980728,27.95482635498047,718791
2014-01-06,29.88060188293457,29.88060188293457,29.88060188293457,29.88060188293457,1114480
2014-01-07,31.930625915527347,31.930625915527347,31.930625915527344,31.930625915527344,954418
2014-01-08,34.10488510131836,34.10488510131836,34.10488510131836,34.10488510131836,519406
2014-01-09,36.46552276611328,36.46552276611328,36.46552276611328,36.46552276611328,2336969
2014-01-10,38.950399877012,38.950399877012,34.167016496912154,36.34128189086914,3895188
2014-01-13,37.21098140170781,37.27310388627048,36.962493896484375,36.962493896484375,1733784
2014-01-14,36.962495706054156,36.962495706054156,36.03066812410367,36.77613067626953,1144767
2014-01-15,36.838253163873524,37.210983223442774,36.77613067626953,36.77613067626953,1763045
2014-01-16,36.776128697367554,36.776128697367554,34.22913360595703,34.22913360595703,1169511
2014-01-17,31.86850357055664,31.86850357055664,31.86850357055664,31.86850357055664,1090660
2014-01-20,29.818480269325182,32.676082611083984,29.818480269325182,32.676082611083984,1424029
2014-01-21,32.24123187424235,32.24123187424235,31.060916900634766,31.060916900634766,738298
2014-01-22,32.80032933706645,32.80032933706645,31.060916900634766,31.060916900634766,490556
2014-01-23,31.060924301618854,31.37153434753418,30.56394920136541,31.37153434753418,404005
2014-01-24,31.43365684332278,31.43365684332278,30.56394920136541,31.37153434753418,385832
2014-01-27,29.88060192702718,31.2472819105671,29.88060192702718,31.060916900634766,573821
2014-02-05,30.50182367881907,31.557893753051758,30.50182367881907,31.557893753051758,712322
2014-02-06,32.6760824633172,33.732154846191406,32.4897174642885,33.732154846191406,774232
2014-02-07,34.229131681098494,34.97459171820364,34.229131681098494,34.47761917114258,1009449
2014-02-10,34.78822708129883,35.59581204084321,34.78822708129883,34.78822708129883,784191
2014-02-11,35.4094506077653,35.4094506077653,33.54579544067383,33.54579544067383,483677
2014-02-12,34.16701345728071,34.16701345728071,33.35942840576172,33.35942840576172,463246
2014-02-13,32.67608818875521,32.67608818875521,32.05487060546875,32.05487060546875,386551
2014-02-14,31.060920809509984,32.05487089826932,31.060920809509984,31.247285842895508,542301
2014-02-17,29.073022842407227,29.073022842407227,29.073022842407227,29.073022842407227,1523106
2014-02-18,27.333610156985497,30.439702939128306,27.333610156985497,30.004850387573242,1112734
2014-02-19,29.19726538603712,29.25938787436576,29.073022842407227,29.073022842407227,453184
2014-02-20,28.638168320723807,29.942725887746903,28.638168320723807,29.818483352661133,344354
2014-02-21,30.43969925957958,30.43969925957958,28.76240931131261,29.197261810302734,427311
2014-02-24,29.6942403769949,29.6942403769949,28.451802777635056,28.63817024230957,383676
2014-02-25,29.010896767322812,29.694236755371097,28.88665180602653,29.694236755371094,473820
2014-02-26,29.507873577340337,30.191213607788086,29.38362860833498,30.191213607788086,355032
2014-02-27,30.25333644420205,30.25333644420205,29.56999397277832,29.56999397277832,293943
2014-03-03,29.259388068778822,29.259388068778822,28.638170480446927,28.762413024902344,336859
2014-03-04,26.774511337280273,26.774511337280273,26.774511337280273,26.774511337280273,677107
2014-03-05,24.91085433959961,24.91085433959961,24.91085433959961,24.91085433959961,908216
2014-03-06,23.171445967675968,26.401781115866676,23.171445967675968,26.15329360961914,3272188
2014-03-07,24.538122053962315,25.221461977007326,24.538122053962315,24.848731994628906,1714277
2014-03-10,24.786615493355473,24.786615493355473,23.357812828191605,23.606300354003906,1047334
2014-03-11,23.916912099067833,25.22146987915039,23.916912099067833,25.22146987915039,695177
2014-03-12,26.401782851791264,26.401782851791264,25.78056526184082,25.78056526184082,1371360
2014-03-13,25.78055938360182,26.09116689124155,23.979027080394683,24.848731994628906,772282
2014-03-14,24.289634588034414,24.848731994628906,24.289634588034414,24.848731994628906,678749
2014-03-17,23.109319849123867,24.786609644299133,23.109319849123867,24.538122177124023,1966742
2014-03-18,24.04115100760665,24.04115100760665,23.23356843759065,23.357810974121094,871153
2014-03-19,23.606296453721377,23.606296453721377,22.550226468275813,22.674468994140625,709448
2014-03-20,21.74264175135733,23.295686721801758,21.74264175135733,23.295686721801758,1022385
2014-03-21,22.922956466674805,23.047198992473373,22.922956466674805,22.922956466674805,400206
2014-03-24,22.922956478897298,22.922956478897298,22.36385902993803,22.674468994140625,348769
2014-03-25,22.985086319988145,23.668426513671875,22.985086319988145,23.668426513671875,644458
2014-03-26,23.66842284371384,23.66842284371384,23.29569033848167,23.606300354003906,430597
2014-03-27,23.357809187283294,23.544174194335938,23.171444180230655,23.544174194335938,434190
2014-03-28,23.544174194335938,23.544174194335938,23.544174194335938,23.544174194335938,295072
2014-03-31,25.15934371948242,25.159343719482422,25.15934371948242,25.159343719482422,709448
2014-04-01,26.89875605261678,26.89875605261678,25.46995350397367,25.718441009521484,1223926
2014-04-02,25.035099135187625,25.780561596972444,25.035099135187625,25.469951629638672,628030
2014-04-03,26.091169206574534,26.401779174804688,25.46995170314131,26.401779174804688,901440
2014-04-07,26.277540294967046,27.147245407104492,26.277540294967046,27.147245407104492,900311
2014-04-08,27.02299882260463,27.02299882260463,26.339656413192365,26.774511337280273,710680
2014-04-09,27.33361085700068,27.33361085700068,25.84268569946289,25.84268569946289,375976
2014-04-10,26.091169131279152,26.15329161135132,25.469951629638672,25.469951629638672,472075
2014-04-11,25.469951629638672,25.594196589783007,25.469951629638672,25.469951629638672,313142
2014-04-14,26.401783148020517,26.401783148020517,25.656320571899414,25.656320571899414,258009
2014-04-15,25.84268569946289,25.966930679104763,25.7805656426694,25.84268569946289,285627
2014-04-16,25.656316501069224,25.656316501069224,25.469951494865928,25.532073974609375,459036
2014-04-17,25.46995170314131,27.085119158489356,25.46995170314131,26.401779174804688,924130
2014-04-18,27.1472416387408,27.1472416387408,26.15329168682598,26.401779174804688,762015
2014-04-21,26.401779115267967,27.395729064941406,26.401779115267967,27.395729064941406,989736
2014-04-22,27.892708113132645,28.88665577493169,27.768463134765625,27.768463134765625,2013559
2014-04-23,29.383626785157478,29.694236755371097,29.383626785157478,29.694236755371094,1983374
2014-04-24,31.68213646191644,31.68213646191644,30.377576542087105,30.750308990478516,3992006
2014-04-25,29.756360868604634,30.6260659132867,29.756360868604634,29.818483352661133,1073412
2014-04-28,28.576045951989375,31.18516352959219,28.576045951989375,30.936676025390625,1032241
2014-04-29,30.93667602539063,31.37152854948656,30.936676025390625,30.936676025390625,1039736
2014-04-30,31.06091652560644,31.123039005842855,30.750308990478516,30.750308990478516,804006
2014-05-02,30.750312996471493,31.93062567656601,30.750312996471493,31.80638313293457,1333988
2014-05-05,33.04882059496746,33.91852569580078,32.42760058034876,33.91852569580078,1724852
2014-05-06,33.91851836762691,35.4094431609612,33.85639589298127,35.28519821166992,2566641
2014-05-07,35.40944900940038,35.4715690612793,34.042766506600955,35.4715690612793,2211404
2014-05-08,35.720056361608414,36.03066635131836,35.720056361608414,36.03066635131836,1525056
2014-05-09,36.03066422605888,36.03066422605888,34.66398424479198,35.409446716308594,1292817
2014-05-12,34.29125179252013,35.409446716308594,34.29125179252013,35.409446716308594,1162119
2014-05-13,36.09278696297635,37.27310194299377,36.09278696297635,37.21097946166992,2227728
2014-05-14,37.14885715855138,37.27310212179508,36.65188217163086,36.65188217163086,1236349
2014-05-15,36.52763740603406,36.52763740603406,34.10488510131836,34.10488510131836,1104624
2014-05-16,34.788225154724856,35.72005259250296,34.788225154724856,35.533687591552734,1294460
2014-05-19,36.03066422605888,36.40339424530364,35.409446716308594,35.409446716308594,775978
2014-05-20,36.0306665593803,36.527641572575135,35.40944900940038,35.4715690612793,1047334
2014-05-21,35.72005844116211,36.030668448955176,35.72005844116211,35.72005844116211,712425
2014-05-22,36.03066465449377,36.65188217163086,36.03066465449377,36.65188217163086,1140969
2014-05-23,37.27310790807036,37.45947294884007,37.27310790807036,37.335227966308594,1719718
2014-05-26,37.27310009889079,39.3852424621582,37.27310009889079,39.3852424621582,1704318
2014-05-27,41.0004152913486,42.11861038208008,41.0004152913486,42.11861038208008,2140562
2014-05-28,43.795895030705424,45.038330078125,43.795895030705424,45.038330078125,1756371
2014-05-29,48.1444206237793,48.1444206237793,48.1444206237793,48.1444206237793,2114997
2014-05-30,51.49899673461914,51.49899673461914,51.49899673461914,51.49899673461914,2657915
2014-06-03,55.10207589575673,55.10207589575673,47.89594017380002,51.56113052368164,7421792
2014-06-04,52.182345680604676,52.182345680604676,49.63535039887223,51.56113052368164,3572086
2014-06-05,51.25052057051103,55.1641960144043,51.25052057051103,55.1641960144043,3389539
2014-06-06,57.08997607644201,58.953626413265916,51.56113052368164,51.56113052368164,4518907
2014-06-09,47.95805562689281,50.31868540886015,47.95805562689281,48.1444206237793,4219214
2014-06-10,48.14442445602503,48.39290951630154,44.78984451293945,44.78984451293945,2862741
2014-06-11,43.485284447748995,46.28076934814453,42.55345939165331,46.28076934814453,3821471
2014-06-12,45.97015429757041,45.97015429757041,43.79588958538077,44.72771453857422,2007912
2014-06-13,44.72771453857422,45.59742431629303,44.72771453857422,44.72771453857422,1511299
2014-06-16,41.62163128216948,46.591376485244034,41.62163128216948,46.46713638305664,2819311
2014-06-17,47.15047435585192,47.83381435234017,45.97015937409456,46.28076934814453,1508116
2014-06-18,46.59137661197464,46.59137661197464,44.10650643670563,45.47318649291992,950722
2014-06-19,45.03832802407866,45.34893798828125,44.72771805987606,45.34893798828125,895793
2014-06-20,46.28076947276129,46.28076947276129,44.78984451293945,44.78984451293945,540864
2014-06-23,47.647450003576715,47.647450003576715,45.038330078125,45.038330078125,895999
2014-06-24,43.48528637206599,45.348941432782325,43.48528637206599,44.10650634765625,721357
2014-06-25,45.2868213184993,45.2868213184993,44.47923632456891,44.60348129272461,720023
2014-06-26,44.10649952512982,44.72771453857422,44.10649952512982,44.72771453857422,1218895
2014-06-27,44.78983944615624,44.97620443679494,43.8580096269091,44.72771453857422,725875
2014-06-30,46.28077514431955,47.83382034301758,46.28077514431955,47.83382034301758,969921
2014-07-01,51.06414409164891,51.06414409164891,48.76563441202244,49.07624435424805,1184501
2014-07-02,50.25656633678121,50.93990636009012,49.69747128117967,50.31869125366211,1524132
2014-07-03,50.815654784166874,53.797504425048835,50.815654784166874,53.79750442504883,1989226
2014-07-04,55.22630668074595,55.22630668074595,53.79750670846214,54.35660171508789,1845591
2014-07-07,54.23237868464412,54.23237868464412,53.611158571157176,54.17025375366211,980906
2014-07-08,53.85962419909745,53.85962419909745,53.23840917655323,53.424774169921875,1029777
2014-07-09,49.697473344369676,52.24446852480993,49.697473344369676,50.00808334350586,964171
2014-07-10,51.87173081138424,51.87173081138424,50.5050509098723,51.374755859375,522999
2014-07-11,50.132319475501404,50.132319475501404,48.641399383544915,48.64139938354492,935732
2014-07-14,49.6353410943157,51.374755859375,48.641396056351134,51.374755859375,905034
2014-07-15,51.685365812637514,52.61719080637114,51.374755859375,51.374755859375,669098
2014-07-16,51.312636900292475,51.312636900292475,50.07020180919962,50.567176818847656,327927
2014-07-17,50.56717324489846,51.56112319394489,50.56717324489846,50.939903259277344,348358
2014-07-18,48.765638148206996,50.31868797832209,48.765638148206996,50.07019805908203,508626
2014-07-21,50.31869747598371,50.31869747598371,49.6974774266823,49.88384246826172,231212
2014-07-22,51.06415547851033,52.182345680604676,51.06415547851033,51.56113052368164,985116
2014-07-23,51.56113052368165,51.56113052368165,51.56113052368164,51.56113052368164,0
2014-07-24,52.182338540028304,52.182338540028304,50.629293561155535,50.81565856933594,451233
2014-07-25,51.561123468111695,51.561123468111695,50.44292855297514,50.81565856933594,372588
2014-07-28,50.31869534378076,51.56113052368165,50.31869534378076,51.56113052368164,235524
2014-07-29,50.318693592607275,50.318693592607275,47.958063426711036,48.51715850830078,1011502
2014-07-30,47.77168430354644,49.69746398925781,47.77168430354644,49.69746398925781,677517
2014-07-31,50.87777884415862,50.87777884415862,49.07624410792463,49.69746398925781,276900
2014-08-01,46.21864721344528,48.7656423413639,46.21864721344528,48.45503234863281,1564789
2014-08-04,46.28077739580379,49.07625791624484,46.28077739580379,48.765647888183594,982960
2014-08-05,49.697472319557185,49.697472319557185,48.455032348632805,48.45503234863281,940249
2014-08-06,49.076251901505294,49.076251901505294,46.715621816822534,47.709571838378906,697538
2014-08-07,48.45502175205541,48.45502175205541,46.65349197387695,46.65349197387695,707600
2014-08-08,45.3489393929045,45.3489393929045,43.42316436767578,43.42316436767578,1800930
2014-08-11,43.85801881125068,46.40501403808594,43.85801881125068,46.40501403808594,329159
2014-08-12,48.33078663860525,49.63534164428711,48.33078663860525,49.63534164428711,1491483
2014-08-13,50.87777884415862,50.87777884415862,49.5110989980686,49.69746398925781,1311811
2014-08-14,49.69747555466619,49.69747555466619,47.83382034301758,47.83382034301758,585628
2014-08-15,47.89593482923978,47.89593482923978,47.21259482663788,47.5232048034668,576080
2014-08-18,47.52320899155856,48.20654905438137,46.9019889831543,46.9019889831543,628749
2014-08-19,48.14442722195624,48.51715726681174,47.52320723649406,48.45503234863281,1009141
2014-08-20,48.765640078246804,48.765640078246804,47.833815009352215,47.89593505859375,598667
2014-08-21,48.45502802110993,48.45502802110993,47.83381295718305,48.20654296875,794356
2014-08-22,48.45502820892453,49.69746807370227,48.45502820892453,49.57322311401367,1712429
2014-08-25,50.87778630926365,50.87778630926365,49.69747128117967,50.31869125366211,2398263
2014-08-26,50.31743621826172,50.31743621826172,50.31743621826172,50.31743621826172,0
2014-08-27,50.31743621826172,50.31743621826172,50.31743621826172,50.31743621826172,0
2014-08-28,50.31743621826172,50.31743621826172,50.31743621826172,50.31743621826172,0
2014-08-29,50.31743621826172,50.31743621826172,50.31743621826172,50.31743621826172,0
2014-09-01,50.31743621826172,50.31743621826172,50.31743621826172,50.31743621826172,0
2014-09-02,50.31743621826172,50.31743621826172,50.31743621826172,50.31743621826172,0
2014-09-03,50.31743621826172,50.31743621826172,50.31743621826172,50.31743621826172,0
2014-09-04,50.31743621826172,50.31743621826172,50.31743621826172,50.31743621826172,0
2014-09-05,50.31743621826172,50.31743621826172,50.31743621826172,50.31743621826172,0
2014-09-09,50.05008147530987,50.236602194266496,46.817031349791236,46.941383361816406,3180091
2014-09-10,46.31964222151048,47.74964411547926,43.894853439356616,47.25225067138672,1163298
2014-09-11,43.95703125,45.38703328185126,43.95703125,43.95703125,2705129
2014-09-12,40.97268460203346,42.27833962308641,40.9105110168457,40.9105110168457,2712310
2014-09-15,38.05050277709961,38.42354670729424,38.05050277709961,38.05050277709961,2148100
2014-09-16,35.50136560083819,37.2422379268293,35.4391920236648,36.86919403076172,2653837
2014-09-17,37.67745399630501,39.41832625743568,37.428759696877144,39.16963195800781,1839323
2014-09-18,38.920934946097255,39.356152399998244,38.2991943359375,38.98310852050781,822720
2014-09-19,38.92093441660245,41.34571838378906,38.92093441660245,41.34571838378906,1315121
2014-09-22,40.28876467868433,40.661808570799266,39.791373633540154,40.10224151611328,501633
2014-09-23,38.48571963732889,39.85354808271009,38.48571963732889,39.045284271240234,341603
2014-09-24,39.107462806161934,39.48050675373023,38.858768463134766,38.858768463134766,245174
2014-09-25,39.16963816531185,39.48050608886066,37.366589610563786,37.863983154296875,514969
2014-09-26,37.180063500538736,38.29919516318278,37.180063500538736,37.926151275634766,493427
2014-09-29,38.54789271830236,38.67223987245148,38.237022399902344,38.237022399902344,331345
2014-09-30,38.29919600686338,38.485719171259824,37.304411473812515,37.55310821533203,617553
2014-10-01,37.36658557906327,37.98832622513595,37.30441200106144,37.67745590209961,297492
2014-10-02,37.677456127847414,39.16963417396782,37.677456127847414,38.54789352416992,719111
2014-10-03,38.29919985521442,39.791378021240234,38.29919985521442,39.791378021240234,447264
2014-10-06,39.045286517993276,39.54268003567697,38.423545837402344,38.423545837402344,379559
2014-10-07,35.750059424524636,37.304408459097395,35.750059424524636,36.49614715576172,561132
2014-10-08,35.93658499841847,36.99354316604601,35.93658499841847,36.06093215942383,442135
2014-10-09,36.49615323563522,36.49615323563522,33.636146545410156,33.636146545410156,642173
2014-10-13,31.335702896118164,31.335702896118164,31.335702896118164,31.335702896118164,418541
2014-10-14,29.936792345683923,30.776140526858576,29.15961531037978,30.154399871826172,1804445
2014-10-15,30.465270361772195,32.01962200764045,30.465270361772195,31.708751678466797,1057636
2014-10-16,31.646574320617326,33.13874977606236,29.843526140089743,32.392662048339844,887348
2014-10-17,32.39266175760989,33.449619767901574,32.14396503959215,32.206138610839844,708852
2014-10-20,33.263100686554345,34.44440841674805,33.13875352886122,34.44440841674805,699620
2014-10-21,34.81745112680276,36.74484660299967,34.69310154035404,36.68267059326172,950949
2014-10-22,37.92614740592814,37.92614740592814,36.682666285625714,37.24223327636719,790919
2014-10-23,37.1800656829908,37.49093601303328,36.371801851669446,37.304412841796875,345706
2014-10-24,37.304414916710336,38.05050277709961,36.9935445693769,38.05050277709961,391869
2014-10-27,38.23702319927097,38.85876384906887,37.24223864619979,38.54789352416992,523176
2014-10-28,38.54789237113893,40.28876467868433,38.54789237113893,40.10224151611328,528305
2014-10-29,40.97267802656411,42.527027138919536,40.102240674544454,41.84311294555664,1494643
2014-10-30,42.58919843999547,42.83789759360945,39.480497948252655,40.413108825683594,815539
2014-10-31,40.10224395016509,40.41311428463403,39.667026455119505,40.3509407043457,606269
2014-11-03,39.791375213836574,42.21616182539651,39.791375213836574,40.72398376464844,412386
2014-11-04,40.72398345065592,41.4079001132866,40.72398345065592,41.22137451171875,473936
2014-11-05,41.22137344577036,41.594419773204905,40.84833198439021,40.972679138183594,336474
2014-11-06,41.34572198751392,41.34572198751392,39.60485204385783,40.72398376464844,588829
2014-11-07,40.72398381581397,40.72398381581397,39.542678514555355,40.040069580078125,310828
2014-11-10,40.35093985771824,40.91050693462717,40.35093985771824,40.72398376464844,349810
2014-11-11,40.72398239756963,41.034852715080284,40.288764926265586,40.972679138183594,307750
2014-11-12,40.9105055612869,41.28354702266705,40.475288089982854,40.972679138183594,222606
2014-11-13,40.97268130872566,41.28354920967745,40.53746381436582,41.034854888916016,153875
2014-11-14,41.2213756294871,41.65659555687426,41.034854888916016,41.034854888916016,604217
2014-11-17,39.791370100354854,41.034848819317,39.480497379330615,39.6048469543457,563183
2014-11-18,39.16963195800781,39.41832625743568,38.050497878473934,39.16963195800781,710904
2014-11-19,40.723981292697474,41.905286520766516,40.102240674544454,41.84311294555664,5518997
2014-11-20,41.843121596164806,44.76530456542969,41.843121596164806,44.76530456542969,6064742
2014-11-21,46.630515415216514,47.87399673461914,46.630515415216514,47.87399673461914,4545479
2014-11-24,50.982707166285714,51.10705434241289,44.76530456542969,44.76530456542969,17065807
2014-11-25,44.76529955655463,46.19530165412198,43.894859688949076,45.63573455810547,5736474
2014-11-26,45.635732427303864,45.697906005507754,44.827471044598845,44.889644622802734,2467135
2014-11-27,45.69790538486492,46.63051391131156,45.44920620937257,45.88442611694336,4264400
2014-11-28,45.88442450771444,46.87921144268646,45.4492046154074,45.511383056640625,2689741
2014-12-01,44.019204707036764,46.31964656015772,44.019204707036764,46.00877380371094,2647682
2014-12-02,46.008770539607845,46.008770539607845,44.88964134753796,45.01398849487305,2203495
2014-12-03,45.01399128023987,45.3248591678134,43.583989265292765,44.081382751464844,5903686
2014-12-04,44.205725031907484,46.50616174444464,44.205725031907484,45.387027740478516,5339476
2014-12-05,45.946597515032046,45.946597515032046,44.392248422659755,44.45442199707031,4259271
2014-12-08,45.51138417383721,45.51138417383721,44.392250061035156,44.392250061035156,3468351
2014-12-09,44.39224897531269,44.39224897531269,42.464853546428124,43.210941314697266,3182143
2014-12-10,42.651372686626615,43.894853876206305,42.651372686626615,43.521812438964844,2022948
2014-12-11,43.39746636603666,44.64094272030198,42.837899330287456,44.45442199707031,3162652
2014-12-12,44.827469423926715,45.01399015179499,44.26790237426758,44.26790237426758,3091869
2014-12-15,43.521814078144935,43.89485552943641,43.02442061036871,43.45964050292969,1911132
2014-12-16,43.39746852074981,44.08138273927692,43.27311649970034,43.83268356323242,1575684
2014-12-17,43.83268191585373,44.64094325899871,43.52181404004961,44.57876968383789,1437196
2014-12-18,44.76529749935462,45.07616539060294,43.95703125,43.95703125,1242287
2014-12-19,44.330084582929324,44.76530456542969,43.95703818849254,44.76530456542969,3577090
2014-12-22,45.38702347419897,46.13311111802784,44.88963495568202,45.946590423583984,4190540
2014-12-23,45.94660139803649,45.94660139803649,45.01399283700804,45.13833999633789,1624924
2014-12-24,44.640944367855894,44.889643540731,44.08138217750924,44.392250061035156,2752317
2014-12-25,44.45442420426201,44.51659778175953,43.770509985734904,43.83268356323242,2027051
2014-12-26,43.83268401182031,45.449206775408236,43.7083368555527,45.324859619140625,3593503
2014-12-29,46.31964539240817,48.49573516845703,46.195298239386126,48.49573516845703,22535565
2014-12-30,48.18486565802885,50.671823232613676,48.06051364315354,50.609649658203125,19525762
2014-12-31,50.60965241053233,51.60443938730959,49.42834470037974,50.360958099365234,10481992
2015-01-05,50.73399424946897,53.842697143554695,50.298779250534736,53.84269714355469,17237122
2015-01-06,53.718354985445224,55.52139845186801,51.04487170827931,51.35573959350586,28354107
2015-01-07,50.85834283903287,51.29356271640384,49.739213658163926,50.11225509643555,12773709
2015-01-08,50.17442706930059,51.790954515085005,50.17442706930059,50.858341217041016,8360563
2015-01-09,52.10182800964377,52.16400158743554,50.360958099365234,50.360958099365234,9204826
2015-01-12,50.42312782767557,50.73399569290167,48.68225318424716,48.993125915527344,8532903
2015-01-13,48.06051639660423,48.80660419832945,47.37660217285156,47.37660217285156,9964970
2015-01-14,47.003560666695535,48.184868379320086,46.07094726575848,48.060516357421875,8895023
2015-01-15,47.87398960441838,48.184862320995926,47.12790189710766,47.314422607421875,4110524
2015-01-16,47.1279100905521,47.31443083329397,46.31964867261599,46.75486373901367,4298252
2015-01-19,46.69269210305633,46.75486568656009,43.83268779766381,44.64094924926758,6933625
2015-01-20,44.6409422173781,47.7496452331543,44.6409422173781,47.7496452331543,8213868
2015-01-21,48.557912642658266,49.49052123123743,47.811824798583984,47.811824798583984,11965351
2015-01-22,48.80660356985496,49.987911268231095,48.12268935490894,49.552696228027344,9998823
2015-01-23,50.1744370153235,50.60965696508746,49.11748123168945,49.11748123168945,6328382
2015-01-26,49.11747250806408,49.987907386941444,49.11747250806408,49.303993225097656,3844833
2015-01-27,49.987909614755,50.29878235638633,49.11747469708492,49.6148681640625,5107637
2015-01-28,49.61486195754343,49.92572979423283,47.87398747392189,47.936161041259766,11982790
2015-01-29,47.56312988159236,48.682259200770915,47.190083531163054,48.1226921081543,5447189
2015-01-30,48.55790039638611,48.6200739622076,47.12789865038472,47.43876647949219,3701216
2015-02-02,47.19007816838713,47.62529805008628,46.31964327104298,46.81703186035156,3001596
2015-02-03,46.754856689328534,47.56312285144919,46.44398883163134,47.12790298461914,3439628
2015-02-04,47.56312773404687,48.55790984685134,47.56312773404687,48.060516357421875,3641717
2015-02-05,48.99312968178956,49.863564637389906,48.80660408226098,49.4283447265625,13264059
2015-02-06,50.05008984854948,50.23661059871051,49.11748123168945,49.11748123168945,5076862
2015-02-09,48.99313406491544,49.30400198185048,48.49574053176447,49.11748123168945,2570745
2015-02-10,49.36617118677274,49.49051834251796,48.62008338624697,48.74443054199219,2654863
2015-02-11,49.67704791504821,49.73922149789308,47.811825831537824,48.30921936035156,4030509
2015-02-12,48.18486728590192,48.744429474501125,47.9983416903145,48.49573516845703,2297872
2015-02-13,48.993131969722945,48.993131969722945,48.30921771565856,48.37139129638672,1626975
2015-02-24,49.05530722054475,49.05530722054475,48.18487219466184,48.30921936035156,1813678
2015-02-25,48.86877984259916,49.98790904804336,48.80660140213441,49.2418212890625,6329408
2015-02-26,48.62008338624697,48.806604119864794,47.93616916359381,48.74443054199219,3322682
2015-03-02,48.74442836635735,48.868780382606765,48.12268774932726,48.682254791259766,1493617
2015-03-03,48.86878252614015,49.61487032609108,48.557909770962155,49.4283447265625,3820213
2015-03-04,49.05530277508886,49.24182350672069,48.557909291349574,48.86878204345703,1973708
2015-03-05,49.24182399308839,50.050085370864025,48.99312968178956,49.4283447265625,6896695
2015-03-06,49.614864856350415,49.7392119982913,48.86877713865117,49.0552978515625,2586132
2015-03-09,49.05529338052991,49.428334772352564,48.18485860022356,48.247032165527344,3071352
2015-03-10,48.30921831665176,48.6200862241599,47.6253040540791,47.811824798583984,2671276
2015-03-11,47.06573797134464,48.30921936035156,47.003564388499775,48.30921936035156,2506117
2015-03-12,48.371389037488036,49.67704390391579,47.998342704485346,49.4283447265625,5343579
2015-03-13,50.23660390080786,50.54747664235003,48.682254791259766,48.682254791259766,8587273
2015-03-16,48.93094624992236,49.179640511137464,48.24703216552734,48.247032165527344,3154445
2015-03-17,48.80660696866478,48.80660696866478,47.74965121708236,47.811824798583984,3738146
2015-03-18,47.8739955857212,48.74443054199219,47.81182200784859,48.74443054199219,3642743
2015-03-19,48.993129184440356,49.303997070408144,48.55790927803105,48.62008285522461,4121809
2015-03-20,48.868780382606765,48.99312753280193,48.12268774932726,48.682254791259766,10026521
2015-03-23,49.42834310189275,49.55269511950927,48.806602478027344,48.806602478027344,3526824
2015-03-24,48.993132423811396,49.24182674902901,48.68225965123464,49.17965316772461,1879331
2015-03-25,49.179648798768305,49.179648798768305,48.37138744755957,48.806602478027344,2562538
2015-03-26,48.49573786832823,49.11747853410657,48.24704354843874,48.93095779418945,1993199
2015-03-27,49.11747633882747,49.303997070408144,47.314428002051095,48.62008285522461,4188488
2015-03-30,48.93095726101341,49.241825157487895,48.24704302271496,48.55791091918945,2840539
2015-03-31,49.055307648302446,49.11748123168945,48.49574053176447,49.11748123168945,2526634
2015-04-01,49.1174746829971,49.1174746829971,48.620081216162184,48.682254791259766,1390007
2015-04-02,49.24182074213876,49.49051503701877,48.43355941772461,48.43355941772461,2528685
2015-04-07,48.37139023559111,48.682258132414475,47.87399673461914,47.87399673461914,2375836
2015-04-08,47.81181992247205,47.81181992247205,44.57876968383788,44.57876968383789,6495593
2015-04-09,44.57877596571778,45.01399591922743,42.83790588378906,42.83790588378906,5729294
2015-04-10,43.45964050292969,44.14355469635165,43.21094133601444,43.45964050292969,3001596
2015-04-13,43.832683497373985,45.573558262852075,43.70833634256579,45.20051193237305,3644795
2015-04-14,45.200514698370135,45.44920902320512,44.6409476014367,44.951820373535156,2602545
2015-04-15,45.07616539060294,45.51138530440508,43.95703125,43.95703125,2054749
2015-04-16,44.08138000729635,44.45442144916189,43.45963940479965,43.64616012573242,2379939
2015-04-17,43.646159584711995,43.83268030333273,43.33528685429004,43.521812438964844,1713146
2015-04-20,43.95703236668463,44.3922522915431,43.52181730788078,43.770511627197266,2187082
2015-04-21,44.01920429572497,44.267903471769465,43.83268356323242,43.83268356323242,1797264
2015-04-22,44.33007009109948,45.69789831345568,43.89485025087571,45.573551177978516,3203685
2015-04-23,45.946593155549685,46.38181300118345,45.200505467358745,46.133113861083984,4467515
2015-04-24,45.94659972727668,46.00877330468077,45.07616477756484,45.20051193237305,3082637
2015-04-27,45.200510293258716,45.82225091080785,45.076163142959736,45.2626838684082,1881383
2015-04-28,45.2626850009621,45.324858577667285,43.89485658133932,44.392250061035156,2131687
2015-04-29,42.837902704997994,42.837902704997994,41.34572220343016,41.59442138671875,7200342
2015-04-30,41.96746061507229,42.65137481689453,41.96746061507229,42.65137481689453,2732827
2015-05-04,42.96224647910857,42.96224647910857,42.153985145717144,42.402679443359375,1684422
2015-05-05,41.65659480082484,42.278335457498756,39.542678514555355,40.040069580078125,5189704
2015-05-06,39.79136988930367,41.03484860167047,39.48049716992828,40.78615188598633,4561892
2015-05-07,40.226590579457785,40.226590579457785,39.04528290892132,39.29397964477539,3491945
2015-05-08,39.045282923340054,39.542676395231865,38.29919514852948,38.61006546020508,3422188
2015-05-11,39.23180670262067,39.418327432752974,36.185279546548394,36.68267059326172,4290046
2015-05-12,36.86919912075217,39.16963882494627,36.433981587427084,38.858768463134766,7117250
2015-05-13,37.677454794463486,39.41832709247276,37.55310764211538,38.79658889770508,6757181
2015-05-14,39.48050260693597,39.48050260693597,38.6722412109375,38.6722412109375,3285752
2015-05-15,38.67223821542793,38.920934946097255,38.23702076152694,38.2991943359375,1540805
2015-05-18,38.23701762846845,38.23701762846845,36.06092567121357,36.558319091796875,3585296
2015-05-19,36.620501380858464,38.36137390136719,36.620501380858464,38.36137390136719,3189324
2015-05-20,39.79137473683353,40.47528896351162,39.10745807712819,39.91572189331055,9531042
2015-05-21,39.60484940543852,41.034851358910785,39.169631948518074,40.53746032714844,5656459
2015-05-22,41.03485317725308,43.27311656890658,40.91050602205918,42.4648551940918,8693960
2015-05-25,41.594422506864575,42.34051034471349,41.34572331687846,41.407901763916016,4484954
2015-05-26,41.718769597175246,42.402683852866645,41.22137608411204,42.09181594848633,3681725
2015-05-27,41.843113498315084,42.58920127674387,41.53224561815905,42.21615982055664,3610942
2015-05-28,43.086591376898284,43.708331954575605,41.65658950805664,41.65658950805664,6759233
2015-05-29,42.02963093503067,42.153982943409275,41.34571678619101,41.65658950805664,2872340
2015-06-01,41.283545658278406,41.283545658278406,39.79137256299135,40.53746032714844,4388526
2015-06-02,40.59963117399343,41.84310988636024,40.59963117399343,40.78615188598633,2840539
2015-06-03,40.786152212703,42.09180937224694,39.72919420386235,41.65658950805664,5669795
2015-06-04,41.34571756419779,41.59441671958088,40.10223881847145,40.599632263183594,3270365
2015-06-05,39.791378021240234,40.226595537860184,39.29398448822248,39.791378021240234,4187462
2015-06-08,39.79137473683353,40.53746254175013,38.85876376417416,39.91572189331055,2011664
2015-06-09,39.10745679848025,39.853547012030106,38.112674713134766,38.112674713134766,2011664
2015-06-10,38.48571828080777,39.9778938293457,38.48571828080777,39.9778938293457,2503039
2015-06-11,40.35093771648018,40.35093771648018,39.66702351789577,39.9778938293457,2865159
2015-06-12,40.164414021773524,40.22659002965761,38.983108800409795,39.16963195800781,1484384
2015-06-15,39.48050009189726,39.48050009189726,38.73441232265351,39.10745620727539,1006345
2015-06-16,38.42354316110954,38.73441347975214,37.304411473812515,37.55310821533203,3431421
2015-06-17,37.553110798708865,37.615284380109024,35.936585517167785,36.43397903442383,3662234
2015-06-18,36.43397818202583,37.30441316731842,36.43397818202583,36.80702209472656,1872150
2015-06-22,37.18006324736705,37.24223682269717,36.06092915931643,36.37179946899414,2759498
2015-06-23,36.68266923612755,36.993539541207426,36.24745178222656,36.24745178222656,1759308
2015-06-24,36.247451494065494,36.496148222757725,34.56875283319036,35.37701416015625,3435524
2015-06-25,35.43919563887747,35.87441315651572,34.69310533760517,35.31484603881836,2093731
2015-06-26,34.50658138967076,35.998756987895156,34.50658138967076,35.687889099121094,3339096
2015-06-29,34.32005637733673,34.32005637733673,32.14396667480469,32.14396667480469,7366528
2015-06-30,31.833096369724807,32.392663405474,31.646575646493137,32.14396667480469,3957675
2015-07-01,32.39266286126021,32.641359587751296,31.89526940827804,32.01961898803711,3230357
2015-07-02,32.26831942787253,32.703539390388066,31.397884368896484,31.397884368896484,4663450
2015-07-03,31.833096080286587,31.833096080286587,30.83831159968134,30.93157196044922,4291071
2015-07-06,30.86939807242376,31.087008011694437,27.88504466098195,27.916133880615234,5191755
2015-07-07,28.35135187246269,28.72439575195312,25.149390893075168,26.33069610595703,9692098
2015-07-08,26.455042980322258,26.672652921528723,25.398084927226844,25.926565170288086,7571695
2015-07-09,25.501048677798412,25.664309026108047,23.83580641361368,24.55414581298828,6807447
2015-07-10,24.55414581298828,24.55414581298828,24.55414581298828,24.55414581298828,0
2015-07-13,25.14187547507321,25.403090462676385,24.554142391839708,24.652099609375,4222340
2015-07-14,24.945970447512636,27.03568304177194,24.945970447512636,26.643861770629883,11584765
2015-07-15,26.643857648368627,26.643857648368627,24.031715393066406,24.031715393066406,10571239
2015-07-16,24.031718683558783,24.358236829616196,22.725646099329136,23.737852096557617,10072683
2015-07-17,24.097023920880883,24.325587409870547,23.50929069519043,23.50929069519043,4220289
2015-07-20,23.77049972387325,23.90110849398995,22.790945447723413,22.88890266418457,3140083
2015-07-21,22.888904968209527,25.14187773019605,22.85625341126724,24.619447708129883,8394415
2015-07-22,23.933763466323278,24.162324374559503,23.37868186390264,23.868457794189453,6755130
2015-07-23,23.378681884191078,23.63989690646835,21.680788072631138,22.17056655883789,8786285
2015-07-24,22.43177902047931,23.05216373993507,22.43177902047931,22.59503936767578,4723974
2015-07-27,22.203216662956272,22.333822887793232,20.342063903808594,20.342063903808594,6179636
2015-07-28,20.374717718947643,22.10526305884863,20.374717718947643,21.648136138916016,7019795
2015-07-29,22.20321737939116,22.49708139475647,21.6154842376709,21.6154842376709,6715122
2015-07-30,21.746094575847707,22.170567406085176,21.746094575847707,22.007307052612305,4812196
2015-07-31,22.13791514899219,22.36647605895996,21.15836072550269,22.36647605895996,5692363
2015-08-03,23.737851414694862,23.835806089049882,22.8236026763916,22.8236026763916,8284651
2015-08-04,22.856254746538077,22.921557864237684,20.86449432373047,20.86449432373047,6330433
2015-08-05,21.28896630063613,21.97465412029951,21.027752562441584,21.876699447631836,4739362
2015-08-06,21.484879224308596,21.876700489127767,20.897147327079836,21.550182342529297,4449050
2015-08-07,21.550178752925664,21.941999952479353,21.19100910704357,21.81139373779297,2099886
2015-08-10,21.5501810104986,23.770502225732734,21.41957350438265,23.11746597290039,3790464
2015-08-11,23.47663403004212,23.63989435968759,22.301170389672162,22.725643157958984,4947607
2015-08-12,22.529737908922606,23.803156444388375,22.333825988968975,23.672550201416016,6568427
2015-08-13,24.097020352859573,26.02347755432129,23.77050222643377,26.02347755432129,9830586
2015-08-14,25.794916606029876,27.656068318684895,25.403095327339084,26.937728881835938,12019720
2015-08-17,26.154085324573607,26.774470056906083,24.29293368307113,24.5867977142334,8502128
2015-08-18,24.945972720639308,25.664312209105436,24.684757664243833,25.40309715270996,6426862
2015-08-19,24.750057180543685,25.011272198850136,23.705199662812735,24.260278701782227,7401406
2015-08-20,24.12966869548805,25.337783813476562,24.031714037257906,25.337783813476562,5119947
2015-08-21,25.17453055769612,26.57855779905482,24.913315533479523,25.46839714050293,12950153
2015-08-24,26.774466872159934,27.231591199533675,25.337785668780963,26.056127548217773,17007335
2015-08-25,26.056129111414386,26.41529879493329,25.01127161795078,26.02347755432129,10722037
2015-08-26,26.056126838536798,26.056126838536798,24.48883945730856,24.84800910949707,9506422
2015-08-27,25.14187773019605,25.370441184286847,24.619447708129883,24.619447708129883,6515084
2015-08-28,25.56634978772721,26.970376917684238,25.43574356372924,26.121431350708008,12899887
2015-08-31,26.154087745060945,27.329551644980764,25.925524255286874,26.219390869140625,11145708
2015-09-01,26.54590237583289,27.198938563555966,26.15408117429795,26.317338943481445,6836171
2015-09-02,25.99082412726453,27.88462982158396,25.794914779538647,27.362199783325195,10163983
2015-09-03,29.12539653630263,29.745781245143426,28.733575287428142,28.864181518554688,15390617
2015-09-04,28.92948697921872,29.48456601296449,27.329547882080075,27.329547882080078,10176293
2015-09-07,27.32955117984812,27.982587520521015,27.133641810943338,27.525463104248047,5794947
2015-09-08,27.75401967695099,28.080537796020508,27.23159221973661,28.080537796020508,4213108
2015-09-09,29.190696890898277,29.582518102712818,28.896830343163717,29.02743911743164,8044605
2015-09-10,28.47235959054153,29.190698955593,28.47235959054153,28.798877716064453,3921771
2015-09-11,28.798879291877114,28.92948808252979,27.949933652361914,28.341754913330078,3718655
2015-09-14,28.537662308899332,28.537662308899332,27.460153276260776,27.492807388305664,3594529
2015-09-15,27.525458443984977,28.178492118599312,27.525458443984977,28.04788589477539,4170023
2015-09-16,28.407057304283384,28.57031764954945,27.786672592163086,27.786672592163086,3937158
2015-09-17,28.08053955365441,28.24379990115543,27.88463020324707,27.88463020324707,3034422
2015-09-18,28.14584194219948,28.6356204165349,27.754020696028043,28.17849349975586,3514514
2015-09-21,27.81932591960729,27.851980035133412,27.460156203770254,27.59076499938965,2908245
2015-09-22,27.81932715760522,27.884632836068626,27.525463104248047,27.525463104248047,1975760
2015-09-23,27.26424418109469,27.26424418109469,25.53369889096804,25.76226234436035,6046277
2015-09-24,25.72961251663678,25.925521870857594,24.162324905395508,24.162324905395508,8222075
2015-09-25,23.639895888871703,24.684753377509246,23.574592774987128,24.619447708129883,5568237
2015-09-29,24.619447708129883,24.619447708129883,24.619447708129883,24.619447708129883,0
2015-09-30,24.097018982985684,24.260276759170264,23.672546209411127,23.835803985595703,4338260
2015-10-01,24.456192217751912,24.48884377775737,24.064370942191356,24.29293441772461,5793921
2015-10-02,24.292933697037668,24.554146169332085,23.999067110211495,24.162324905395508,5647227
2015-10-05,24.978616918337718,25.92551971826876,24.978616918337718,25.239831924438477,9735183
2015-10-06,25.631654755529606,25.631654755529606,23.868457826423064,24.35823631286621,8989400
2015-10-07,24.717404220750982,26.121431350708008,24.717404220750982,26.121431350708008,7331649
2015-10-08,26.34999082674092,26.415296490725307,24.782706001007266,24.84800910949707,6641262
2015-10-12,25.076573892240113,26.186734462706994,24.815358888749458,26.121431350708008,6872075
2015-10-13,26.121431490708357,26.25203771540632,25.729610261119728,25.892868041992188,5696467
2015-10-14,25.990821578291772,26.970375887338918,25.990821578291772,26.447948455810547,6230927
2015-10-15,27.231592653704254,27.525459221099403,26.578556405158313,26.611207962036133,7662994
2015-10-16,26.676511767452233,27.100984573364258,26.121432730642614,27.100984573364258,6926444
2015-10-19,27.003029900191066,27.166290244307906,26.74181488290103,27.100984573364258,3325760
2015-10-20,27.42750270610309,27.721369281117525,27.100984573364258,27.100984573364258,3961778
2015-10-21,24.88066363971213,25.6316545881599,24.88066363971213,25.435745239257812,5980623
2015-10-22,25.207178561017923,25.86021475170649,25.207178561017923,25.7296085357666,2921580
2015-10-23,26.18673408456768,26.34999186220768,25.664306640625,25.664306640625,2442515
2015-10-26,26.08878116710288,26.349993628839837,25.860217707588188,26.252038955688477,3138032
2015-10-27,26.21938586579218,27.035679872008203,26.21938586579218,26.70916175842285,5500532
2015-10-28,26.905071667922993,26.905071667922993,26.284687042236325,26.284687042236328,3634536
2015-10-29,26.61121060817963,26.70916528855342,25.729613373825426,25.82756805419922,4734233
2015-10-30,25.827563248616777,26.21938445270312,25.337784826887923,26.154081344604492,5879066
2015-11-02,26.121432025122683,26.219386695650197,25.631653561495554,25.76226234436035,4572151
2015-11-03,25.990822571215322,26.611207246195107,25.827564791217863,26.121431350708008,4588564
2015-11-04,26.57856171201523,27.42750747133438,26.44795545842622,27.003034591674805,7771733
2015-11-05,27.23159530380647,27.329549983972594,26.643862111819626,26.676513671875,4227470
2015-11-06,26.545906582789996,26.545906582789996,25.892870291574667,25.925521850585938,4172075
2015-11-09,25.990823739457067,26.284690312156,25.56635093688965,25.56635093688965,2851824
2015-11-10,25.20718211628633,25.46839714050293,25.011272764745073,25.46839714050293,2714362
2015-11-11,25.501045305384288,25.8602149575728,24.84800910949707,24.84800910949707,3127773
2015-11-12,25.305139355968517,25.337788359074665,24.52149428305808,25.04392433166504,3190349
2015-11-13,24.750058954879684,25.337789593835137,24.48884391784668,24.48884391784668,2732827
2015-11-16,24.162324217075177,24.65210269966463,23.86845763862048,24.521493911743164,2047568
2015-11-17,24.94596838854233,25.0112715024269,24.586796151187595,24.619447708129883,2429179
2015-11-18,24.717407049991802,24.94597052364514,24.456192016601562,24.456192016601562,2438412
2015-11-19,24.815360680060564,24.880663796773494,24.52149409935749,24.7827091217041,1633130
2015-11-20,24.88066380217801,24.88066380217801,24.194975965553528,24.35823631286621,2060904
2015-11-23,24.325585620739513,24.358237180265796,23.737852438276455,23.770503997802734,3047758
2015-11-24,24.031715393066406,24.39088504900151,23.770500400887805,24.031715393066406,2453799
2015-11-25,24.292930869901834,24.292930869901834,23.63989465417421,23.835803985595703,1757257
2015-11-26,24.03171816347133,25.207181930541992,24.03171816347133,25.207181930541992,4271581
2015-11-27,26.12143287561428,26.15408443351989,25.403093490701096,25.599002838134766,10247075
2015-11-30,25.59900529003145,28.113193378038872,25.501050606932424,27.91728401184082,16938604
2015-12-01,27.94993152810684,28.40705587191144,27.100983397618595,27.231592178344727,11209309
2015-12-02,27.394851536661804,27.492808766718255,26.643860587366714,26.77446937561035,5306649
2015-12-03,26.70916318282158,28.47236006801581,26.44795072241861,27.75402069091797,8972987
2015-12-04,27.427502358024192,27.623414257379142,26.87242332825901,27.06833267211914,5192781
2015-12-07,27.2315942550881,27.688718633754046,26.578557968139645,26.57855796813965,5060448
2015-12-08,26.38264589201864,26.38264589201864,25.46839714050293,25.46839714050293,5384613
2015-12-09,25.468395374213486,25.664307267662743,25.109225699135468,25.239831924438477,4028457
2015-12-10,25.305140046603494,25.40309472508011,25.011273455678655,25.109228134155273,2985182
2015-12-11,25.272483459267022,25.370440683655698,24.162322878651537,24.815359115600586,4502394
2015-12-14,24.554144130608197,25.72961038031425,24.48884101795669,25.239831924438477,6340692
2015-12-15,27.754020690917972,27.754020690917972,27.75402069091797,27.75402069091797,3220099
2015-12-16,30.039646938103967,30.039646938103967,28.505010989980615,28.602968215942383,26605056
2015-12-17,28.60297340656264,31.443679809570312,28.472364600076787,31.443679809570312,26955892
2015-12-18,31.672239246914568,34.545597076416016,31.672239246914568,34.545597076416016,30116493
2015-12-21,34.54559416982806,37.810773014491765,34.153772912908,37.549560546875,23285451
2015-12-22,36.570006641563964,36.765915995034035,33.82725524902344,33.82725524902344,24837541
2015-12-23,32.16201382052656,32.978307861109926,31.704886908964443,32.32527160644531,19849926
2015-12-24,32.35792420482423,32.39057576305862,31.149808883666992,31.149808883666992,10969264
2015-12-25,31.47632602756791,33.761950364770925,31.443674470364567,33.174217224121094,17323292
2015-12-28,34.088469196035554,34.088469196035554,32.39057540893555,32.39057540893555,9513603
2015-12-29,30.07885612181809,32.08857917969917,30.07885612181809,31.217697143554688,19040000
2015-12-30,31.35167528011067,32.12207004504126,31.184198379516598,31.1841983795166,9755000
2015-12-31,30.815752211960934,31.25119321106704,30.447303511829947,30.61478042602539,8729000
2016-01-04,30.48079774040631,30.949733601357686,30.04535675048828,30.04535675048828,6780000
2016-01-05,30.045352687279465,30.681765372826604,29.944868087768555,29.944868087768555,7169000
2016-01-06,30.011865497550872,30.078857803188704,28.236611563818453,28.772537231445312,11045000
2016-01-07,28.739039322571372,29.00700085035018,27.2987368470913,28.270103454589844,9147000
2016-01-08,28.002136679637175,28.739036560058597,27.93514694300552,28.739036560058594,7813000
2016-01-11,28.70554503895238,30.681773341892576,28.43758348183034,30.011865615844727,14376000
2016-01-12,29.67690893996108,30.44730377409402,28.16961669921875,28.16961669921875,12329000
2016-01-13,28.538068550509998,29.007004477123022,28.002142872450204,28.437583923339844,7986000
2016-01-14,28.069129129668,28.806026458740234,27.43271640610853,28.806026458740234,6709000
2016-01-15,29.140982786167076,29.241469955903536,28.50457000732422,28.50457000732422,6586000
2016-01-18,27.700683340696433,28.772537231445312,27.700683340696433,28.772537231445312,7849000
2016-01-19,28.571561670759287,28.672046282768,27.566700217703204,27.667184829711914,45885000
2016-01-20,27.801171860137543,28.270107800202776,25.79144859313965,25.79144859313965,37167000
2016-01-21,26.32737356418013,26.427860746970886,25.82494276121679,26.059412002563477,12967000
2016-01-22,26.79630831955199,27.29873910054359,26.46135446555759,26.99728012084961,15010000
2016-01-25,27.332233624281482,27.39922592751818,27.06427207781989,27.131261825561523,8207000
2016-01-26,26.79630627235856,27.030772930043735,26.662324229897788,26.930288314819336,4450000
2016-01-27,27.466214625032027,27.466214625032027,26.62883003280544,26.662324905395508,7767000
2016-01-28,26.327370128825105,26.327370128825105,25.657462478954262,25.958921432495117,13152000
2016-01-29,25.992417006298048,26.695819546571915,25.724455472405356,26.561840057373047,8885000
2016-02-01,26.86329495060203,26.96378211733661,26.46135139465332,26.46135139465332,10155000
2016-02-02,26.762810778442155,26.762810778442155,26.09290313720703,26.09290313720703,6869000
2016-02-03,25.858433273794173,25.891930699402423,25.389499981216048,25.523479461669922,7949000
2016-02-15,25.222024807939686,25.59047351549031,25.18852738003012,25.456491470336914,3111000
2016-02-16,25.623967607559695,26.02591117528425,25.52348043788112,25.958921432495117,4397000
2016-02-17,26.461352066326953,26.69581872066608,26.193387985229492,26.193387985229492,7076000
2016-02-18,26.628828978139147,26.662323849402615,26.12639824270256,26.193387985229492,6879000
2016-02-19,26.260375770110617,26.997273033242255,26.22688090460362,26.69581413269043,9806000
2016-02-22,26.695820798755715,27.198251573303153,26.46135412616494,27.131261825561523,7818000
2016-02-23,27.064272349625494,27.131262098039898,26.662326192653772,26.96378517150879,7607000
2016-02-24,26.89679542309438,27.198251846454305,26.89679542309438,26.96378517150879,4958000
2016-02-25,26.963782850065975,27.19824950482512,26.963782850065975,27.06427001953125,7754000
2016-02-26,27.131259077845097,27.86815645035408,27.131259077845097,27.600194931030273,11800000
2016-03-01,27.566700810274465,27.734177722717217,27.33223159955769,27.365726470947266,4545000
2016-03-02,27.466213586402606,27.63369049851482,27.06427001953125,27.06427001953125,6268000
2016-03-03,27.16475704784681,27.36572884914443,26.96378524654919,26.99728012084961,5037000
2016-03-04,27.131260693461336,27.901655537819334,27.06427094851497,27.76767349243164,11433000
2016-03-07,28.136120903209516,29.475936184314733,28.136120903209516,28.605056762695312,27871000
2016-03-08,28.40408425925775,28.437579129334573,27.667184340093762,27.734176635742188,10885000
2016-03-09,27.399223897831718,27.533203383390013,27.16475468711494,27.365726470947266,4652000
2016-03-10,27.46621575156734,27.667187550845647,27.097767026974598,27.164756774902344,5287000
2016-03-11,27.198250961514404,27.466215057443566,27.164756088397013,27.432720184326172,3222000
2016-03-14,27.600194261389593,28.303596746353875,27.566699391723624,28.136119842529297,12557000
2016-03-15,28.40408537248821,28.70554177048926,27.365726470947262,27.365726470947266,12654000
2016-03-16,27.93514473790847,28.23660363994415,27.700675567216518,27.801162719726562,9441000
2016-03-17,27.968642264056058,28.069129426124793,27.16475263399024,27.298734664916992,7128000
2016-03-18,27.399226003639598,27.399226003639598,27.164756774902344,27.164756774902344,5582000
2016-03-21,26.99727847624317,27.06427077625811,26.293875936803467,26.829801559448242,9227000
2016-03-22,26.997273033242255,27.265237068287085,26.66231926718343,26.69581413269043,5353000
2016-03-23,26.72931480407715,26.863294282397543,26.62882763984211,26.72931480407715,3665000
2016-03-24,26.6623244890705,27.064270620359967,26.494847573240293,26.7628116607666,4891000
2016-03-25,26.79630668718825,27.06427077625811,26.729316942668255,26.829801559448242,2819000
2016-03-28,26.863296696430893,26.863296696430893,26.62883003280544,26.662324905395508,2737000
2016-03-29,26.796304543237348,27.19824808918801,26.69581737900231,26.72931480407715,5579000
2016-03-30,26.86329826655165,27.064272624828664,26.796308517456055,26.796308517456055,5118000
2016-03-31,26.896793704529756,26.99727832073092,26.7628116607666,26.7628116607666,2930000
2016-04-01,26.72931480407715,26.89679170747238,26.62882763984211,26.72931480407715,3383000
2016-04-06,26.695820236930057,26.729317665590973,26.29387664794922,26.29387664794922,4536000
2016-04-07,26.32737028652332,26.360865158118514,25.690957504234998,26.025911331176758,4962000
2016-04-08,25.791444933261573,26.05940901970122,25.757950061330348,25.858434677124023,3363000
2016-04-11,25.858434677124023,25.958921848412622,25.623968018110524,25.858434677124023,3390000
2016-04-12,25.757952212001005,25.791447086728898,25.389503479003906,25.389503479003906,3976000
2016-04-13,25.523479395994215,25.590471691543552,24.987553809073386,25.222023010253906,6496000
2016-04-14,25.858434677124023,26.561839765154367,25.858434677124023,25.858434677124023,13144000
2016-04-15,25.79144788545161,26.05941200256348,25.45649401680938,26.059412002563477,4939000
2016-04-18,26.025911073417294,26.39436232380002,25.925426459626898,26.193387985229492,3257000
2016-04-19,26.260379616678964,26.528341135479835,25.958920671970027,26.46135139465332,5725000
2016-04-20,26.528342098553725,26.561839525677865,25.757949829101562,25.757949829101562,5954000
2016-04-21,25.992418890591395,25.992418890591395,25.389503479003906,25.389503479003906,4041000
2016-04-22,25.38949856607636,25.456488302569475,24.719590979166636,24.920562744140625,4943000
2016-04-25,24.887069263029673,25.59047175739164,24.753087227081018,25.523479461669922,6230000
2016-04-26,25.489984525966932,25.556976821516272,25.15503071470457,25.222023010253906,4988000
2016-04-27,25.52347803967877,25.724452360152252,25.18852424621582,25.18852424621582,8334000
2016-04-28,25.45649471530667,25.958925532056142,25.28901777639018,25.79144859313965,12504000
2016-04-29,25.523477548563633,25.55697497166109,25.255516052246094,25.255516052246094,5680000
2016-05-03,25.255516211229455,25.322505946856893,25.021047025544213,25.05454444885254,4907000
2016-05-04,25.054544854042316,25.222021751314003,24.820075664565167,24.954057693481445,4226000
2016-05-05,24.98755231991507,25.18852408359642,24.95405745188395,25.12153434753418,3155000
2016-05-06,25.188529119646272,25.623970157594297,25.02105219051167,25.389503479003906,4617000
2016-05-09,25.389499981216048,25.55697688727817,25.121535909318734,25.523479461669922,3937000
2016-05-10,25.523481215166132,25.657463260319528,25.222024807939686,25.456491470336914,3495000
2016-05-11,25.456488221118754,25.590470249170938,25.155029296875,25.155029296875,3572000
2016-05-12,25.15503250761551,25.523481215166132,25.1215376352009,25.456491470336914,3587000
2016-05-13,26.863294282397543,27.19824808918801,26.561837900681915,26.72931480407715,23821000
2016-05-16,26.729318768360464,27.365729051253947,26.595336714674158,26.796308517456055,15649000
2016-05-17,26.796305049516512,27.030771696501866,26.26037945962514,26.39436149597168,7583000
2016-05-18,26.394364289601494,26.62883096140325,25.824941213733574,25.92542839050293,7689000
2016-05-19,25.925425234819745,26.15989187808185,25.489984262481833,25.657461166381836,6328000
2016-05-20,25.657462378529438,26.193387985229492,25.590472636002506,26.193387985229492,6213000
2016-05-23,26.32737091654999,26.595335006713867,26.126399126674563,26.595335006713867,6768000
2016-05-24,26.595333352373423,26.695817963313097,26.193387242130328,26.4278564453125,6099000
2016-05-25,26.59533233913435,26.628827208171476,25.95891960545018,25.992414474487305,10326000
2016-05-26,26.05941200256348,26.52834537426643,26.059412002563477,26.059412002563477,6163000
2016-05-27,26.260381323324737,26.695819777985577,26.159894150059557,26.662324905395508,8398000
2016-05-30,26.79630568402071,27.432718455115168,26.762810813014653,27.231746673583984,20165000
2016-05-31,27.33223242142209,27.33223242142209,26.595335006713867,26.595335006713867,62887000
2016-06-01,26.863298898373277,26.896796329204047,26.494850158691406,26.494850158691406,9032000
2016-06-02,26.69581737900231,26.93028657705248,26.66232250942221,26.72931480407715,13047000
2016-06-03,26.695814748141988,26.729312169915673,26.092899488633016,26.159889221191406,10602000
2016-06-06,26.36086314488508,26.427855438454028,25.891929867375932,25.992414474487305,3812000
2016-06-07,26.092906543673948,26.49485015869141,25.791447554663264,26.494850158691406,7949000
2016-06-08,26.66232309299987,26.695817963313097,26.22688466793835,26.4278564453125,5173000
2016-06-13,24.485122943231474,24.585610108196807,23.815215324781942,24.049684524536133,20888000
2016-06-14,23.714730715311365,24.518617813055,23.547253810698983,24.049684524536133,20235000
2016-06-15,24.317644036988376,24.61910295157597,24.11667227909483,24.284149169921875,10150000
2016-06-16,24.317646198978963,24.451628234651352,24.08317955317337,24.116674423217773,5647000
2016-06-17,24.485120226131563,26.059404488087388,24.317643340103995,24.786579132080078,16176000
2016-06-20,25.289011001586914,25.32250586929804,24.987552081197553,25.289011001586914,6938000
2016-06-21,25.356003855666906,25.824939727783203,25.255519240174426,25.824939727783203,8516000
2016-06-22,26.12640074033087,26.327372542619006,25.59047508239746,25.59047508239746,8728000
2016-06-23,25.657465257631657,25.82494218823695,25.456493452004338,25.489988327026367,2919000
2016-06-24,25.99241876292569,26.260382870422962,24.9875571930536,25.62397003173828,11481000
2016-06-27,25.590470940739138,25.85843244859038,25.4229940400216,25.72445297241211,4159000
2016-06-28,25.724458839771167,25.958925532056142,25.62397165422316,25.79144859313965,81687000
2016-06-29,26.12639824270256,26.52834180885388,26.12639824270256,26.193387985229492,8360000
2016-06-30,26.494846106610492,26.494846106610492,26.26037945962514,26.39436149597168,5051000
2016-07-01,26.52834191268738,26.628829082365957,25.858434262816537,25.958921432495117,7659000
2016-07-04,25.95892109786104,26.12639800816982,25.891931355935466,26.09290313720703,2701000
2016-07-05,26.12639800816982,26.159892879132606,25.992415968823824,26.09290313720703,1654000
2016-07-06,26.059407269038697,26.059407269038697,25.657461166381836,25.657461166381836,2703000
2016-07-07,25.791443200600792,25.925425234819745,25.657461166381836,25.657461166381836,2431000
2016-07-08,25.657461166381836,25.657461166381836,25.657461166381836,25.657461166381836,0
2016-07-11,25.992419695537905,26.05941200256348,25.82494276121679,26.059412002563477,3122000
2016-07-12,26.360860974361064,26.360860974361064,26.12639435491221,26.159889221191406,2620000
2016-07-13,26.327371068504874,26.896794124515935,26.293876195914805,26.662324905395508,10271000
2016-07-14,27.19825212301985,27.365729051253947,26.796308517456055,26.796308517456055,9085000
2016-07-15,27.064272349625494,27.097767223832697,26.82980311918488,26.96378517150879,5854000
2016-07-18,27.030771185792776,27.030771185792776,26.69581737900231,26.72931480407715,4678000
2016-07-19,26.896791458129883,26.93028632739947,26.762809425556807,26.896791458129883,6096000
2016-07-20,26.863294282397543,26.863294282397543,26.69581737900231,26.72931480407715,11373000
2016-07-21,27.377734476811803,28.314340632925,27.269663372953136,27.9541072845459,18054000
2016-07-22,27.990128168428193,28.026153699508868,27.629894844518628,27.773988723754883,3633000
2016-07-25,28.02615694277953,28.06217972966672,27.4497813591346,27.810014724731445,4258000
2016-07-26,28.098200522459415,28.74662163386108,27.88206106811295,28.530479431152344,9292000
2016-07-27,29.178903799790604,29.178903799790604,28.098203659057617,28.098203659057617,11492000
2016-07-28,27.52182204942875,27.737961459178578,27.01749492777134,27.089540481567383,9631000
2016-07-29,27.017498607939086,27.269660828935017,27.017498607939086,27.161592483520508,4698000
2016-08-01,27.197619654164995,27.30569076538086,26.981480180095794,27.30569076538086,4382000
2016-08-02,27.197617795602817,27.197617795602817,26.80136166216054,26.94545555114746,5025000
2016-08-03,26.87340341827423,26.87340341827423,26.58521842956543,26.58521842956543,3481000
2016-08-04,26.657264709472656,26.7293102715048,26.549193618062418,26.657264709472656,2100000
2016-08-05,26.801355518021513,27.089540481567383,26.621238885169706,27.089540481567383,3346000
2016-08-08,27.161592623217718,27.161592623217718,26.477148771957285,26.5491943359375,4323000
2016-08-09,26.693286759794496,26.837380628276424,26.188959594288725,26.224985122680664,4622000
2016-08-10,26.369078136483516,26.945453651803362,26.188961475036603,26.765336990356445,5148000
2016-08-11,26.6572654351934,26.6572654351934,26.224986554508074,26.369077682495117,3878000
2016-08-12,26.51317155884426,26.58521987119988,26.333054900498357,26.369077682495117,1969000
2016-08-15,26.549194797930433,26.87340533820731,26.44112645007957,26.765336990356445,2760000
2016-08-16,26.801356086521462,27.0895410561802,26.76533330885934,26.873401641845703,3927000
2016-08-17,26.801358581898967,26.87340414393111,26.40510249399813,26.477148056030273,3366000
2016-08-18,26.513173345949323,26.549196130374177,26.33305667546276,26.44112777709961,1657000
2016-08-19,26.585221663161317,26.80136111807273,26.44112777709961,26.44112777709961,2764000
2016-08-22,26.58521914744051,26.657264709472656,26.333054183603963,26.477148056030273,3117000
2016-08-23,26.477148771957285,26.729310994250135,26.44112598996718,26.5491943359375,3362000
2016-08-24,26.549196731783784,26.65726783586873,26.333057271976234,26.405105590820312,1939000
2016-08-25,26.297034486735367,26.513173946542913,26.297034486735367,26.405105590820312,2585000
2016-08-26,26.51317199966584,27.413755306368905,26.51317199966584,27.12557029724121,11128000
2016-08-29,27.12556600682711,27.37772819347496,26.945449373975304,27.089540481567383,4735000
2016-08-30,27.197618459400378,27.413757923974785,27.08954735293197,27.377735137939453,5392000
2016-08-31,27.26965963234363,27.26965963234363,26.765335212481496,27.05352020263672,4312000
2016-09-01,26.873405465399998,26.90942824818745,26.58522045473823,26.693288803100586,2403000
2016-09-02,26.729307782835452,26.909424419507825,26.51316836850096,26.873401641845703,4395000
2016-09-05,27.017500617305725,27.3777339588698,27.017500617305725,27.269662857055664,5881000
2016-09-06,27.197619654164995,27.37773634061642,27.161596866547217,27.30569076538086,4891000
2016-09-07,27.341712327004263,27.701945683754353,27.233641220634276,27.557851791381836,10128000
2016-09-08,27.593873345759075,28.350362811496623,27.593873345759075,27.990129470825195,12652000
2016-09-09,28.026155603239122,28.098201173570008,27.665922254860018,27.9541072845459,5518000
2016-09-12,27.66592717609605,28.242300086355797,27.62990163616002,28.062183380126953,9855000
2016-09-13,28.17024809032829,28.17024809032829,27.593875255045834,27.810014724731445,10044000
2016-09-14,27.773989903530328,27.990129357384745,27.629896018173294,27.882061004638672,9253000
2016-09-19,28.242294871113373,28.602528217050118,28.17024655290863,28.566505432128906,9306000
2016-09-20,28.17024800281969,28.49445858052221,28.17024800281969,28.350364685058594,3704000
2016-09-21,28.45843831435416,28.638555012546277,28.134227707935814,28.31434440612793,4914000
2016-09-22,28.60252763426426,28.74662151937546,28.386388180778585,28.42241096496582,5035000
2016-09-23,28.8186689657339,29.32299622230673,28.60252949816338,28.78264617919922,13229000
2016-09-26,28.67457371042175,29.467088718386467,28.494457037933724,29.286972045898438,13227000
2016-09-27,29.286972045898438,29.286972045898438,29.286972045898438,29.286972045898438,0
2016-09-28,29.286972045898438,29.286972045898438,29.286972045898438,29.286972045898438,0
2016-09-29,29.431062584447258,29.755273137980332,29.142877563366277,29.322994232177734,17341000
2016-09-30,29.070827984409433,29.070827984409433,28.278315775399154,28.38638687133789,9378000
2016-10-03,28.49445653334029,28.71059598682596,28.350362648229087,28.42241096496582,5455000
2016-10-04,28.63854979276657,29.250945355656953,28.530478694203705,28.818666458129883,12495000
2016-10-05,29.395040552034846,29.61118001046317,29.034807205200195,29.034807205200195,18306000
2016-10-06,29.35901645421982,29.35901645421982,28.818666458129883,28.818666458129883,6712000
2016-10-07,28.926740073700376,29.431064581910768,28.78264617919922,28.78264617919922,16017000
2016-10-11,29.10685733096391,29.431065164556795,28.674575638902564,28.926740646362305,16054000
2016-10-12,28.962760328186853,29.106854210090706,28.782643662897584,28.998783111572266,10580000
2016-10-13,29.10685733096391,29.178902905459548,28.782646749008524,28.926740646362305,8244000
2016-10-14,28.74662613080663,28.854694500704277,28.098204917969934,28.31434440612793,8863000
2016-10-17,28.494455218914492,28.566503532327694,28.31433855792469,28.38638687133789,5543000
2016-10-18,28.458433749153055,28.530479317527526,28.31433986404185,28.42241096496582,3427000
2016-10-19,28.530478694203705,29.034805906893418,28.530478694203705,28.818666458129883,10831000
2016-10-20,28.890714484093866,29.322996166778744,28.890714484093866,29.142879486083984,10356000
2016-10-21,29.142877708379938,29.214923276918114,28.854689937502695,29.070829391479492,7980000
2016-10-24,29.178902218644655,29.89936894009267,29.178902218644655,29.50311279296875,10943000
2016-10-25,29.53913249172926,29.575155274363816,29.14287638602483,29.214921951293945,7831000
2016-10-26,29.395044838289103,30.043466056486288,29.35902204802542,29.719255447387695,18925000
2016-10-27,29.971411243298892,30.223576217314378,29.467086791992188,29.467086791992188,25668000
2016-10-28,29.539135741779184,29.719252423131497,29.17890237907456,29.250947952270508,8175000
2016-10-31,29.35901889900666,29.68322947333075,29.178902218644655,29.50311279296875,8359000
2016-11-01,29.46708811689935,29.503110900989192,29.286971448087897,29.322994232177734,4544000
2016-11-02,29.10685362803392,29.178899193364035,28.63854920830174,28.674571990966797,7589000
2016-11-03,28.854689241530107,29.034805906893418,28.782643674729663,28.818666458129883,8165000
2016-11-04,28.8186689657339,28.962762860235056,28.710597857767418,28.78264617919922,4774000
2016-11-07,28.926737556692753,28.998783123493197,28.782643674729663,28.818666458129883,3328000
2016-11-08,29.034809008105768,29.178902905459548,28.890715110751987,28.926740646362305,6583000
2016-11-09,29.034807235289875,29.10685555374887,27.66592216491699,27.665922164916992,11342000
2016-11-10,28.818665142559126,29.10685289332955,28.35036073464771,28.962759017944336,11939000
2016-11-11,28.53047488157187,28.638545965692803,28.27831268310547,28.27831268310547,6476000
2016-11-14,28.386388196715536,28.67457321873747,28.134223210538792,28.242294311523438,5014000
2016-11-15,28.242293738936556,28.278316522413686,27.88206040744084,27.91808319091797,4607000
2016-11-16,28.206266386326625,28.38638302289739,27.990124223752293,28.02614974975586,4420000
2016-11-17,28.3143431375317,28.3143431375317,28.026158082353785,28.098203659057617,2974000
2016-11-18,28.890710835192085,28.998781929304513,28.710594177246094,28.710594177246094,9011000
2016-11-21,28.818669072050596,28.998785753750912,28.710597963685426,28.890714645385742,6694000
2016-11-22,28.998785591855693,29.75527510110118,28.962762805389232,29.142879486083984,17018000
2016-11-23,29.322991147522227,30.043457746977996,29.322991147522227,29.935386657714844,23184000
2016-11-24,30.079484664069284,32.74521199834191,30.079484664069284,32.42100143432617,49036000
2016-11-25,32.42099836482798,32.52906945872224,30.980065104168958,31.232227325439453,29363000
2016-11-28,31.628489207090507,33.42965595582317,31.628489207090507,32.060768127441406,34102000
2016-11-29,31.916674237870325,32.240884802314675,31.700534777694873,32.060768127441406,9151000
2016-11-30,32.13281369804577,32.601118152061204,31.952697023172508,32.060768127441406,11427000
2016-12-01,32.276909412344075,33.033398939906334,32.276909412344075,32.60111999511719,15327000
2016-12-02,32.060770002823304,32.276909475641745,31.772582206823706,32.24088668823242,11773000
2016-12-05,32.42100411730725,32.529075230376634,31.916676836921063,32.132816314697266,7667000
2016-12-06,32.85328176631765,33.35760902664724,31.91667556762695,31.916675567626953,24661000
2016-12-07,32.56509672353107,32.70919061910559,31.91667556762695,31.916675567626953,12214000
2016-12-08,32.637142297137096,32.70919061910559,31.84462999402092,31.916675567626953,20320000
2016-12-09,32.38497992630716,32.74521328978474,32.09679213618011,32.637142181396484,24558000
2016-12-12,33.141467966931934,34.438307468139406,32.92532850812441,33.861934661865234,33395000
2016-12-13,33.6818155049351,33.78988660055247,33.39362774886354,33.717838287353516,14293000
2016-12-14,33.97000691635572,34.43830863491105,33.89795859540399,34.150123596191406,16245000
2016-12-15,34.222171783447266,34.36626568799746,33.82591560720619,34.222171783447266,12240000
2016-12-16,34.51035566641061,35.446961816888155,34.29421345999383,34.94263458251953,21839000
2016-12-19,35.08672330011865,35.08672330011865,34.330233934226996,34.36625671386719,10924000
2016-12-20,34.65444169935063,34.72649000699292,33.82590677417859,34.36625671386719,13498000
2016-12-21,34.76251471914382,34.79853750078658,34.18614196777344,34.18614196777344,8019000
2016-12-22,35.08672523805417,35.266841894565374,34.65444361341005,34.90660858154297,25282000
2016-12-23,35.807194483726306,36.45561284558718,35.69912338256836,35.69912338256836,35746000
2016-12-26,35.951287078786976,35.951287078786976,34.870587099445025,35.12274932861328,14146000
2016-12-27,34.834563518924675,35.014680192235275,34.510355705655456,34.582401275634766,8990000
2016-12-28,34.72649639763241,35.158775329589844,34.474331397021885,35.158775329589844,7776000
2016-12-29,34.79853880472108,35.15877213137112,34.654444924388635,34.762516021728516,7425000
2016-12-30,34.87059034371504,35.05070702369628,34.726496450057546,34.79854202270508,5468000
2017-01-03,34.72649717045623,34.72649717045623,33.89795932600955,34.04205322265625,12829000
2017-01-04,34.36626494525076,34.65444999976008,34.15012546727813,34.33024215698242,10313000
2017-01-05,34.79853808241186,35.19479418382942,34.65444420507035,34.87058639526367,13847000
2017-01-06,35.086726545640985,35.69912210125655,35.014678231334216,35.12274932861328,11750000
2017-01-09,35.19479992322904,35.37491661218797,34.94263765803157,35.05070877075195,6685000
2017-01-10,35.19479493458429,35.37491159801279,34.40228271484375,34.40228271484375,12205000
2017-01-11,34.65444757922314,34.76251868484221,34.33023975909069,34.47433090209961,7153000
2017-01-12,34.54637782928773,34.618423397887796,33.75386283287565,33.97000503540039,13034000
2017-01-13,33.78988987149304,33.86193544330405,33.24953983782329,33.39363098144531,11917000
2017-01-16,33.64579524381414,33.68181802893198,32.96135133312595,33.50170135498047,11884000
2017-01-17,33.645790127615726,34.36625671386719,33.57374181997343,34.36625671386719,12336000
2017-01-18,33.82590923203462,34.61842143515193,33.82590923203462,34.510353088378906,15731000
2017-01-19,34.94263712392091,35.15877659769534,34.726497650146484,34.726497650146484,12230000
2017-01-20,34.510357036941315,34.72649650357945,34.40228592944103,34.43830871582031,7472000
2017-01-23,34.43831126609125,34.83456744233232,34.222171783447266,34.222171783447266,7156000
2017-01-24,34.29421349899288,34.834563518924675,34.15012235903426,34.582401275634766,12150000
2017-02-02,35.482985956306315,35.6270798499638,34.79854202270508,34.79854202270508,17195000
2017-02-03,34.79854342859924,34.79854342859924,33.537726617792295,33.64579772949219,19755000
2017-02-06,33.64579847003557,33.86193794983005,33.42965899024109,33.53772735595703,10065000
2017-02-07,33.501696353362135,33.71783578016305,33.35760248604088,33.5737419128418,6675000
2017-02-08,33.5737477090301,33.753864387186624,32.56509596037104,33.03339767456055,12520000
2017-02-09,33.033400746504014,33.573750831223464,32.99737795719525,33.14147186279297,5532000
2017-02-10,33.321582815034795,33.46567669579927,32.92532670420411,32.96134948730469,8867000
2017-02-13,33.14147052291807,33.970008385336044,33.03339941099832,33.933982849121094,12383000
2017-02-14,33.93397953589498,33.93397953589498,33.501700627147656,33.609771728515625,8070000
2017-02-15,33.57374619581812,33.645794512850856,33.249538388438765,33.609771728515625,11812000
2017-02-16,33.64579772949219,33.75386609282955,33.21351603105514,33.64579772949219,6931000
2017-02-17,33.6457964492348,33.68181923564322,33.429656982421875,33.429656982421875,4662000
2017-02-20,33.53772361195045,33.609771929413846,32.817256927490234,32.817256927490234,8568000
2017-02-21,32.709189804153546,33.537724873429724,32.709189804153546,33.39363098144531,9337000
2017-02-22,33.57374502409791,33.60977055553813,33.17748891351512,33.32158279418945,4132000
2017-02-23,33.32158727964593,33.32158727964593,32.81726000357879,32.925331115722656,7311000
2017-02-24,32.961347579956055,32.99737036097213,32.49304318166105,32.78123092651367,8964000
2017-03-01,32.78123803144005,32.85328360908718,32.24088795399873,32.457027435302734,5844000
2017-03-02,32.85328104610478,33.10544604492282,32.529073223622504,32.67316436767578,4385000
2017-03-03,32.565094066027406,33.24953795287988,32.52907128216406,33.2135124206543,5085000
2017-03-06,33.71784404717953,34.11410021819651,33.53772735595703,33.53772735595703,13064000
2017-03-07,33.71783578016305,33.71783578016305,33.35760248604088,33.5737419128418,5669000
2017-03-08,33.64579022068339,33.71783578016305,33.39362526578071,33.5737419128418,5137000
2017-03-09,33.75386683575151,34.07807742962453,33.28556508759057,33.53772735595703,11337000
2017-03-10,32.78123605466152,32.78123605466152,31.5564420699797,31.988723754882812,21105000
2017-03-13,31.77257962656675,32.27690685442828,31.77257962656675,32.16883850097656,5246000
2017-03-14,32.38497792171704,32.70918847845112,32.34895513727154,32.52907180786133,5908000
2017-03-15,32.45702426249012,32.52907258145684,31.916674237870325,32.060768127441406,5391000
2017-03-16,32.63713705408736,32.853276488545816,32.276903747202596,32.78123092651367,14146000
2017-03-17,32.8532814064375,33.429656982421875,32.493048045628484,33.429656982421875,10544000
2017-03-20,33.861933338651276,34.58240000543109,33.68181667195633,34.00602722167969,15135000
2017-03-21,34.58240205573116,34.58240205573116,34.04205202361036,34.114097595214844,7698000
2017-03-22,33.64579447997555,33.97000503540039,33.28556114025068,33.97000503540039,5706000
2017-03-23,34.11410066794396,34.69047628614476,34.11410066794396,34.222171783447266,15541000
2017-03-24,35.30286908911117,35.879241912322136,34.7264962659002,35.2308235168457,33119000
2017-03-27,35.66310533222399,36.167432623968374,34.222171783447266,34.222171783447266,28977000
2017-03-28,34.76251278663311,34.97865221283617,34.07806898002184,34.36625671386719,12641000
2017-03-29,34.294212341308594,34.72649399167871,33.9700045389838,34.294212341308594,8944000
2017-03-30,34.40228326077184,35.482983258492425,34.33023769360202,35.086727142333984,20530000
2017-03-31,35.51900472075729,35.69912138034365,34.83456086465671,34.87058639526367,17363000
2017-04-05,35.05070306733038,35.374910856011574,34.40228199324377,34.510353088378906,11212000
2017-04-06,34.65444621308493,35.01467955313098,34.546377860088484,34.97865676879883,8970000
2017-04-07,34.942634622255966,34.942634622255966,34.29421349899288,34.582401275634766,8720000
2017-04-10,34.65444999976008,34.72649832465934,34.33024215698242,34.33024215698242,3803000
2017-04-11,34.618424841533404,34.798541518907,34.114097595214844,34.114097595214844,5495000
2017-04-12,34.15012173863091,34.18614452296614,33.35760674144446,33.609771728515625,8567000
2017-04-13,33.71784127842271,34.76251855140155,33.68181849280876,34.54637908935547,10058000
2017-04-14,34.29421293943119,34.43830682540102,33.93397959868774,34.2581901550293,8733000
2017-04-17,34.582404023914506,34.65444959961931,33.75386616149654,33.933982849121094,8337000
2017-04-18,34.43830682540102,34.43830682540102,34.07807348465758,34.2581901550293,4177000
2017-04-19,34.36626311600877,34.402285902359694,33.717841968242354,33.78989028930664,4488000
2017-04-20,33.78989047888981,33.82591326544285,33.2495404355069,33.357608795166016,5247000
2017-04-21,33.68181802893198,33.717840814049815,33.46567856986263,33.50170135498047,4644000
2017-04-24,33.50170396764402,33.57374954349824,32.78123721565168,32.925331115722656,7910000
2017-04-25,33.14146667187146,34.07807278901278,32.6011166717866,34.00602722167969,14005000
2017-04-26,34.36626109435892,34.69047164916992,34.07807332377974,34.69047164916992,17057000
2017-04-27,35.08672330011865,35.08672330011865,34.330233934226996,34.36625671386719,22543000
2017-04-28,34.942633887155,34.942633887155,34.546377763880336,34.69047164916992,13624000
2017-05-02,35.302864787490826,35.59105253816211,35.050702566925004,35.55502700805664,25774000
2017-05-03,35.62707711537498,35.84321656509002,35.374912133738924,35.44696044921875,11228000
2017-05-04,35.77117358486769,35.95129026404958,35.6270796918497,35.879241943359375,13276000
2017-05-05,35.951291468646836,35.98731425601772,35.55503256247955,35.80719757080078,14984000
2017-05-08,36.023335702675624,36.527662952185565,35.951290130615234,35.951290130615234,18257000
2017-05-09,36.38356518719491,37.104031824565105,36.023331868509814,36.311519622802734,19497000
2017-05-10,36.599708557128906,36.74380244974155,36.09538130716585,36.599708557128906,11748000
2017-05-11,36.743803719694526,36.815849294309714,35.699126397599336,36.16743087768555,12350000
2017-05-12,36.3835677726596,36.74380111694336,35.879240540989876,36.74380111694336,9248000
2017-05-15,37.03198390644677,39.337474800806376,36.95993559827183,38.617008209228516,27427000
2017-05-16,38.61701333077452,38.68906164850481,37.24812827424662,37.46426773071289,15453000
2017-05-17,37.320175220872216,37.60836300570401,36.88789629198693,36.95994186401367,6283000
2017-05-18,36.38357042255539,36.743803793075735,36.02333705203504,36.45561599731445,9750000
2017-05-19,36.81584936783481,37.10403716359609,36.45561599731445,36.45561599731445,5802000
2017-05-22,36.815848073134944,36.815848073134944,36.16742967801869,36.23947525024414,3949000
2017-05-23,36.45560955739347,36.59970342981978,36.09537625050871,36.38356399536133,4143000
2017-05-24,36.743802316248136,37.24812956437893,36.38356896020649,36.671756744384766,8790000
2017-05-25,37.17608124415316,37.17608124415316,36.38356896020649,36.671756744384766,4975000
2017-05-26,36.743799819136704,36.81584538610385,36.38356648757654,36.52766036987305,4125000
2017-05-31,36.887896208337274,37.3201751362423,36.52766285229563,36.671756744384766,7220000
2017-06-01,37.03198885438891,37.320173880508065,36.74380107990746,37.104034423828125,6011000
2017-06-02,37.32016889406076,38.76110207721647,37.176075026072795,38.617008209228516,22321000
2017-06-05,38.617013150404226,39.625667607018705,38.617013150404226,39.26543426513672,18264000
2017-06-06,39.19338488840731,39.19338488840731,38.68905770909623,38.90519714355469,5083000
2017-06-07,38.68905770909623,38.68905770909623,37.68040335047408,37.82449722290039,12647000
2017-06-08,38.32882956836399,38.83315681565083,37.96859621292516,38.04064178466797,6290000
2017-06-09,38.18473441784198,38.40087387430825,37.46426773071289,37.46426773071289,6110000
2017-06-12,36.88788872521204,37.752449153998626,36.88788872521204,37.68040084838867,7254000
2017-06-13,38.18473441784198,38.40087387430825,37.3922221613449,37.46426773071289,6057000
2017-06-14,37.75245419683106,37.824499763702754,36.7437997704541,37.24812698364258,5387000
2017-06-15,37.392219669129396,37.4642652336955,36.743798594585975,37.32017135620117,4236000
2017-06-16,37.32017255051427,37.608360314725466,37.03198753466529,37.24812698364258,6506000
2017-06-19,37.39221708536977,38.83315026402199,37.32016877742,38.689056396484375,16928000
2017-06-20,39.20787875955508,39.20787875955508,38.466709050129374,38.54082489013672,12431000
2017-06-21,38.46670680197311,39.05964196939243,37.87376880721588,38.911407470703125,6787000
2017-06-22,39.1337594466702,39.43022845648524,39.05964360788545,39.20787811279297,5029000
2017-06-23,39.35611190710568,39.43023057721487,38.9114111958032,38.98552703857422,3123000
2017-06-26,39.133757934931616,40.17139660186221,38.76317310064753,39.800811767578125,10945000
2017-06-27,40.245515449265184,40.98668517329341,39.80081474578349,40.6161003112793,17008000
2017-06-28,40.61609967243205,40.76433418037375,39.94904862770151,40.31963348388672,7990000
2017-06-29,40.69021742989339,41.06080227778918,40.245513916015625,40.245513916015625,6444000
2017-06-30,40.31963411807087,40.6161003112793,39.57846439404265,40.6161003112793,6038000
2017-07-03,40.986683611807216,40.986683611807216,40.09727941138971,40.245513916015625,9325000
2017-07-04,40.09727785539341,40.17139651849916,39.726693021878354,39.87492752075195,6589000
2017-07-05,40.39374698292126,40.76433181762695,39.80081181285972,40.76433181762695,8906000
2017-07-06,41.20903248833863,41.876086321744054,40.76433181762695,40.76433181762695,15086000
2017-07-07,40.690216064453125,40.764331900609974,40.17139672934142,40.690216064453125,5641000
2017-07-10,40.838452190724475,41.283155738179964,40.39375147060721,40.98668670654297,6965000
2017-07-11,41.28315505941513,41.727855772220764,40.83845151927132,41.65373992919922,12466000
2017-07-12,42.32079090728326,42.32079090728326,41.505505326449,41.72785568237305,11054000
2017-07-13,41.57962188126029,42.39491030339254,41.50550603712927,41.9502067565918,7129000
2017-07-14,42.024322509765625,42.3207886930404,41.87608800445923,42.024322509765625,7477000
2017-07-17,42.543143301060596,43.729013728874484,42.4690246322359,43.43254470825195,20144000
2017-07-18,42.691375780014944,45.95252375831447,42.46902542407138,45.4337043762207,34910000
2017-07-19,45.28546750967158,45.87840553115714,44.69253231552403,44.91488265991211,16588000
2017-07-20,44.544298616435185,45.73017185353341,44.544298616435185,45.06311798095703,13429000
2017-07-21,45.06312170703129,47.28663102968749,45.06312170703129,46.916046142578125,23103000
2017-07-24,46.91604389864369,48.99131860173075,46.174874159874165,48.17603302001953,21914000
2017-07-25,48.0278021066124,48.25014963901367,47.43486404418945,47.43486404418945,12375000
2017-07-26,46.84192877833116,47.06427913792457,46.24899354363597,46.54545974731445,15704000
2017-07-27,46.69369438317779,47.80544901134869,46.61957853890169,47.360748291015625,12273000
2017-07-28,47.36075060460943,47.43486645250612,46.47134629315726,46.99016571044922,6965000
2017-07-31,46.693697484488425,46.99016653596023,45.8784118339486,46.24899673461914,10952000
2017-08-01,46.10075982343517,47.21251446791992,45.43370590580901,46.693695068359375,12369000
2017-08-02,46.916047050049116,46.916047050049116,45.95252689039559,46.10076141357422,7896000
2017-08-03,46.100760613134156,46.5454613476104,45.730175725291176,45.9525260925293,5430000
2017-08-04,46.02664122759862,46.17487574591179,45.58194049999737,45.73017501831055,4995000
2017-08-07,45.9525260925293,46.174876459767425,45.730175725291176,45.9525260925293,4654000
2017-08-08,46.32311098095,47.434865644492795,46.02664193973659,46.8419303894043,10318000
2017-08-09,46.916047050049116,46.916047050049116,46.02664273831572,46.10076141357422,7139000
2017-08-10,45.95252536742156,45.95252536742156,44.47018583944021,44.84077072143555,9853000
2017-08-11,44.5443000793457,45.28546981662159,44.24783388083825,44.5443000793457,8259000
2017-08-14,45.8784065246582,46.32310722306439,45.21135264971085,45.8784065246582,11967000
2017-08-15,46.69369577340132,47.06428066049181,46.026641845703125,46.026641845703125,9461000
2017-08-16,45.87841015273758,46.39722673279361,45.8042914789165,46.026641845703125,5592000
2017-08-17,46.61957841873774,46.91604462241622,46.32310938772104,46.54545974731445,8533000
2017-08-18,46.026641939162566,46.174876459767425,45.65605705131959,45.9525260925293,4842000
2017-08-21,46.02664500793001,46.916049363520706,45.87841330478031,46.61958312988281,5371878
2017-08-22,46.24899584185446,46.54546206026503,46.026642643873586,46.17487716674805,5684159
2017-08-23,46.61957769953879,46.767809385422154,46.24899283015402,46.3231086730957,5509233
2017-08-24,47.06427916884422,47.58309573245697,46.84192880910473,47.43486404418945,10988278
2017-08-25,47.508979079096704,47.508979079096704,47.13839421006369,47.28662872314453,6257891
2017-08-28,47.731334592962945,48.0278036336003,47.43486555232558,47.805450439453125,7407617
2017-08-29,48.10191722280731,48.76897111926931,47.2125129699707,47.2125129699707,11839937
2017-08-30,48.10192162313354,48.17603747292575,47.50898351544217,47.583099365234375,4813755
2017-08-31,47.95368576049805,48.324270675663186,47.58310084533291,47.95368576049805,6784534
2017-09-01,48.101919574131344,48.17603542076643,47.7313346862793,47.7313346862793,4046514
2017-09-04,47.87956476366844,48.0278021066124,47.28662952858372,47.43486404418945,5553845
2017-09-05,47.50897835404337,47.657215692200076,46.99016180718556,47.06427764892578,6070878
2017-09-06,46.841929586424996,47.36074898598553,46.47134470493008,46.693695068359375,7891622
2017-09-07,46.91604695378201,47.064281476656475,46.026642643873586,46.17487716674805,8781752
2017-09-08,46.6936957780705,47.805450439453125,46.54546125775182,47.805450439453125,9318462
2017-09-11,48.10192162313354,48.17603747292575,47.21251728893492,47.583099365234375,5328207
2017-09-12,48.10191863339467,51.8077674394393,48.10191863339467,50.39954376220703,35892049
2017-09-13,50.547770967678616,50.91835581540258,49.06543157678275,49.13955307006836,20446508
2017-09-14,49.80660326154486,52.10423393294341,49.58425573683536,50.918357849121094,31617330
2017-09-15,51.06658708096546,55.95830535888672,51.06658708096546,55.95830535888672,60518704
2017-09-18,57.81123979950946,61.368856818272896,57.81123979950946,59.145347595214844,69854368
2017-09-19,58.92299274751159,60.03474732765332,56.77359942830234,56.99595260620117,31382287
2017-09-20,58.5524071166234,60.25709971226897,57.959469086483345,59.664161682128906,36519965
2017-09-21,60.850032140712315,64.92646555111502,60.627684620223306,63.44412612915039,59310401
2017-09-22,64.48176016126361,65.14881398352216,61.73943469213763,62.25825119018555,40455838
2017-09-25,62.99942084721157,63.29588984095712,61.59119736792699,62.25825119018555,26923164
2017-09-26,60.77591624763441,61.442970117872946,58.25593810155337,59.664161682128906,30719086
2017-09-27,61.44296569839207,62.62883601869856,60.77591187613351,62.25825119018555,25353264
2017-09-28,65.66764106078868,65.66764106078868,63.2959000380824,63.592369079589844,35175530
2017-09-29,62.851199303159554,65.37117201928123,62.18414537343696,63.592369079589844,29859093
2017-10-02,65.22294201912311,67.59468310340233,64.85235712128718,67.2240982055664,54520030
2017-10-03,67.44645110305748,67.44645110305748,65.7417583188018,65.81587982177734,27592774
2017-10-05,65.14881750863164,65.81587136698354,64.62999532783526,64.70411682128906,22076250
2017-10-06,64.55588721845781,64.7041245684381,62.851200103759766,62.851200103759766,25638176
2017-10-11,64.48177054943554,65.22294032586584,63.592369079589844,63.592369079589844,33033218
2017-10-12,63.74058922194832,65.00057535167473,63.59235755539543,63.666473388671875,18082629
2017-10-13,63.59236801452529,65.74175580643322,62.92531409597472,64.5558853149414,35014112
2017-10-16,64.77823713771197,65.8899917602539,64.11118323325152,65.8899917602539,31585741
2017-10-17,66.70527169870776,67.07585654147836,63.74059295654297,63.74059295654297,43372764
2017-10-18,63.962949774112495,64.77823534379678,63.147658549751945,63.88882827758789,31872454
2017-10-19,64.77823707026987,65.59352266168318,64.1111831665039,64.1111831665039,24855078
2017-10-20,63.96295080631914,64.85235223220454,63.74059762250961,64.77823638916016,18431024
2017-10-23,65.59352573939732,65.74175743399987,64.77824010972998,64.85235595703125,14075224
2017-10-24,64.85234125947562,65.22292606667263,64.18528747558594,64.18528747558594,10764185
2017-10-25,64.85234739903657,64.85234739903657,63.8147087097168,63.8147087097168,9293143
2017-10-26,64.2594141784967,64.77823638916016,63.295896909566906,64.77823638916016,8106864
2017-10-27,64.77823159627793,64.77823159627793,61.51708385152686,61.81355285644531,19652060
2017-10-30,62.480616469417775,64.11118776930984,61.44297761736063,61.66532516479492,19664490
2017-10-31,61.739436245691934,61.96178375558925,60.10885956639893,60.627681732177734,27176851
2017-11-01,62.77707108501114,65.44528651841871,62.70295524623338,64.70411682128906,32410136
2017-11-02,64.1111839472899,64.18529979201621,62.9994293123658,63.37001419067383,14550066
2017-11-03,63.666478482473856,63.740594321680135,62.11002324043781,62.33237075805664,10274809
2017-11-06,62.851196109526796,63.37001266479493,62.70295876896708,62.999427795410156,6330750
2017-11-07,64.92646433762233,66.77938858044647,64.33353197272423,64.70411682128906,26002522
2017-11-08,65.22293872101808,66.03822432409551,64.7041221521533,65.07470703125,14218329
2017-11-09,65.2229368262828,65.37116851174473,62.40648956509551,63.14765930175781,13537460
2017-11-10,62.777070521080056,62.777070521080056,61.146499463912775,61.29473114013672,20467424
2017-11-13,61.368855091222144,61.73943995130277,60.257100510980266,60.775917053222656,24335855
2017-11-14,61.88766915438445,62.480607168632176,60.70179878056497,61.29473114013672,21996293
2017-11-15,61.44298014131509,61.81356505693861,60.99827937350227,61.14651107788086,8842148
2017-11-16,60.70179975597588,61.442969458357325,60.25709906548222,60.331214904785156,11702165
2017-11-17,60.998271673161135,61.442972384835514,60.77591848998577,61.220619201660156,8974935
2017-11-20,61.81355579238365,61.81355579238365,60.775917053222656,60.775917053222656,4396793
2017-11-21,61.29472837418143,62.99942084721157,60.99826503511161,62.25825119018555,15690294
2017-11-22,64.33353096684631,64.85234748485476,63.07353910862071,63.74059295654297,20239298
2017-11-23,64.48177087909593,66.85351191392763,64.1853018360728,65.0005874633789,42074349
2017-11-24,65.14881980537194,65.22293564676256,64.2594127446558,64.33353424072266,8506144
2017-11-27,64.7041164510473,64.7041164510473,62.62883904908875,63.07353973388672,14926592
2017-11-28,62.6288481677073,62.85120136981841,61.44297761736063,61.66532516479492,13535217
2017-11-29,62.851200127714264,62.851200127714264,60.85003831229293,61.072391510009766,16566454
2017-11-30,58.62651530432951,58.99710011112638,56.699475439920874,57.66299819946289,41519335
2017-12-01,57.21830303764218,57.514772071683765,55.43950014274568,56.032432556152344,35242479
2017-12-04,56.032428570757524,56.032428570757524,53.06774975056214,54.25362014770508,29563088
2017-12-05,52.771276687183786,54.69832229614258,51.585406381061524,54.69832229614258,42344491
2017-12-06,55.06891317102095,56.180667765418335,54.25362194472184,54.401859283447266,24728806
2017-12-07,56.180661592464325,56.47712492798814,54.69832229614258,54.69832229614258,21848508
2017-12-08,56.25478822543502,57.29242706298828,55.43950258688486,57.29242706298828,22960780
2017-12-11,57.07007515736115,58.255945718007304,56.1065521460804,57.81124496459961,16348389
2017-12-12,57.885354008444075,57.95946984951828,56.62536774615393,56.99595260620117,9850389
2017-12-13,56.847718797374,57.440656872118105,56.32890222298033,57.21830368041992,6950784
2017-12-14,57.44064505351461,58.18181466710835,57.21829190756633,57.66299819946289,7825616
2017-12-15,57.81123335704105,58.033586516438426,56.773594704312856,57.95946502685547,6827709
2017-12-18,58.330059051513665,58.70064393914635,58.107711511740035,58.33005905151367,5781073
2017-12-19,58.99710845947266,59.81239401885713,58.77476093673664,58.997108459472656,13337273
2017-12-20,59.293582208139114,60.25710518089204,59.219466361314275,59.960636138916016,14756217
2017-12-21,59.81239652899129,60.10886555975737,58.18182534179252,58.478294372558594,13827556
2017-12-22,57.959461521160065,58.330046327956936,56.84770710076946,57.66299819946289,9309827
2017-12-25,57.73712281758019,57.885354500989905,56.10654602669204,56.47713088989258,7207733
2017-12-26,56.25478108570453,56.3288969244067,54.69832585425481,54.92067337036133,9952923
2017-12-27,54.55008481316327,55.1430227918172,54.03126832284781,54.846553802490234,10952172
2017-12-28,55.21714645857119,57.292424023582704,55.21714645857119,56.55125427246094,13715293
2017-12-29,56.477130889892585,56.84771575309313,55.661845321786636,56.47713088989258,9833585
2018-01-02,57.21830685693809,59.07123137503423,56.477137049699635,57.81124496459961,10464555
2018-01-03,58.99711554711046,59.886522708932354,58.92299969729452,59.51593780517578,15825924
2018-01-04,60.25709897956448,60.77591550862131,59.59004511743708,60.405330657958984,13512189
2018-01-05,60.77591782986761,62.406488973188665,60.77591782986761,61.887672424316406,28939382
2018-01-08,62.62884215394894,63.221780199525476,61.591203401528134,61.887672424316406,17244766
2018-01-09,62.110026279685265,62.554726991359644,61.220619201660156,61.220619201660156,7968605
2018-01-10,59.960632394614336,59.960632394614336,57.81123904285498,58.033592224121094,20008135
2018-01-11,58.84888384747858,60.25710761268893,58.84888384747858,59.51593780517578,11507938
2018-01-12,60.10886173220029,60.40533074408808,58.84887550002225,60.331214904785156,10038682
2018-01-15,60.62768249144745,61.81355285644531,60.257097648968376,61.81355285644531,9793827
2018-01-16,61.961789030197544,63.29589682185324,61.665320003754466,62.999427795410156,23414019
2018-01-17,63.5923731216527,63.5923731216527,60.03475570678711,60.03475570678711,41266358
2018-01-18,60.775917053222656,61.81355579238365,60.775917053222656,60.775917053222656,16279254
2018-01-19,60.92415172960436,61.07238907372771,59.73828125,59.73828125,13812714
2018-01-22,59.14534514676346,60.10886237739589,58.70063879682035,59.664161682128906,12879477
2018-01-23,60.0347525117547,60.55356909875103,58.92299783561109,59.44181442260742,10779648
2018-01-24,59.886514857100465,59.886514857100465,59.36769266705888,59.664161682128906,7403342
2018-01-25,59.515923700293904,59.73827119704683,57.81123128514381,58.18181610107422,16397747
2018-01-26,58.700643421271,59.21946565218553,58.181826845033065,58.848880767822266,9036627
2018-01-29,59.29357618560108,59.29357618560108,58.4041748046875,58.4041748046875,6703005
2018-01-30,58.25593966146104,59.1453467304866,57.95947063845252,58.10770797729492,9788954
2018-01-31,57.8112419606698,58.848880767822266,57.21830388381793,58.848880767822266,12719873
2018-02-01,59.51593512545125,60.40533659255067,59.441813624295776,60.1829833984375,15297057
2018-02-02,60.03474719626934,60.03474719626934,58.997108459472656,58.997108459472656,12324351
2018-02-05,56.69948510459319,57.73712387142951,56.55125341847786,57.366539001464844,12295075
2018-02-06,55.66184238681416,56.254780398540724,52.69716363753324,53.66068649291992,23574058
2018-02-07,57.737114803421974,57.737114803421974,54.475967328983124,54.55008316040039,24396183
2018-02-08,54.84656048619919,55.36537703973865,53.512452698988675,53.88303756713867,11625858
2018-02-09,51.73364947243701,54.62420689885656,50.84424240265874,54.32774353027344,11693644
2018-02-12,54.84656364039371,56.62537224074721,54.84656364039371,56.32890319824219,15422301
2018-02-21,59.367698858742536,59.66416790473245,58.55241322327781,59.21946716308594,31001436
2018-02-22,58.700639704031026,59.07122456492687,58.55240802154318,58.77476119995117,13667228
2018-02-23,58.77476642143942,59.59005205690415,58.40418152762121,59.21946716308594,18825191
2018-02-26,59.738286646435476,60.55357232139472,59.36770173466518,60.03475570678711,24546806
2018-02-27,60.77591024433135,61.220610895671825,59.88650894165039,59.88650894165039,50333673
2018-03-01,59.59005106227077,59.812398602044404,58.25594320492246,58.33005905151367,21999228
2018-03-02,57.8112389542864,58.92299354956114,57.29242240502871,58.10770797729492,13620820
2018-03-05,58.70064036863568,58.84887770747808,57.66300727012029,58.10770797729492,7626048
2018-03-06,59.36769331870889,59.66416233703311,58.84887677764865,58.997108459472656,12148244
2018-03-07,59.59004429423476,59.88651330160428,58.92299044132233,59.293575286865234,13155163
2018-03-08,59.590046631899895,61.294733595465054,59.590046631899895,60.775917053222656,26349652
2018-03-09,61.51708393560974,62.110021946257085,61.294730767948,61.739437103271484,17857592
2018-03-12,62.110020208412344,62.999421544821864,61.36885054317914,61.51708221435547,19161816
2018-03-13,63.59236229324682,66.70527276018504,63.59236229324682,66.63115692138672,57825786
2018-03-14,66.70528272410684,68.55820724422092,65.96411291606121,66.26058197021484,32321031
2018-03-15,66.63115612401342,67.44644165039062,66.26057127978049,67.44644165039062,19065949
2018-03-16,68.18762026218228,69.81819152832031,68.18762026218228,69.81819152832031,44083316
2018-03-19,70.41112368868798,73.59815575962541,70.41112368868798,71.89346313476562,38541528
2018-03-20,70.55936451444501,71.81935659968539,70.4111328125,70.4111328125,24366093
2018-03-21,71.74524491052543,73.67228542097945,71.52289169003265,73.37581634521484,29152011
2018-03-22,72.04169729781118,73.37580510708327,70.5593578006984,71.37464904785156,26458452
2018-03-23,66.85351035981218,70.04054260253906,66.85351035981218,70.04054260253906,27748981
2018-03-26,68.85467602584876,69.52172998138501,67.96526886690813,68.1876220703125,23425774
2018-03-27,69.66994951884033,70.92993570571497,69.0770115163841,70.70758819580078,20359330
2018-03-28,69.2993758953183,69.2993758953183,67.07586650830275,67.2240982055664,23782487
2018-03-29,67.89114333276136,68.48408135414005,67.00174195536938,68.40996551513672,12072843
2018-03-30,69.29936920367574,69.52172238277727,67.52056073489213,68.03938293457031,12909862
2018-04-02,68.55820142467508,68.854670453663,67.96526336669922,67.96526336669922,8683438
2018-04-03,66.85350960491175,67.44644767047886,66.3346930385479,67.14997863769531,10804800
2018-04-09,66.7793915554668,66.85350739754641,64.70411970385608,65.59352111816406,18833348
2018-04-10,65.22293928936384,68.70643492135697,65.00058609809766,68.1135025024414,14043360
2018-04-11,70.4111281750036,70.4111281750036,67.59468078613281,67.59468078613281,15596723
2018-04-12,68.1876121727196,69.07701354788466,68.11349633390185,68.55819702148438,12513873
2018-04-13,69.52172691343236,70.33701253214223,68.7064356400459,69.22525787353516,15371930
2018-04-16,68.92878398535422,68.92878398535422,68.18761426508159,68.33584594726562,10240413
2018-04-17,68.55820320172016,68.55820320172016,65.96410902651994,66.3346939086914,12412104
2018-04-18,68.55820605315026,69.81819244306716,68.33585285272878,69.0029067993164,22355592
2018-04-19,70.41113045259142,72.85699303544688,70.04054555547252,72.5605239868164,32815733
2018-04-20,70.04054401946804,71.44876772857258,68.70643615722656,68.70643615722656,25730683
2018-04-23,69.0029030760277,69.59584114203976,68.03938578710371,68.92878723144531,9520210
2018-04-24,67.89115072729646,67.9652665743723,65.59352553988552,66.7793960571289,18525402
2018-04-25,65.6676408770473,67.44644946643814,65.51940918404667,67.2982177734375,8120930
2018-04-26,68.55819947957225,69.37348504515083,67.14997587284039,68.03938293457031,12251927
2018-04-27,69.59584489732248,69.81819244306716,68.85467510215328,69.0029067993164,13290356
2018-04-30,68.92878723144531,69.22525626445135,67.6688009095153,68.92878723144531,8585539
2018-05-02,69.59584019879463,69.59584019879463,67.52056265055553,67.96526336669922,10880103
2018-05-03,67.44644245752043,67.44644245752043,66.1864562339207,66.63115692138672,11821796
2018-05-04,67.37233096339976,68.55820142467508,67.2240936215676,67.96526336669922,7862141
2018-05-07,69.52172366752141,69.52172366752141,68.18761587761067,68.63231658935547,8348541
2018-05-08,69.52172832634979,70.26289811381757,69.37349097605019,69.66996002197266,15740202
2018-05-09,69.59583817288973,70.11465471750877,69.15113746969108,69.96642303466797,8523504
2018-05-10,71.1522901347933,71.1522901347933,69.07701274399145,69.37348175048828,8999761
2018-05-11,70.4111266102033,72.18993515023847,70.04054173330749,70.85582733154297,18048983
2018-05-14,71.81935443049227,72.11582348010485,70.41113068584012,70.63348388671875,7967384
2018-05-15,71.1522926210733,71.44876163792968,69.74406903201266,70.78170776367188,6483588
2018-05-16,71.22640718830544,77.08164896150915,71.22640718830544,75.96989440917969,48293037
2018-05-17,78.56398513869112,79.67573964537071,74.85813678309248,75.22872161865234,40058004
2018-05-18,74.48755961284024,74.48755961284024,73.07933596186122,73.30168914794922,17780512
2018-05-21,74.11698620728771,75.22874100039704,73.07934726945022,73.37581634521484,12141535
2018-05-22,74.8581418436354,75.96989642547156,71.81934711755177,72.04169464111328,19027970
2018-05-23,74.48756896611334,74.85815388634276,72.85699757897476,73.5981674194336,20684197
2018-05-24,74.48755724289839,75.96989669051825,73.96874069810193,75.59931182861328,16584308
2018-05-25,76.71107346264284,77.08165835859764,74.11697919095927,74.48756408691406,12655900
2018-05-28,74.48756896611334,74.48756896611334,73.22758249920417,73.5981674194336,13763663
2018-05-29,73.89462155305652,74.11697473914452,73.07933596186122,73.30168914794922,8893519
2018-05-30,69.6699487557683,72.41227426407184,69.6699487557683,71.52287292480469,21459907
2018-05-31,72.63464031655553,73.82051086425781,72.26405541698128,73.82051086425781,18628942
2018-06-01,72.33816155436126,73.22756858674022,72.11581403727357,72.26404571533203,11091554
2018-06-04,72.63463960714007,75.22873387882365,72.63463960714007,74.48756408691406,14754585
2018-06-05,75.96989357825552,76.34047842497873,73.82050033632578,74.85813903808594,12375468
2018-06-06,75.22873622894288,75.59932113647461,73.96874980520573,74.11698150634766,8544919
2018-06-07,74.48755419136273,75.22872388480913,73.74638449791634,74.85813903808594,11653338
2018-06-08,75.22872866770135,75.22872866770135,73.22757263003697,73.96874237060547,9343196
2018-06-11,74.11697919095927,74.85814898286885,73.67227844674886,74.48756408691406,5888807
2018-06-12,73.96874209927844,74.48755865390275,72.11581775465399,72.33816528320312,12570433
2018-06-13,72.1899384302985,72.1899384302985,69.66996002197266,69.66996002197266,19385860
2018-06-14,69.44760379819851,69.59584114203976,67.81703259868007,68.92878723144531,13810492
2018-06-15,69.00289788183936,69.52172006421472,67.89114333276136,68.40996551513672,9880827
2018-06-19,68.11350158057274,69.29937205703048,67.14997863769531,67.14997863769531,14305800
2018-06-20,67.96526442217602,68.18761761103913,66.85350978721343,67.00174713134766,10190200
2018-06-21,67.81702732395482,68.92878187024915,67.44644247519004,68.55819702148438,10922037
2018-06-22,68.55819702148438,68.55819702148438,67.29821079755455,68.55819702148438,10855746
2018-06-25,67.29821534300993,67.74291606062843,64.1111831665039,64.1111831665039,17186803
2018-06-26,62.48060906941649,63.295894622802734,60.85003230796784,63.295894622802734,21089734
2018-06-27,64.18529655282599,65.66763599125004,64.18529655282599,64.62999725341797,12619125
2018-06-28,63.78727014203968,64.32784377302306,62.70612877181939,64.0961685180664,12341103
2018-06-29,64.09617173107483,64.86841476397936,63.710050214622584,64.25061798095703,10296174
2018-07-02,64.55951602979711,64.55951602979711,62.397239084189536,62.55168533325195,8785104
2018-07-03,63.32392943649742,64.25061873008889,63.09225416722613,63.16948318481445,9517989
2018-07-04,63.16948820247482,63.71005601805026,62.39724509922572,62.47446823120117,11634275
2018-07-05,62.397239284961785,62.78336080060697,60.00328117456418,60.31217956542969,12143744
2018-07-06,61.393326420698074,61.85667110212747,60.69830645268034,61.2388801574707,11088009
2018-07-09,61.39332079004359,63.86449612552275,61.39332079004359,62.55168533325195,16528393
2018-07-10,63.01502978344267,64.86841422537412,63.01502978344267,64.79119110107422,15633761
2018-07-11,64.86840763490682,65.48620435003295,63.478367971746074,64.55950927734375,11151102
2018-07-12,65.87232748210447,66.79901668637298,65.25453075142794,66.41289520263672,16941431
2018-07-13,66.79903367879254,68.72964158858423,66.56735837291842,68.5751953125,16327613
2018-07-16,68.96129935199454,69.27019182558654,66.41289520263672,66.41289520263672,13119926
2018-07-17,66.49012839405894,68.18906671492951,66.4129052639619,68.03461456298828,11387859
2018-07-18,68.03461114123361,68.03461114123361,64.63674056213321,64.86841583251953,41574860
2018-07-19,64.09617817738133,64.09617817738133,61.933895111083984,61.933895111083984,28452386
2018-07-20,62.3200079197641,63.01502780008139,61.85666329680142,62.16556167602539,17100985
2018-07-23,61.93389319659842,62.01112221866612,60.234960762558465,60.6210823059082,20432812
2018-07-24,60.23496393632567,61.31610549301948,60.08051766754691,60.77553176879883,15151803
2018-07-25,60.543855677187,62.7833616775597,60.466632551328665,62.320011138916016,16072640
2018-07-26,63.01502997218596,63.710049876460324,62.165563818849165,62.55168533325195,13600246
2018-07-27,62.86058638550329,63.47837729966545,62.86058638550329,63.246707916259766,8558234
2018-07-30,63.24671597633689,63.24671597633689,61.39333121416353,61.47055435180664,10428081
2018-07-31,61.393327012065996,61.47055014442353,60.466637640280915,60.698307037353516,11477693
2018-08-01,60.466641778950724,61.54777748944976,60.234966474273655,61.47055435180664,10393898
2018-08-02,61.39332376901814,61.39332376901814,60.15773604132441,60.54385757446289,8977377
2018-08-03,60.62108779661283,60.77553407124269,58.458804601308444,58.536033630371094,29809422
2018-08-06,57.9182271422143,57.9182271422143,56.83708572387695,56.83708572387695,23612486
2018-08-07,56.83709275150731,57.763788035412155,56.52819432353903,57.37766647338867,18179650
2018-08-08,57.91822489551249,58.45879263783867,56.914306640625,56.914306640625,18916998
2018-08-09,57.22320454940291,57.609326045541586,56.91430617414267,56.99153518676758,7063052
2018-08-10,56.99153347827167,57.300425952525444,56.37373674627155,56.52818298339844,8097574
2018-08-13,55.987619978870235,55.987619978870235,52.203627932983444,53.20754623413086,23498779
2018-08-14,53.825334798432635,54.44313155576403,52.20362567512089,54.211456298828125,15048130
2018-08-15,54.36590912029018,54.36590912029018,52.28084945678711,52.28084945678711,12561711
2018-08-16,50.1958005229706,52.82142819021388,49.03743589551743,51.971961975097656,21293768
2018-08-17,52.358083786987336,52.43530691753213,50.19580078125,50.19580078125,14530845
2018-08-20,51.43138619866001,52.203629252368856,50.65914314495115,50.736366271972656,14866144
2018-08-21,51.89473275963326,53.59367107527575,51.12248967754498,52.898651123046875,23649964
2018-08-22,53.74811918904322,53.825342321566445,51.740288284702736,52.04918670654297,15399143
2018-08-23,52.126408235392546,52.20363136553999,51.43138828057121,51.971961975097656,9455491
2018-08-24,52.20363297158941,52.51253139342964,51.58584201965629,52.04918670654297,6618950
2018-08-27,52.58974561172712,54.28868369799619,52.28084724224671,54.13423156738281,15234816
2018-08-28,55.21537673779162,55.83317351952856,54.59757995605469,54.59757995605469,14814608
2018-08-29,54.906475146024626,55.138150398606626,53.74811066660745,53.97978591918945,9517378
2018-08-30,53.97979194603917,54.28869035338824,53.28477200244053,53.90256881713867,6239431
2018-08-31,53.43921873134261,53.825340270996094,52.66697565203565,53.825340270996094,11311863
2018-09-03,53.825334966644284,53.825334966644284,51.43138283506012,51.50860595703125,10525552
2018-09-04,52.04918228810352,52.66697318759255,51.817507018453355,52.20362854003906,4594776
2018-09-05,52.20362807659901,52.43530334419247,51.12248664740752,51.4313850402832,9310104
2018-09-06,50.19579593960255,50.50469432373404,49.03743141791941,49.114654541015625,25052637
2018-09-07,45.794013374607566,46.87515484889787,44.249527237549145,44.40397644042969,43903884
2018-09-10,44.481195151783595,46.25735638972012,44.481195151783595,45.87123489379883,22834055
2018-09-11,46.33458107577512,46.95237490094413,45.48511493440191,46.41180419921875,14966607
2018-09-12,45.48511626988947,45.48511626988947,44.249525637399984,44.326751708984375,16715439
2018-09-13,43.631733371900474,45.33066871183945,43.40006104051642,44.40397644042969,16611681
2018-09-14,45.87123430231376,46.334578913095434,45.485112811371295,46.02568054199219,13777979
2018-09-17,46.48903317884361,48.574090046956954,45.948462443277414,47.26127624511719,24236129
2018-09-18,46.334584721307415,46.566257055739236,45.79401397705078,45.79401397705078,13174697
2018-09-19,47.18404557966666,47.261271646303555,46.33457946777344,46.33457946777344,19221946
2018-09-20,46.33458498145352,46.56625731718607,45.639565028382286,45.948463439941406,9814401
2018-09-21,45.17621994018555,45.33066914454037,44.01785532633463,45.17621994018555,22875593
2018-09-25,45.02177218161545,47.879072243378914,45.02177218161545,47.64739990234375,21344235
2018-09-26,46.87515042851697,47.106822738054056,46.102907432811165,46.48902893066406,13303202
2018-09-27,45.639563095185856,46.18013381958008,45.56233996850387,46.18013381958008,9420742
2018-09-28,46.489029270052306,46.643478459495654,44.86731719970703,44.86731719970703,12733810
2018-10-01,44.944542443716756,45.94845773789099,44.944542443716756,45.7167854309082,8357136
2018-10-02,45.71678905833802,45.71678905833802,45.021769136369606,45.098995208740234,5689033
2018-10-03,45.40789373552584,45.56234294485261,44.55842750303906,44.635650634765625,5355551
2018-10-04,43.78618130730311,43.78618130730311,41.54667529504593,41.6239013671875,29715765
2018-10-05,40.85165929641603,41.46945315893232,39.61606862550995,40.31108856201172,23058541
2018-10-08,40.15663392855398,41.083326069925995,40.07941081088677,40.69720458984375,9639155
2018-10-09,41.16055250109121,41.85557239953884,40.388309478759766,40.388309478759766,13242862
2018-10-11,37.531011885690944,37.99435949351185,36.372647284948954,37.45378875732422,23042582
2018-10-12,39.07549258340394,41.16054916381836,38.68937110354472,41.16054916381836,22470586
2018-10-15,41.701127543134255,44.172306060791016,41.701127543134255,44.172306060791016,40559140
2018-10-16,44.17230622470261,44.17230622470261,41.778350830078125,41.778350830078125,41949701
2018-10-17,43.013936540409375,43.70895348663962,41.855572017485635,42.0100212097168,31372247
2018-10-18,41.31500544131381,41.623903856607654,39.53884691805822,39.7705192565918,29915402
2018-10-19,38.032968595302485,40.23386001586914,37.68545864840425,40.23386001586914,31552813
2018-10-22,39.384390694754465,40.92887660435267,38.84382003722047,40.542755126953125,14642003
2018-10-23,39.384397298982826,39.69329571104977,38.99827575683594,38.99827575683594,14087416
2018-10-24,38.9210480396233,39.152720348432425,37.99435585851356,38.07157897949219,23430891
2018-10-25,36.06375547865777,36.218204696909545,34.82816467851736,35.33012390136719,37766123
2018-10-26,36.063748791291246,36.21819798090323,34.86677272707659,35.52317810058594,20854635
2018-10-29,35.7934619242767,36.2568094924819,35.02121892314129,35.98652267456055,16734678
2018-10-30,35.83207949463485,37.878521855088245,35.793464984577966,37.45378875732422,24959022
2018-10-31,38.26463941696449,40.07941220395214,38.14880473643755,39.69329071044922,34875234
2018-11-01,39.84773841022717,42.08724433289572,39.384393779407006,42.0100212097168,32528279
2018-11-02,44.017853939657606,44.63564779174127,42.78226623549028,43.32283401489258,46694056
2018-11-05,43.09116203123054,43.477283560087216,42.396145046812606,43.013938903808594,17848595
2018-11-06,42.47336855375548,42.47336855375548,40.31108856201172,40.31108856201172,22572311
2018-11-07,40.3883093126805,42.705038370148294,40.3883093126805,42.62781524658203,14169969
2018-11-08,44.01785505242125,44.249527384575075,41.54667663574219,41.54667663574219,17579852
2018-11-09,41.23778168616164,42.16447102626755,40.77443407023511,41.85557556152344,11191229
2018-11-12,41.31500430358836,41.778348967896015,41.006105896800904,41.54667663574219,11285160
2018-11-13,42.473370257158784,44.32675486491153,41.855576369865744,43.400062561035156,47155057
2018-11-14,43.47728373931975,44.17230367247634,43.245611410225386,43.63173294067383,22151716
2018-11-15,43.78617835815686,43.940627546163896,42.859486175987875,43.16838455200195,10244126
2018-11-16,43.86340205660442,43.86340205660442,42.08724373582676,42.164466857910156,17443015
2018-11-19,43.09116263475532,44.40397644042969,42.782267174867755,44.40397644042969,22830293
2018-11-20,43.631733371900474,44.63564877181375,43.47728416901993,44.40397644042969,16575274
2018-11-21,43.94063361160562,44.71287671236583,43.554512061225516,44.635650634765625,16707952
2018-11-22,44.635647085912034,45.17621780263967,44.17230244064458,44.790096282958984,17427393
2018-11-23,44.79009699123055,44.86732011803846,43.32283401489258,43.32283401489258,13097165
2018-11-26,43.708956243570306,44.94454691348083,43.322834711574544,44.24952697753906,19438634
2018-11-27,43.47728252686999,45.09899467705289,43.01393788160254,44.790096282958984,19698328
2018-11-28,45.021764739496696,45.87123377737288,44.55842013401744,45.25343704223633,18267560
2018-11-29,46.33457754884252,48.80575560728874,46.33457754884252,46.56624984741211,36066769
2018-11-30,46.79792837907568,47.570171441079395,46.79792837907568,47.10682678222656,25937155
2018-12-03,48.8057588869158,49.65522796658401,48.11073899863029,48.49686050415039,28572397
2018-12-04,48.26519181651454,48.72853647960367,47.724621078994865,47.87907028198242,17901029
2018-12-05,44.01785117371326,44.55842186502124,43.24560817066566,43.94062805175781,35901557
2018-12-06,43.63173030506481,43.86340262016483,41.93279508454249,42.473365783691406,22265755
2018-12-07,43.09116203123054,43.32283435936985,42.62781737495192,43.013938903808594,11995806
2018-12-10,41.31500141824737,41.39222454161439,39.616066191313,40.23386001586914,28868461
2018-12-11,40.46553634863124,41.23777938623204,40.00218875854672,40.85165786743164,13197690
2018-12-12,41.08332660449323,41.62389727281679,40.92887742127605,41.46944808959961,14063981
2018-12-13,41.70112415547133,42.08724567542939,41.23777950987101,41.932796478271484,12085504
2018-12-14,41.392221744858254,41.54667092702992,40.4655325435745,41.314998626708984,10414603
2018-12-17,40.8516540260671,41.392221744858254,40.8516540260671,41.314998626708984,6413380
2018-12-18,41.00610450010398,42.16446906729193,40.619982977708,42.08724594116211,13307835
2018-12-19,41.23777578771041,41.62389727281679,40.85165430260403,41.46944808959961,12520475
2018-12-20,40.85165593591849,41.46944974761445,40.542757557133875,41.08332824707031,12593644
2018-12-21,40.92888144728053,41.6239013671875,40.31108759951514,41.6239013671875,11886786
2018-12-24,41.16055616316641,43.24561309814453,41.08333303241203,43.24561309814453,11441993
2018-12-25,41.5466744939188,44.017852783203125,41.5466744939188,44.017852783203125,9788961
2018-12-26,44.249529356904766,44.481201699384904,41.778350830078125,41.778350830078125,16631497
2018-12-27,42.85948750430264,43.47728132960441,42.62781518804864,43.09115982055664,9280395
2018-12-28,43.47728111304036,43.554507181989244,42.16446739964251,42.473365783691406,7296551
2019-01-02,42.85948729081588,43.16838567486478,42.16446739964251,42.473365783691406,9468759
2019-01-03,42.24169774132174,42.24169774132174,39.69329612570514,39.7705192565918,25274154
2019-01-04,38.68937559916284,39.847740173339844,38.22603094784141,39.847740173339844,17431836
2019-01-07,40.46553723648125,40.6972095636699,39.69329418193675,40.00218963623047,13123200
2019-01-08,40.38830954054348,40.46553561041877,39.77051571090794,39.924964904785156,6178206
2019-01-09,40.15663364955357,40.92887660435267,40.15663364955357,40.542755126953125,11244511
2019-01-10,41.160555100194635,42.08724737468347,40.85165963928071,41.54667663574219,17413637
2019-01-11,42.087241591694195,42.164464709843465,40.4655325435745,41.314998626708984,16154116
2019-01-14,40.92888215871958,41.31500368851882,40.156639099121094,40.156639099121094,9390852
2019-01-15,39.9249634350186,41.85557092272865,39.9249634350186,41.3922233581543,14878330
2019-01-16,42.08724895538847,44.17230591483015,41.85557661453353,43.55451202392578,36515804
2019-01-17,43.47728275643814,43.94063035002557,42.4733673891422,42.55059051513672,23392552
2019-01-18,42.78226892382691,43.70895828724664,42.78226892382691,43.55451202392578,15273222
2019-01-21,44.172306060791016,44.24952919270662,43.70895843167644,44.172306060791016,11173892
2019-01-22,44.17230367247634,44.17230367247634,43.55450981293354,43.63173294067383,5256309
2019-01-23,43.32283287669793,44.403974298845256,43.01393743170825,44.017852783203125,14375569
2019-01-24,44.48119457822234,46.1029066077046,44.48119457822234,46.02568054199219,22538447
2019-01-25,47.724616262632,47.80184232926889,45.7940087848081,46.33457946777344,24419831
2019-01-28,47.10682652005178,47.7246203770417,46.95237731933594,46.95237731933594,17092868
2019-01-29,46.48903175791166,46.48903175791166,45.17621799619789,45.40789031982422,14602687
2019-01-30,45.407888865084956,46.48903026853571,45.407888865084956,46.41180419921875,11079510
2019-02-11,46.95237274735873,46.95237274735873,45.56233596801758,45.56233596801758,15726888
2019-02-12,45.71678566404444,46.4118025885371,45.63955959740755,46.33457946777344,12268681
2019-02-13,46.720699310302734,46.952371610270106,45.56233486459275,46.720699310302734,16399079
2019-02-14,47.10682878741398,48.651314977165256,46.720707239976164,47.956295013427734,22538894
2019-02-15,47.95628857079622,48.26518694559733,46.33457946777344,46.33457946777344,20099791
2019-02-18,46.72070124020116,46.95237354973825,46.411802863569534,46.48902893066406,8695778
2019-02-19,46.41180094643082,47.029597674174646,46.33457782839941,46.720699310302734,6374602
2019-02-20,46.48903240261761,46.79792785644531,46.411806329755585,46.79792785644531,7308956
2019-02-21,46.95237731933594,47.10682652005178,46.7207049911989,46.95237731933594,7699349
2019-02-22,46.87514905230267,48.26518581458818,46.64347674956728,47.029598236083984,18279189
2019-02-25,47.647401250677945,48.11074594586009,47.338502823307365,47.57017517089844,12931141
2019-02-26,47.570171876007315,48.41964101950209,47.570171876007315,47.87907028198242,17603559
2019-02-27,48.49686441046927,48.80576281811579,48.03351974487305,48.03351974487305,18697279
2019-03-04,51.817510724329615,51.817510724329615,49.34633516614666,50.04135513305664,53442888
2019-03-05,49.34633148785493,49.732453008273595,48.72853469848633,48.72853469848633,21244500
2019-03-06,47.18405043015431,48.11074270394774,47.18405043015431,47.41572570800781,24728202
2019-03-07,46.95237327150244,47.41572083370411,46.33457946777344,46.33457946777344,19288813
2019-03-08,45.79400716456012,46.952371610270106,45.56233486459275,46.720699310302734,14312939
2019-03-11,46.72070151523056,47.02959989368056,46.566252326005554,46.64347839355469,10884403
2019-03-12,47.18404964747297,47.57017117632585,46.95237731933594,46.95237731933594,9693905
2019-03-13,46.95237490094413,47.26127328646529,46.41180419921875,46.41180419921875,10727661
2019-03-14,46.41180066640801,46.7979221459817,46.33457754884252,46.56624984741211,11313247
2019-03-15,46.72070258473992,47.02960097026108,46.41180419921875,46.41180419921875,17799873
2019-03-18,46.72070652296563,46.72070652296563,45.562341898429295,45.948463439941406,18115845
2019-03-19,46.18013221212874,46.411804529984025,46.025683018267436,46.102909088134766,8481778
2019-03-20,46.257360075778465,46.87515392930733,46.10291087592788,46.79792785644531,11681383
2019-03-21,49.1146543238079,49.1146543238079,47.956289807247586,48.49686050415039,31767529
2019-03-22,49.423554613589296,49.9641223854767,48.651311572751965,48.72853469848633,25952791
2019-03-25,47.87907147144553,47.87907147144553,46.952379176371856,47.184051513671875,16153328
2019-03-26,47.64739751480386,47.724620642654834,46.87515445280015,47.10682678222656,11311456
2019-03-27,47.261277590020946,47.57017305779644,46.87515604589638,47.184051513671875,7890559
2019-03-28,46.797928118620085,47.0296033926306,46.48903266306187,46.95237731933594,8785986
2019-03-29,46.95237809817433,47.41572570800781,46.95237809817433,47.41572570800781,7956707
2019-04-01,48.110742173656696,48.187968247381164,47.10682678222656,47.10682678222656,12307945
2019-04-02,47.49295069302909,48.18797066200824,47.261278351993916,47.64739990234375,17245786
2019-04-03,47.87906833947574,48.265189858342474,47.64739601733037,48.110740661621094,9609165
2019-04-08,48.11073926712145,48.80575915928565,47.95629007487682,48.651309967041016,17620595
2019-04-09,48.88298559248021,48.88298559248021,48.26519172754237,48.34241485595703,6550014
2019-04-10,48.26519012451172,48.41963932208484,47.956291729365475,48.26519012451172,7158327
2019-04-11,48.574093586915964,48.805765934507036,47.57017517089844,47.57017517089844,11718119
2019-04-12,47.26126997414202,47.492942274109396,46.64347619227132,46.720699310302734,16381082
2019-04-15,47.18405227439977,47.801849111658406,46.9523799333646,47.64739990234375,9142519
2019-04-16,47.80184573959804,48.419639587402344,47.72461966745161,48.419639587402344,11865037
2019-04-17,48.41964029192203,49.57800193223868,47.64739723446194,49.34633255004883,30731797
2019-04-18,49.57800086505803,49.65522988253923,48.49686237540981,48.72853469848633,14024451
2019-04-19,49.0374338873148,49.732453813673374,48.8829846874714,49.1918830871582,10400185
2019-04-22,49.500776320341686,49.655228459129745,49.191880880385554,49.26910400390625,5236253
2019-04-23,49.73245830297535,50.504701426028554,48.96021517992216,50.11857986450195,20277109
2019-04-24,50.118578158646834,50.81359812408824,49.88690287291728,50.50469970703125,20393870
2019-04-25,50.50469749583285,51.74028521821699,50.04135283640718,50.5819206237793,30878279
2019-04-26,50.58192273342249,51.12249054334031,49.96412590059018,50.96804428100586,13586170
2019-04-29,50.968044981119895,51.27694340177918,49.809680322458085,49.96412658691406,12882550
2019-04-30,49.88690287291728,50.81359812408824,49.88690287291728,50.50469970703125,13400509
2019-05-02,50.813595290741084,51.276939944617006,50.581920017929654,50.736366271972656,8987839
2019-05-03,50.7363629538269,51.58583497074892,50.659139831855775,51.50860595703125,11720593
2019-05-06,50.968043870192304,50.968043870192304,49.96412549786842,50.19580078125,16025939
2019-05-07,50.42747586529623,51.27694208142547,50.42747586529623,51.12248992919922,8825884
2019-05-08,50.35024963907068,50.96804649878526,50.19580337001579,50.89082336425781,6725366
2019-05-09,50.58192128128201,50.73636753918251,49.423556671787,49.5780029296875,11994963
2019-05-10,49.73245158265045,50.427471477830075,48.88298249455609,49.26910400390625,11167354
2019-05-13,49.0374361038192,49.50078077841924,47.1068283831964,47.184051513671875,15245100
2019-05-14,46.25736266328022,47.492950439453125,45.71679190650196,47.492950439453125,15948487
2019-05-15,47.647397950437856,48.57409022248964,47.647397950437856,47.87907028198242,12024976
2019-05-16,48.03351904580572,48.03351904580572,47.10682678222656,47.10682678222656,10908341
2019-05-17,47.26127545599706,47.57017090982476,46.79792785644531,46.79792785644531,9301090
2019-05-20,46.79792298747543,47.338493657773455,46.79792298747543,47.029598236083984,7071609
2019-05-21,46.95237968267487,47.492950439453125,46.87515655136667,47.492950439453125,9656487
2019-05-22,47.492948048904665,47.57017117632585,46.95237731933594,46.95237731933594,5028086
2019-05-23,46.56625205188535,46.64347811897987,46.25735662112697,46.48902893066406,10796795
2019-05-24,46.3345830188175,46.566255344736895,46.025684620342666,46.18013381958008,8085404
2019-05-27,46.41180094643082,47.492942274109396,46.41180094643082,46.720699310302734,6250988
2019-05-28,47.338493657773455,47.338493657773455,46.56625068474004,47.029598236083984,15135270
2019-05-29,46.102910039047984,46.33458236168171,44.635647085912034,44.790096282958984,24612819
2019-05-30,45.09899186031544,46.33457946777344,44.94454267291488,46.33457946777344,14206511
2019-05-31,46.64348578053415,47.72462438458373,46.566259700754635,47.57017517089844,18070150
2019-06-03,47.106825633335255,48.033517874313254,46.79792723771811,47.80184555053711,9794165
2019-06-04,47.261270538819375,47.261270538819375,46.95237217125675,47.029598236083984,12908283
2019-06-05,47.57016539214081,48.03351293794868,46.720699310302734,46.720699310302734,11789943
2019-06-06,46.41180235185657,46.48902841809964,45.40788705768234,45.7167854309082,17602215
2019-06-10,46.334584721307415,46.334584721307415,45.63956477213838,45.79401397705078,14247770
2019-06-11,45.9484580146338,46.25735638972012,45.794008827090636,45.87123489379883,10850960
2019-06-12,46.180132681388976,46.875152587890625,46.1029095566103,46.875152587890625,10955569
2019-06-13,46.72069986852136,47.261270538819375,46.41180150095873,47.029598236083984,7434822
2019-06-14,47.0296033926306,47.261275720767635,46.95237731933594,46.95237731933594,7363811
2019-06-17,47.029598236083984,47.492942841554765,46.95237217125675,47.029598236083984,6864361
2019-06-18,47.261270538819375,47.338493657773455,46.87514905230267,47.029598236083984,6322391
2019-06-19,47.4929503348518,48.11074422157758,47.415727203713686,47.956295013427734,18375034
2019-06-20,47.95629146489972,48.49686218048784,47.72461914275436,48.110740661621094,10055258
2019-06-21,48.26518845936609,48.960208351530284,48.26518845936609,48.651309967041016,13248311
2019-06-24,48.80576077009411,49.03743309317063,48.342413178067666,48.72853469848633,8805308
2019-06-25,48.88298416137695,49.8868995307444,48.88298416137695,48.88298416137695,18486563
2019-06-26,49.80967694065834,50.11857534034514,48.80576156048643,49.1918830871582,12692418
2019-06-27,49.11465667424381,49.655230342889666,49.11465667424381,49.50077819824219,13649724
2019-06-28,49.88690025129269,49.88690025129269,49.50077872319948,49.80967712402344,12518923
2019-07-01,50.96804428100586,51.12249054334031,50.427476471088035,50.96804428100586,22547008
2019-07-02,51.12248945407285,51.50861099342913,51.12248945407285,51.1997184753418,19465379
2019-07-03,50.968047111279404,51.19972240939334,49.96412867511578,50.350250244140625,29251850
2019-07-04,50.35934083545632,51.83285064767321,50.35934083545632,51.31278991699219,35507055
2019-07-05,51.83285489556405,53.99978029509821,51.74617920216899,53.739749908447266,22847130
2019-07-08,53.65307265417326,54.60651847964427,52.26623845493781,52.87297821044922,19246116
2019-07-09,53.47971688304439,54.433162689208984,52.69962245511656,54.433162689208984,20813380
2019-07-10,55.473294098817476,55.90667920896449,54.77987858387546,55.820003509521484,35834712
2019-07-11,56.86012278456162,56.86012278456162,56.08002829587111,56.686771392822266,36232234
2019-07-12,57.20682786232133,59.98048959835231,57.0334764836686,57.81356430053711,68227197
2019-07-15,57.90024472290861,60.58723068237305,57.90024472290861,60.58723068237305,42377590
2019-07-16,60.58723130073513,60.67390698813196,58.333630363762154,58.85369110107422,33899853
2019-07-17,57.72688641171343,59.72046025491718,57.5535350396657,58.68033218383789,26744506
2019-07-18,59.37375316013654,59.63378684104684,57.81356430053711,57.81356430053711,20533496
2019-07-19,58.853690168816584,59.287075211866885,57.90024439669212,58.68033218383789,15351772
2019-07-22,59.46043258445268,60.6739121500398,59.46043258445268,60.50056076049805,39338075
2019-07-23,61.800710374371334,63.187541202790996,61.800710374371334,62.66748046875,41536778
2019-07-24,62.14741803516108,62.407451729205384,60.93394509743843,62.234100341796875,28900151
2019-07-25,62.92751715550796,66.39459806339194,62.667490055175875,66.30792236328125,42286443
2019-07-26,64.40102569743773,67.43472126517565,64.40102569743773,66.74130249023438,31895833
2019-07-29,66.04787680142323,66.30791046803886,64.83440399169922,64.83440399169922,26992028
2019-07-30,66.13457225574564,66.74130878131197,63.62093722581109,65.70118713378906,32283921
2019-07-31,65.87452367834143,65.87452367834143,63.10086216863616,64.14098358154297,31822594
2019-08-01,62.407452713969256,64.22766876220703,61.974067625677804,64.22766876220703,23291150
2019-08-02,63.01418321615665,63.62092624998033,62.23409542156067,62.66748046875,32678753
2019-08-05,63.01418070563834,63.44756573556138,61.28064058594616,61.45399856567383,22004093
2019-08-06,59.02704579730613,60.50055901769079,59.02704579730613,59.980491638183594,29157084
2019-08-07,61.1072972368258,61.80071602085604,60.50056076049805,60.50056076049805,17170273
2019-08-08,59.373763262235066,60.587242958064294,59.02705383300781,59.02705383300781,28102842
2019-08-12,58.42030471485925,60.41387193111002,58.33362902944502,60.067169189453125,21444982
2019-08-13,59.80714427339667,60.4138807730265,58.85369836843615,59.633792877197266,14731674
2019-08-14,62.060741117472986,62.84083557128906,61.28064666365691,62.84083557128906,31856494
2019-08-15,61.9740658292783,62.66748459561764,61.02061998526031,61.88739013671875,21743656
2019-08-16,62.40744902804942,62.7541584007915,61.02061815001235,61.80071258544922,15702821
2019-08-19,62.75415830756904,62.75415830756904,61.36732743159214,61.974063873291016,10515560
2019-08-20,62.58080293779043,62.58080293779043,59.980492456503875,60.32720184326172,20625510
2019-08-21,60.4138744633173,61.10729320155709,60.067171707128594,60.847259521484375,11580639
2019-08-22,61.45400547393178,61.45400547393178,60.67391100979102,60.93394470214844,8639442
2019-08-23,61.974063873291016,61.974063873291016,61.280645128836944,61.974063873291016,10354473
2019-08-26,60.673911622851655,62.23410056689761,60.413877927866814,61.627357482910156,11791814
2019-08-27,62.494128137698304,63.01418891880367,61.97406735659294,62.7541618347168,15832553
2019-08-28,62.84083710235803,63.70760726928711,62.407452018893494,63.70760726928711,12982225
2019-08-29,62.66747797204451,63.27421436876447,61.193964902547705,61.45399856567383,22627899
2019-08-30,62.234105723709334,62.49413282730885,60.67391665038377,61.020626068115234,26844327
2019-09-02,61.71403295370826,62.407451729205384,61.19397217855119,62.234100341796875,11808827
2019-09-03,62.494125666762365,62.75415935349947,61.367328454408096,61.71403121948242,8098390
2019-09-04,62.840834447782335,64.05431395280853,62.840834447782335,63.27421951293945,23168472
2019-09-05,64.05431452480184,66.91465201262234,64.05431452480184,66.65462493896484,51735888
2019-09-06,67.52139883572033,68.0414596249168,66.1345678602192,66.8279800415039,19900218
2019-09-10,66.56795607654536,67.26136829036294,66.04788865001714,66.30792236328125,13482218
2019-09-11,67.00133431677286,67.00133431677286,66.22123986993768,66.65462493896484,7464510
2019-09-12,67.17468160027427,67.60806664285668,67.17468160027427,67.4347152709961,8852045
2019-09-16,66.8279777679879,68.8215517738391,66.22124130338875,67.69474792480469,18250310
2019-09-17,68.90822424539705,72.20195333248788,68.4748391872499,71.07514953613281,34619090
2019-09-18,71.07514377598908,72.28862316304331,70.72843443498348,71.16181945800781,22382170
2019-09-19,71.5952056556666,71.94191500236052,70.03502351494014,70.55508422851562,9787935
2019-09-20,71.07515303193881,71.8552474975586,70.72844364578208,71.8552474975586,10478918
2019-09-23,72.28862993443138,73.9354944987743,71.50853549732882,73.67546081542969,16248561
2019-09-24,74.10884671161934,75.1489682308204,73.24207657464133,74.02217102050781,15586754
2019-09-25,73.24207575180951,73.67546081542969,72.37530562456917,73.67546081542969,9968445
2019-09-26,73.93548800768616,74.1955150552707,71.24849555879773,73.06871795654297,16676347
2019-09-27,70.90179768532676,71.42185842904973,69.77499389648438,69.77499389648438,23454824
2019-10-01,71.42185853759277,72.02859497070312,70.29505474703792,72.02859497070312,14509189
2019-10-02,71.76856827434072,71.85524396338391,70.38173079792489,71.07514953613281,11600664
2019-10-03,69.86167267730659,70.38173344404952,68.90822683612262,69.25493621826172,18015357
2019-10-04,69.51496351094757,69.68832150902095,68.47484197423306,68.648193359375,17492546
2019-10-07,69.16825892784374,71.24850194675199,68.99490093431386,70.81511688232422,12115543
2019-10-08,68.64819647309835,68.9949058720396,68.04145998464996,68.12813568115234,24643572
2019-10-09,64.74772766877273,65.09443705194239,61.88739013671875,61.88739013671875,50835812
2019-10-14,63.360890766486854,64.4010188177869,62.14741134643554,62.14741134643555,30343590
2019-10-15,62.494127244333846,62.84083663109169,60.15385045634856,60.32720184326172,22391580
2019-10-16,61.19396513423583,61.714025849526344,60.50055305149206,60.67390441894531,17159630
2019-10-17,61.020626068115234,61.45401118704655,60.06718012905277,61.020626068115234,10746575
2019-10-18,61.454001014033665,63.187541202790996,61.367325327182,62.66748046875,24249868
2019-10-21,62.14740947693429,62.66747679340521,61.36732172808917,62.060733795166016,11976309
2019-10-22,62.234092942121464,62.75415365544296,61.107289219149244,61.45399856567383,18507250
2019-10-23,61.36732771995624,61.887388474274935,61.10729403633126,61.1939697265625,10779952
2019-10-24,61.54067890265985,61.88738827540193,61.28064521987047,61.80071258544922,9889531
2019-10-25,63.0141814160535,63.707600116920204,62.14741134643554,62.14741134643555,17067740
2019-10-28,62.75415914621186,62.75415914621186,62.234098387386865,62.32077407836914,6210832
2019-10-29,62.58079816896732,63.10086551593933,62.40744679526399,62.66748046875,10237019
2019-10-30,61.71403317692792,62.40745195493314,61.36733040085687,61.627357482910156,14948784
2019-10-31,61.36732311461986,61.453998798346475,60.50055305149206,60.67390441894531,16161423
2019-11-01,60.06717252769388,61.1939697265625,60.06717252769388,61.1939697265625,12239309
2019-11-04,61.28064862636755,61.5406823236118,60.41387845279555,60.50056076049805,12509029
2019-11-05,61.36732787142065,63.27421951293945,61.02061849670869,63.27421951293945,28839655
2019-11-06,63.707605717099945,64.14099079000539,62.66748418729945,62.84083557128906,17952964
2019-11-07,63.10087122643091,63.18754692112653,62.14741874598419,62.7541618347168,5005931
2019-11-08,63.18754692112653,63.18754692112653,62.494128137698304,62.7541618347168,4837186
2019-11-11,62.75415935349947,62.75415935349947,61.45400414567668,61.71403121948242,7572076
2019-11-12,62.23410404660778,62.40745544433594,61.887394638219526,62.40745544433594,4197965
2019-11-13,61.367325086844914,61.88738581884916,60.50055499586084,60.58723068237305,11761001
2019-11-14,60.58723942260367,60.67391512161959,57.900253075518336,58.24695587158203,25419040
2019-11-15,58.506981393565304,60.15384589611853,58.506981393565304,59.80713653564453,13483345
2019-11-18,60.9339453178365,62.23410056689761,60.84726301088718,61.627357482910156,16129813
2019-11-19,61.88738921495094,62.667483662230886,61.54067983694526,61.71403121948242,13559669
2019-11-20,61.714035139887265,62.14742023669246,60.6739135527275,61.54068374633789,9696808
2019-11-21,60.240520560281574,60.240520560281574,59.2870747948633,60.067169189453125,12285202
2019-11-22,60.32719692533039,61.887385732086834,60.32719692533039,60.760581970214844,9709519
2019-11-25,61.36732864379883,61.62735571840707,60.76058557718353,61.36732864379883,5676237
2019-11-26,61.88738940594668,62.14741648055491,61.36732864379883,61.36732864379883,13635539
2019-11-27,60.32720223384905,62.32077626091537,60.240526539831286,61.627357482910156,10795651
2019-11-28,61.974059977684284,62.49412069686889,61.80070860893302,62.14741134643555,8893963
2019-11-29,62.40744997549378,62.494125666762365,61.367328454408096,61.71403121948242,10056986
2019-12-02,61.97405811339774,62.060733795166016,61.02061238808544,62.060733795166016,6237463
2019-12-03,61.974067033335565,63.88095875841941,61.62735764342989,63.53425598144531,23893493
2019-12-04,63.27421867799825,64.0543131075735,62.14741487828607,62.92750930786133,20199355
2019-12-05,63.53425906280821,68.3014952196567,63.447576751429075,66.91465759277344,46583891
2019-12-06,67.60806839341573,67.60806839341573,65.26779174804688,65.26779174804688,24005184
2019-12-09,65.8745346069336,67.08801419859503,65.35447381420205,65.8745346069336,16725755
2019-12-10,65.87453109953597,66.1345647885225,65.00776095348944,65.09443664550781,11329891
2019-12-11,65.44114870628779,67.00133767823289,65.3544730107201,65.52782440185547,18859639
2019-12-12,66.22124822814165,67.43472789716495,65.9612145087323,67.0013427734375,21433361
2019-12-13,70.12171517408795,70.20839087727592,67.86811382653963,68.99491119384766,40919075
2019-12-16,69.34160354755775,72.635332361239,69.34160354755775,71.76856231689453,89589
2019-12-17,72.63533829648213,74.54222990468534,72.11527093703474,73.93549346923828,33660617
2019-12-18,72.54865924077014,73.67546308608281,72.0285984709841,72.8086929321289,21639650
2019-12-19,73.67546349241022,74.71558503771871,72.89536902696311,74.10884857177734,28825497
2019-12-20,72.72202221305642,74.10885323164706,72.37531280517578,72.37531280517578,21348271
2019-12-23,72.37530932069107,72.54866070981949,71.33518776005738,71.59521484375,10916352
2019-12-24,71.59521829067732,72.63534651431924,71.50854259194014,72.37531280517578,9668952
2019-12-25,72.20195075349527,72.8953628540039,72.20195075349527,72.8953628540039,5538692
2019-12-26,73.41542272412408,73.58878070692228,72.54865264892578,72.54865264892578,4308624
2019-12-27,73.06871810242627,73.67545449426558,72.46197509765625,72.46197509765625,6948565
2019-12-30,72.80868801139515,74.10884315445578,72.72201232444398,73.24207305908203,11670430
2019-12-31,72.80868836165159,73.15539772405519,72.11526963684439,72.28862762451172,8145598
2020-01-02,73.67545859758243,77.74927542780574,73.24207354700842,74.54222869873047,39909583
2020-01-03,75.75571447031784,75.92906585980819,72.46198516654817,73.50211334228516,18771916
2020-01-06,72.80868631665763,73.41542272412408,72.20194990919116,72.54865264892578,7741278
2020-01-07,72.28863323289173,72.98204539856498,69.34161334321863,70.29505920410156,16643874
2020-01-08,71.5085391491858,73.32875518676056,71.07515406343315,71.59521484375,25273946
2020-01-09,73.50210708645879,73.50210708645879,72.02859394947625,72.28862762451172,14067766
2020-01-10,72.46197495298433,73.50210298211456,71.7685628798282,73.06871795654297,11330221
2020-01-13,73.67546349241022,75.66903750267157,73.06872702646886,74.10884857177734,22769190
2020-01-14,74.80226358440903,74.88893927333987,73.2420747319292,73.93549346923828,10277966
2020-01-15,74.62891295270221,74.62891295270221,72.63534545898438,72.63534545898438,7547167
2020-01-16,72.80868836165159,73.15539772405519,71.76856688737185,72.28862762451172,9343213
2020-01-17,72.98203580679433,72.98203580679433,71.85523870581693,72.46197509765625,7996392
2020-01-20,73.24207187677918,74.02216627260917,73.15539619122717,73.84880828857422,11357538
2020-01-30,71.07514698351599,71.1618226694463,67.17468160027427,67.4347152709961,19179714
2020-01-31,68.12813300321308,70.03503131596891,67.17468715330092,67.69474792480469,15225694
2020-02-03,65.18111001071485,68.82154846191406,64.31433989560996,68.82154846191406,11822187
2020-02-04,69.34161191056364,70.12170636714377,69.25493621826172,69.25493621826172,9951627
2020-02-05,71.50853104598545,73.50210485971255,70.64176097270078,73.1553955078125,30902694
2020-02-06,74.02217205660487,74.02217205660487,72.6353411406147,73.76213836669922,13576811
2020-02-07,73.24206932159933,73.84880571222729,72.28862358792797,73.06871795654297,10261379
2020-02-10,71.85525199982078,72.8086979117936,71.33519119446578,72.37531280517578,8225723
2020-02-11,72.80869252526419,73.76213836669922,72.2886317583843,73.76213836669922,7788211
2020-02-12,73.6754541921948,73.6754541921948,73.15539348518898,73.41542053222656,10126549
2020-02-13,74.4555556982072,75.32232583063585,74.19552201330607,74.97561645507812,20343159
2020-02-14,74.80226404861187,75.23564910888672,74.36887898833702,75.23564910888672,7400705
2020-02-17,74.97561688856645,76.88250854576208,74.54223181984642,76.27577209472656,12730878
2020-02-18,75.49568315334436,75.5823588508222,72.63534545898438,72.63534545898438,21712885
2020-02-19,72.72201886371532,74.02217412368783,71.16182990657566,73.50211334228516,12080531
2020-02-20,74.36887318173683,74.45554886443807,72.11526575392062,72.46197509765625,15447462
2020-02-21,73.1553955078125,73.41542256203938,72.54865248875471,73.1553955078125,6932963
2020-02-24,71.5952085552857,74.19551884140695,71.5952085552857,73.24207305908203,11128577
2020-02-25,72.11527539541574,72.72201848130464,71.85524831254757,72.20195770263672,14275753
2020-02-26,70.7284355953972,71.50852997222582,70.46840854507484,70.55508422851562,14196041
2020-02-27,70.3817414481659,70.81512657189336,67.0013427734375,67.0013427734375,21665858
2020-03-02,65.18111477410424,67.60807391893084,64.40102690384653,66.13456726074219,22102390
2020-03-03,68.47483672802151,68.47483672802151,67.26135728620456,67.4347152709961,16055384
2020-03-04,67.86810859164521,68.30149368708885,66.74130469831907,68.12813568115234,11698741
2020-03-05,68.73487157912501,69.86166874143117,68.64818927877518,69.42828369140625,14291334
2020-03-06,68.21480951816211,68.90822829714246,67.17468796262315,68.04145812988281,9876939
2020-03-09,66.65461981921608,67.17468053951649,64.83440399169922,64.83440399169922,13471976
2020-03-10,63.27421703722197,65.3544665911689,63.27421703722197,64.92108154296875,11111452
2020-03-11,65.44114397518997,65.52781966449139,62.92750930786133,62.92750930786133,8695424
2020-03-12,61.367332468059786,61.62735955887227,56.77344778812292,57.20683288574219,29770828
2020-03-13,52.006212922689976,55.12658437546499,51.57282781500089,54.51984786987305,21329411
2020-03-16,54.86654595839867,55.733319353642855,50.792725879845676,51.31278991699219,17321014
2020-03-17,47.84571449976013,50.532700729696394,46.89226531982422,46.89226531982422,21638878
2020-03-18,48.10574078494158,48.45245014922107,43.51185989379883,43.51185989379883,21734141
2020-03-19,41.25825929870799,42.21170848181909,39.17801284790039,39.17801284790039,26442362
2020-03-20,40.82486921686454,43.07847339612749,40.82486921686454,42.168365478515625,29867626
2020-03-23,40.65152525528031,40.69486310564243,38.13789025668511,38.31124496459961,20718617
2020-03-24,40.13145389543395,42.12502441082493,40.13145389543395,41.864994049072266,20880717
2020-03-25,44.37863342443802,46.02549476575337,44.37863342443802,45.59210968017578,24144179
2020-03-26,46.63223307848912,48.01906729254794,43.858567956837184,46.80558776855469,30983113
2020-03-27,51.139436062899506,51.139436062899506,47.67235565185547,47.67235565185547,28260723
2020-03-30,45.76546484995198,47.15229912205103,45.07204936713538,46.71891403198242,18925557
2020-03-31,47.49899701103128,47.84570634582413,45.0720415868771,46.54555130004883,29117247
2020-04-01,46.112174244593206,46.97894442473042,45.418758761776594,46.71891403198242,14759376
2020-04-06,47.412331345215634,48.885841369628906,46.80559153440241,48.885841369628906,19304629
2020-04-07,51.312794122262154,53.739749908447266,51.312794122262154,53.739749908447266,37686738
2020-04-08,53.306363414286345,55.473288756330504,52.78630265478201,54.95322799682617,31098176
2020-04-09,55.213260573686746,56.51341252418469,53.9997810112676,54.25981140136719,22919965
2020-04-10,53.739749908447266,54.60652006826093,53.3930405219355,53.739749908447266,14006722
2020-04-13,52.526270695569096,52.87298008428185,51.659500530253,51.832855224609375,22669306
2020-04-14,52.35291518879692,53.04633060520197,52.17956050807928,52.612945556640625,15014318
2020-04-15,52.61294630646142,53.9131014706748,52.17956125172362,53.13300704956055,26509047
2020-04-16,52.43959761135541,53.56639822105003,52.266242908371794,53.393043518066406,18688686
2020-04-17,54.51984470397401,54.95322978649696,52.69962537349813,52.95965576171875,24121234
2020-04-20,52.87297779475987,53.30636285865135,52.4395927308684,52.699623107910156,12020664
2020-04-21,52.35291654054489,52.43959222990891,50.0993122459587,50.272666931152344,25885652
2020-04-22,49.232543354516906,52.006208467404974,48.62580359443737,51.919532775878906,18727891
2020-04-23,52.43959080244402,52.69962116992337,50.87940529110243,51.48614501953125,14104747
2020-04-24,51.48614604484593,51.74617641750362,51.05276098826125,51.226112365722656,10205607
2020-04-27,52.006212507129334,53.56639822105003,51.9195368088705,53.393043518066406,16325545
2020-04-28,54.43316351959329,54.95322758163402,53.13300832418995,54.77987289428711,26065038
2020-04-29,55.29993470275853,56.25338384808712,54.77987393728163,55.64664077758789,23151660
2020-04-30,56.946797663054895,57.20683135986328,56.080027490935755,56.34006118774414,23952836
2020-05-04,53.826422945983516,55.12657812155284,53.73974725686514,54.433162689208984,15558882
2020-05-05,55.38661222564498,55.559963605208196,54.17313272990878,54.60651779174805,9435807
2020-05-06,55.386614525235615,55.90667529844884,54.86655044555664,54.86655044555664,14559753
2020-05-07,55.03990898867046,56.25338861966849,54.69319957796646,55.820003509521484,17556107
2020-05-08,56.340059218691394,56.42673491028772,55.29993438720703,55.29993438720703,11259368
2020-05-11,55.73332574898506,56.60009593722475,55.646643439815705,56.08002853393555,10481412
2020-05-12,55.90667372905501,55.993349420002154,54.69319421700088,55.12657928466797,13266213
2020-05-13,54.60652356882447,55.039908676513555,54.25981416008682,54.51984786987305,11985748
2020-05-14,53.65307104126502,53.99977710080202,51.83285182944989,52.00620651245117,24571431
2020-05-15,53.04633320109325,53.21968789029423,51.312792922014815,52.0928840637207,14924042
2020-05-18,51.22611546427266,52.09288562987095,50.7060546875,50.7060546875,14473424
2020-05-19,51.74617496138154,51.83285064767321,50.792725879845676,51.31278991699219,13279275
2020-05-20,52.006208467404974,52.87297860852839,51.65949908836933,51.919532775878906,10004291
2020-05-21,52.35291704067636,53.2196871684593,52.17956235382664,52.699623107910156,8582622
2020-05-22,52.52626648944863,53.046330530872844,51.39946602606112,51.48614501953125,10279132
2020-05-25,51.57282298520569,51.8328533641741,50.27266778389798,51.746177673339844,7085671
2020-05-26,51.91953014023557,53.133006292328034,51.74617545951793,52.612945556640625,11500623
2020-05-27,52.87297592448433,53.04633060520197,52.35291518879692,52.612945556640625,8655075
2020-05-28,54.60651260885824,54.95322194800854,52.69961785646219,52.78629684448242,29491698
2020-05-29,52.17956461332213,52.61294969598018,51.74617953066408,51.832855224609375,20591714
2020-06-01,52.78629684448242,52.95964820759227,52.266232835756966,52.78629684448242,10053092
2020-06-02,52.699623822691294,53.21968789029423,52.00620837235305,52.0928840637207,14260048
2020-06-03,52.6129482423045,53.21968800255493,51.74617810093693,53.04633331298828,18988199
2020-06-04,53.739750316414415,54.77987517738011,53.5663956218425,53.91310501098633,39551479
2020-06-05,54.69319493872501,55.73332308261022,54.43316455598656,55.64664077758789,38561632
2020-06-08,56.25338352709507,56.60009290641175,54.25980955572266,55.29993438720703,33778647
2020-06-09,55.386613065235004,55.906673824739336,54.60651861951284,54.95322799682617,20722916
2020-06-10,55.126580107848895,55.73332317940185,54.95322872336601,55.473289489746094,14467026
2020-06-11,55.47329375471706,55.47329375471706,53.393043916328786,53.56639862060547,20335555
2020-06-12,51.83285379248741,53.13300900453876,51.57282341137028,53.04633331298828,13359687
2020-06-15,52.61294624972288,52.95965230925989,52.00620651245117,52.00620651245117,17770959
2020-06-16,52.52627148372083,53.306365966796875,52.439595788474975,53.306365966796875,11191312
2020-06-17,53.47972100620728,53.73975140007576,52.352920428466604,52.52627182006836,10484524
2020-06-18,52.52626809684337,52.52626809684337,52.00620734596991,52.3529167175293,12278826
2020-06-19,52.09288561291105,52.4395950016238,51.832855224609375,51.832855224609375,22847854
2020-06-22,52.006208467404974,52.52626922949275,51.83285377788715,51.919532775878906,11582623
2020-06-23,52.35291587845374,52.4395915667216,51.57282145818075,52.00620651245117,10604259
2020-06-24,52.00620766697692,52.78630210456783,51.91953197678488,52.699623107910156,15822620
2020-06-29,52.5262722733999,52.5262722733999,50.96608659025784,51.57282638549805,16722939
2020-06-30,52.612947831363094,53.04633289866186,52.35291745227697,52.87297821044922,11349802
2020-07-01,53.306363277747984,53.306363277747984,52.69962352223658,52.87297821044922,17584073
2020-07-02,53.22600042823344,54.02572125194773,53.22600042823344,53.75914764404297,10403022
2020-07-03,53.75915340766974,53.75915340766974,53.04828924715476,53.13714599609375,13219715
2020-07-06,52.8705692244296,53.67029347612831,52.69285234742239,53.492576599121094,15598688
2020-07-07,53.75914888958114,54.02572250366211,53.04828478880942,54.02572250366211,18864134
2020-07-08,53.84800696346802,54.02572384047524,53.403716465783745,53.492576599121094,10861957
2020-07-09,53.75915111479212,54.5588753798048,53.58143423482624,54.20344161987305,16235951
2020-07-10,54.55887541081735,54.64773215601703,52.87057013468314,52.95942687988281,15394281
2020-07-13,53.67029552986312,56.336038617975504,53.492578646055435,55.71403121948242,40903250
2020-07-14,56.424897728896724,56.424897728896724,54.38116195365764,54.647735595703125,37810461
2020-07-15,55.26973918518975,55.26973918518975,53.403717041015625,53.403717041015625,24300993
2020-07-16,54.11458681625264,54.47001719926902,53.492579408889384,53.58143615722656,16225529
2020-07-17,54.20344071748245,54.20344071748245,53.403716465783745,53.492576599121094,8926925
2020-07-20,54.114582634800705,54.29229611774308,53.581432016971355,54.02572250366211,9049456
2020-07-21,54.381160736083984,54.64773437216099,53.75915332545919,54.381160736083984,15247935
2020-07-22,54.91430382455302,55.89174493525858,54.64773020878512,54.82544708251953,19347009
2020-07-23,55.00316900664362,55.26974264688831,54.55887847634656,55.09202575683594,13080401
2020-07-24,55.09202009562259,55.447453839203234,53.49257502884444,53.670291900634766,19187527
2020-07-27,53.67029440015041,54.29229839588323,52.87057013468314,52.95942687988281,14899710
2020-07-28,53.13714476679222,53.670295417095055,52.87057113647461,52.87057113647461,11820005
2020-07-29,52.51513490265472,52.87056865282642,51.80427079197878,52.33742141723633,13592852
2020-07-30,53.048286101436815,53.759150219798165,52.426278726745316,53.492576599121094,11756002
2020-07-31,53.40372048571771,54.38116168799995,53.13714684497447,53.8480110168457,12179099
2020-08-03,54.025723505041,54.11458363782664,52.6039952771455,52.69285202026367,12875018
2020-08-04,52.78171350245434,52.87057024784419,51.981989235275385,52.159706115722656,15614900
2020-08-05,52.07084407049516,52.24856094442306,51.537696838378906,51.537696838378906,22068989
2020-08-06,51.53769887998056,51.71541576094849,49.849393595286585,50.115970611572266,37016419
2020-08-07,49.93825376853188,50.11597064963478,48.42766536365856,48.87195587158203,25918784
2020-08-10,48.605379765567314,48.694236506752695,47.71679879504384,48.33880615234375,15738599
2020-08-11,48.427663478780595,49.93825182485953,48.427663478780595,49.493961334228516,16656896
2020-08-12,48.78309812719299,49.04967174855636,47.71680025207204,48.960811614990234,20809621
2020-08-13,49.49396391967694,49.58282066657784,48.69423963889842,49.22739028930664,8493116
2020-08-14,48.42766437226351,49.04967174855636,48.07223061733402,48.960811614990234,11210587
2020-08-17,48.87195337879087,48.96081011997626,48.24994602149096,48.33880615234375,9980505
2020-08-18,48.78309812719299,49.671679124849206,48.33880762836488,48.960811614990234,15920149
2020-08-19,47.983374694815005,48.072231440234674,44.8733411497807,46.02849578857422,38210153
2020-08-20,45.85077376812048,45.939633893246345,42.6518838362673,43.71818161010742,27732867
2020-08-21,44.60676648949066,44.96219685259501,43.540468620842645,44.29576110839844,15310953
2020-08-24,44.340196761116616,45.40649133367697,44.07361972830875,45.31763458251953,12192621
2020-08-25,46.02849729869345,47.09479522705078,45.85078041235595,47.09479522705078,17574230
2020-08-26,47.183648823545234,47.983373063809026,46.73935833221367,47.450225830078125,14857612
2020-08-27,47.716798125138055,48.69423582312447,47.53908125559489,47.98337173461914,10713008
2020-08-28,48.0722294747844,48.24994634802528,47.53908224472917,47.89451599121094,5886334
2020-08-31,48.07223083879515,48.42766459536206,46.0284952127042,46.11735534667969,19119315
2020-09-01,46.02849544657471,46.56164608413402,45.13991444031007,46.47278594970703,9541723
2020-09-02,46.20621462726674,46.2950713764521,45.13991668870397,45.406490325927734,15295645
2020-09-03,46.65049937756618,48.24994439257785,46.38392577334211,47.27250671386719,24891012
2020-09-04,45.939638366940734,46.917076110839844,45.761921489049755,46.917076110839844,8662853
2020-09-07,47.18364873901923,49.049670833069435,46.91707512263133,48.24994659423828,22878147
2020-09-08,48.9608103699557,49.13852724290125,47.80565578031079,48.694236755371094,14432392
2020-09-09,48.07223071707958,48.33880772866357,47.45022672916363,48.16109085083008,7914468
2020-09-10,48.1610931554081,48.1610931554081,46.91707834071328,47.09479522705078,10299924
2020-09-11,47.539083148592475,47.7168000252123,46.82821903178067,47.361366271972656,3946722
2020-09-14,47.62793890736525,49.31624411584679,47.539082165726185,48.694236755371094,18644211
2020-09-15,49.138525979590995,49.40509958732222,48.16108828802073,48.42766189575195,12921968
2020-09-16,48.783093760894566,49.04966735839844,48.338803301832385,49.04966735839844,10237061
2020-09-17,49.227389821471526,50.47140121459961,48.871956057910594,50.47140121459961,27334003
2020-09-18,51.004552215234334,51.18226570858515,50.0271110534668,50.0271110534668,16460482
2020-09-21,50.02711227687308,51.00455346254381,49.9382555280247,50.29368591308594,10997377
2020-09-22,50.29367730877514,50.29367730877514,48.69423237546553,48.7830924987793,13204549
2020-09-23,48.87195463873993,49.049671515359755,47.09479265187666,47.361366271972656,13226005
2020-09-24,46.828214992955886,47.89451277104164,46.38392453455909,47.00593185424805,11282430
2020-09-25,47.361365354258204,47.62793896918883,46.47278437804447,46.6505012512207,9188211
2020-09-28,47.361366497142555,49.76053586874782,47.18364961967781,48.960811614990234,13639203
2020-09-29,49.760532754303874,50.73797043468221,49.04966867860442,50.56025695800781,27450076
2020-09-30,50.20482943990956,51.09341049194336,49.671682164556366,51.09341049194336,20921893
2020-10-05,50.91569207889132,51.537699474622,49.760537423772966,50.0271110534668,15582237
2020-10-06,50.649119687814874,50.91569332402773,49.9382555280247,50.29368591308594,9047334
2020-10-07,50.64911760801578,53.31486064001661,50.382543982749205,52.95942687988281,45411471
2020-10-08,53.1371419366394,53.40371555275896,51.44884010810394,52.78171157836914,36389707
2020-10-12,52.959423430661346,54.64772859683707,52.78170995183639,53.75914764404297,33412665
2020-10-13,53.31486125250549,54.558876037597656,52.15970660330139,54.558876037597656,31800641
2020-10-14,54.82545332422215,56.24718169662183,54.38116278413878,55.35860061645508,46933454
2020-10-15,55.1808828797941,55.80289030434541,54.55887884491055,54.647735595703125,20094907
2020-10-16,54.64773180379837,54.825448682719845,53.403717041015625,53.403717041015625,15421856
2020-10-19,53.75915572106761,55.35860099847159,53.75915572106761,54.914310455322266,14874112
2020-10-20,54.914307864863126,55.269741638482934,54.29230045586232,55.18088150024414,10468246
2020-10-21,55.536313452002666,55.625170197658846,54.736589182426805,55.00316619873047,9953508
2020-10-22,54.736593560128966,55.18088410327829,54.02572936902363,54.914310455322266,11116301
2020-10-23,54.558876037597656,54.82544966592666,54.20344227338058,54.558876037597656,9995561
2020-10-26,54.3811549889323,55.00316233382164,53.403713907058396,53.75914764404297,12020045
2020-10-27,53.13714476679222,53.670295417095055,52.69285425304033,52.87057113647461,13738693
2020-10-28,53.137143199951694,53.40371682240892,51.62655481980406,51.80427169799805,16098320
2020-10-29,50.73797480044012,52.42628009145573,50.56026130847434,51.715415954589844,10687733
2020-10-30,51.3599853515625,52.07084953216868,50.73797792240667,51.3599853515625,9836862
2020-11-02,51.3599853515625,51.71541913669949,51.0045549560933,51.3599853515625,6264798
2020-11-03,51.89313149472003,52.69285235689501,51.71541461768087,52.24856185913086,8222813
2020-11-04,52.87057149208198,52.87057149208198,51.35998305723182,52.4262809753418,14348686
2020-11-05,52.78171157836914,53.1371419366394,52.159704214311894,52.78171157836914,7394090
2020-11-06,53.31486288363942,53.40371963257841,52.781715610670105,53.13714599609375,11228242
2020-11-09,53.8480053827577,54.11458238527688,53.40371489811558,53.670291900634766,8350731
2020-11-10,53.670297516128706,54.2034447976152,53.40372048571771,53.8480110168457,8793191
2020-11-11,53.93686483147758,54.02572157141549,52.51513326479956,53.314857482910156,12976623
2020-11-12,53.84801091613706,55.447459536940684,53.58143727589237,55.09202575683594,26521095
2020-11-13,55.26974105834961,55.8028883235155,54.47001677093312,55.26974105834961,13085167
2020-11-16,56.24717701637779,57.4023316465423,56.06946013719843,57.046897888183594,38531048
2020-11-17,58.20205860625853,59.89036395223082,58.20205860625853,59.62378692626953,48887904
2020-11-18,59.62378411284654,60.86779887640654,58.29091260460407,59.53492736816406,23538350
2020-11-19,59.00178141281068,60.69008671609026,58.7352043935904,60.24579620361328,20940721
2020-11-20,60.42350900235247,61.31209001709294,60.15693198619627,61.134376525878906,17056495
2020-11-23,62.28952687369253,64.06668887738896,61.667522884132794,63.622398376464844,28317427
2020-11-24,64.86640666907941,64.95526340454005,62.556097650431134,63.0892448425293,21100680
2020-11-25,63.53354219671507,64.33326646135193,61.48980316256922,61.57866668701172,19249053
2020-11-26,61.578665824850845,63.00039406466908,60.7789415714109,62.82267379760742,13421509
2020-11-27,62.82266953120321,64.86640839794063,62.378379062724164,63.3558235168457,18450550
2020-11-30,64.24441046576999,65.3107049781693,63.62239968409108,64.33326721191406,19615376
2020-12-01,64.68870522557505,69.4870376259354,64.51098494227631,68.3318862915039,46825646
2020-12-02,70.28676137314578,73.75222890654956,69.75361408631494,72.41935729980469,57663457
2020-12-03,74.64080247389026,75.5293834557223,73.30793100114222,74.46308898925781,38116727
2020-12-04,76.77340424094533,79.52800414600118,76.41797046431398,77.8396987915039,52050959
2020-12-07,78.81713505922819,80.6831606554024,77.75084052941602,78.46170806884766,36670910
2020-12-08,76.6845443793255,78.90599691894286,75.97367685491389,78.19512939453125,22599040
2020-12-09,78.99485564066032,81.74945550282317,78.37284484640722,81.66059875488281,28605874
2020-12-10,80.23887013809146,80.32772688568659,78.19513104672697,78.46170806884766,20980424
2020-12-11,77.75083489543616,78.10626863939653,73.66336378822876,75.79595947265625,33214088
2020-12-14,74.9073785024227,76.24024995777303,73.75222052938516,75.79595947265625,12008207
2020-12-15,75.52938428244907,77.30654626556553,74.4630898043132,74.72966003417969,13573997
2020-12-16,75.97368023483595,77.12883831856179,75.97368023483595,76.2402572631836,13453775
2020-12-17,76.68453642395514,78.28397801895005,76.15138244628906,76.15138244628906,12306729
2020-12-18,76.68454077260462,77.48425822578547,75.35166931152344,75.35166931152344,7545696
2020-12-21,76.77340191486066,76.86225866149245,74.46309260575798,74.81851959228516,17263603
2020-12-22,74.81852177834133,75.52938933083631,71.44191785232871,72.15277862548828,23237643
2020-12-23,72.15277170379932,73.9299336352164,71.17533399738689,73.7522201538086,14997135
2020-12-24,74.37422449681473,76.7733971840462,74.01879753218914,75.79595947265625,15073271
2020-12-25,76.06252865308488,76.77339613125756,74.01879651717414,74.64080047607422,11678003
2020-12-28,75.35167487210725,79.7057165428115,74.6408073286715,79.17256927490234,26828090
2020-12-29,79.08370331512101,79.1725600528666,76.50681724449173,77.3065414428711,17725860
2020-12-30,77.75084124340424,78.81713578300821,76.86226020062247,77.57312774658203,15850680
2020-12-31,78.1951321300337,78.37284562768599,76.15139301035549,77.12883758544922,11147679
2021-01-04,78.6394162545644,81.30515917844794,77.92854876312819,80.59429168701172,29282228
2021-01-05,80.15001079355861,83.97091215354962,78.90600270364119,80.41658782958984,28137908
2021-01-06,83.08232250109397,84.41519398506873,79.26142153529898,81.30516052246094,26110031
2021-01-07,82.63803300732472,83.52661400740348,81.39401825134745,82.46031951904297,15476830
2021-01-08,84.41519623955259,86.10350152021066,82.90461122910516,85.92578125,30466491
2021-01-11,82.46031682529446,83.08232079329645,80.77201162443002,81.03858184814453,36157817
2021-01-12,81.74945171880609,82.46031922809492,77.21768999026101,77.92855072021484,27327560
2021-01-13,78.28399138253168,79.70571974722571,76.86226301783763,78.817138671875,18393586
2021-01-14,78.63942802991878,81.57174839700602,77.75084692223608,79.79458618164062,16993497
2021-01-15,80.23886779588838,80.68315830023032,76.06253298747309,76.5956802368164,20577736
2021-01-18,76.0625273874334,77.21768532540895,73.39678455764485,76.41796112060547,15551821
2021-01-19,77.0399740572877,77.57312810891531,75.26281196342329,77.12883758544922,12615916
2021-01-20,78.10626931503569,78.81713002977078,74.64080214528069,74.90737915039062,21602150
2021-01-21,75.08509917945776,77.75084234559235,75.08509917945776,76.2402572631836,11744976
2021-01-22,75.97366813688848,76.41795859382935,75.08508722300675,75.88481140136719,8570249
2021-01-25,75.52938361394294,76.77339834698076,73.57450816155132,75.61824035644531,11681792
2021-01-26,75.79595908667214,76.06252930878384,73.57450667240079,73.7522201538086,11028531
2021-01-27,74.19651868415602,74.90738624555877,72.50821331032608,73.30793762207031,10056664
2021-01-28,70.99762762450614,72.41935595612118,69.93132629129327,70.55333709716797,19357397
2021-01-29,71.53077453248952,73.75222715772212,70.7310502315387,70.99762725830078,19297577
2021-02-01,72.0639147211498,77.1288302762845,71.35305401857045,76.68453979492188,28193129
2021-02-02,77.75082907110061,79.35027740943981,76.06252399826128,77.21768188476562,39394471
2021-02-03,78.63941520118351,79.08370568254612,76.50681953477599,76.68453979492188,15906676
2021-02-04,75.79595964353675,77.128831101892,75.52938264013177,76.95111083984375,9926773
2021-02-05,77.66197347786469,78.55055439459235,76.68453582533114,77.03996276855469,10503523
2021-02-17,80.86087591388306,81.30516644088242,79.17257055541842,79.88343811035156,25878502
2021-02-18,79.97229485988436,80.6831624148175,79.43914758335221,79.88343811035156,13845207
2021-02-19,81.74945757465977,84.41520075644216,80.77201976387333,82.6380386352539,43172938
2021-02-22,84.6817626677205,87.61407557656021,84.6817626677205,86.28120422363281,31021415
2021-02-23,85.12605420161724,88.23608739801173,84.14860977356862,87.43636322021484,23066567
2021-02-24,87.2586499103176,90.19096986902478,85.83692169189453,85.83692169189453,32743090
2021-02-25,88.85810193676635,90.63526397550167,87.25865339017048,87.52523040771484,29391525
2021-02-26,85.12605817719492,87.25864704513748,84.77062443942627,85.74806213378906,23335155
2021-03-02,88.4138136059826,89.74668516788184,84.4151989202849,84.85948944091797,19392895
2021-03-03,85.12606114095442,85.48148811176299,80.50543594775904,81.74945068359375,27517552
2021-03-04,82.54918466993307,84.41520360426549,81.39402654045621,81.57174682617188,25866945
2021-03-05,78.72827364052246,81.21630310157796,78.19512640724909,79.7057113647461,22352831
2021-03-08,82.01603304296957,82.10488979147003,78.72827911376953,78.72827911376953,16601489
2021-03-09,78.37283414364619,79.6168487829318,75.97366838021524,77.03996276855469,15121034
2021-03-10,78.19513256813524,80.32772844858783,77.75084204217993,77.8396987915039,15479448
2021-03-11,78.99485598877509,81.21630859375,78.63942221611204,81.21630859375,14471605
2021-03-12,82.7268950178613,83.88205310323508,81.39402343289252,83.08232879638672,21699103
2021-03-15,82.63803662600658,83.08232714550124,81.39402181555447,82.81575012207031,7964199
2021-03-16,83.2600318247539,84.14861276964704,82.72688461368493,82.99346160888672,8810767
2021-03-17,83.43776083103114,83.79319460212787,81.30516498378609,81.66059875488281,8127095
2021-03-18,82.81575033427168,85.30377996155104,82.63803683775258,84.85948944091797,21464037
2021-03-19,83.61546906022782,84.05975955128041,82.10488410238302,82.19374084472656,15000750
2021-03-22,82.37145246725262,82.46031598692213,80.15000006220984,80.77201080322266,10629571
2021-03-23,81.30515852750851,82.54917323789472,81.03858152552047,81.48287200927734,7954880
2021-03-24,80.32772379510311,81.21630479553714,79.9722900390625,79.9722900390625,6696575
2021-03-25,80.0611499538471,80.32772697626841,78.81713514810659,79.61685943603516,6586036
2021-03-26,80.15000692255555,82.01603252597954,80.0611501746152,81.66059875488281,8368332
2021-03-29,82.54917356653263,82.81574379024713,80.68315488319186,81.03858184814453,12420269
2021-03-30,81.0385887530418,82.1048900767585,80.50544148085113,81.92716979980469,8161264
2021-03-31,81.74945550282317,83.34890408309079,81.39402173172644,81.66059875488281,13353257
2021-04-01,85.65921028558365,89.3023910522461,85.48149001688363,89.3023910522461,64973763
2021-04-07,87.16978512558441,87.79179582455109,85.48148005600953,86.28120422363281,18966618
2021-04-08,86.63665137735015,87.61408916522755,85.65921358947276,87.34751892089844,16056502
2021-04-09,87.70294856136984,93.30101199266387,86.19236345988948,91.07955932617188,44235980
2021-04-12,93.301009643755,93.301009643755,87.52523285628445,88.05838012695312,41420284
2021-04-13,89.30239139556885,92.41242492675781,87.96951988220215,88.85810089111328,29176122
2021-04-14,90.19097071460263,91.52384220299577,86.28121299278241,88.59152221679688,24725235
2021-04-15,89.30239209261808,89.30239209261808,87.25865304443604,87.96952056884766,12786523
2021-04-16,88.32494497796341,89.30238263602314,87.16978706795273,87.70293426513672,12708247
2021-04-19,88.6803925814642,90.1909776731222,88.05838177128966,88.32495880126953,11617596
2021-04-20,89.30238972234054,90.63526121073367,88.41380873007844,88.59152221679688,17018470
2021-04-21,89.30239449665324,90.19097553642092,87.080941897234,87.34751892089844,22207984
2021-04-22,87.70293654921963,87.9695135444214,81.92716040741418,82.99346160888672,35561965
2021-04-23,83.26003120674335,84.23747566233826,82.19373679252016,83.88204193115234,19837073
2021-04-26,84.3263390357276,85.65921054805416,83.9709052765735,85.21492004394531,14532724
2021-04-27,85.48148675385784,85.57035027448326,82.99346410104648,83.526611328125,14240837
2021-04-28,84.14861214504087,85.03719308333838,83.1711744687805,83.88204193115234,11245064
2021-04-29,83.5266158845496,84.05976314071161,81.3940200805664,81.3940200805664,17188842
2021-05-03,82.63803271574963,82.63803271574963,77.75083723256013,77.92855072021484,24505782
2021-05-04,78.63941586566972,79.35028335359047,72.50820581519122,75.79595947265625,27210202
2021-05-05,76.86225178405141,77.30654225679159,73.48564147949219,73.48564147949219,18553910
2021-05-06,74.37422897649996,76.59568153588569,73.13022096671213,73.66336822509766,21755457
2021-05-07,74.90738405724878,76.24025561143944,73.84108274629509,75.97367858886719,23199914
2021-05-10,76.15139762602205,76.15139762602205,72.86365026483107,72.95250701904297,18671138
2021-05-11,71.08648960886438,71.61963692506367,67.62102188456505,67.97645568847656,27778970
2021-05-12,67.53215680588232,68.42073781648604,61.223232986462975,65.22184753417969,37936338
2021-05-13,63.44468214837926,67.79873022530097,61.84523370238035,66.02156829833984,27232820
2021-05-14,67.35443867164128,68.06529936351181,64.15554183055264,64.86640930175781,19785568
2021-05-17,59.53492618853097,64.95526885878397,59.53492618853097,63.71125411987305,18865515
2021-05-18,64.86641606225903,68.86503075102843,64.68870256560342,68.24302673339844,22574456
2021-05-19,67.17671998948282,68.1541577008101,65.48841479028036,66.73242950439453,17440381
2021-05-20,66.02156404100968,67.97643932287497,65.9327005269241,66.82128143310547,9976181
2021-05-21,69.13160814226296,69.84246891199365,67.08786902319956,67.79873657226562,10933398
2021-05-24,66.64357928171141,68.77617517459328,66.11043200332482,68.0653076171875,9983293
2021-05-25,69.22046310074823,70.90876840161236,68.86502933540811,70.02018737792969,21490498
2021-05-26,70.81991341003857,71.26420397541983,68.50960382592322,69.1316146850586,13069484
2021-05-27,68.95388642948252,69.66475396374601,67.53215814029082,69.57589721679688,14801927
2021-05-28,70.46447764704277,73.30793420129845,70.10904388292701,71.61962890625,21560413
2021-05-31,72.33049738667229,73.21907841899177,71.88620687051255,72.77478790283203,10964791
2021-06-01,73.21907593005203,74.64080417756726,72.15277465991433,72.24163818359375,15285142
2021-06-02,73.13021230971795,73.57450276900097,71.17533022127205,72.5082015991211,10466891
2021-06-03,72.863641636016,75.08509412491892,72.68592814863776,74.28536987304688,19242190
2021-06-04,75.17395480462793,75.17395480462793,72.68593195438768,73.0413589477539,23003210
2021-06-07,72.77478973385881,72.86364648345935,69.39817901435455,70.55333709716797,21427375
2021-06-08,71.26419549174825,72.41935353595774,70.73104823262665,71.17533874511719,11052906
2021-06-09,70.37561951383925,70.55333979918203,68.42074383041871,68.59845733642578,22362466
2021-06-10,68.68731355073324,70.6421890258789,68.42073654078838,70.6421890258789,15940183
2021-06-11,70.9976251481136,71.53077240645617,69.7536103590908,70.02018737792969,11882074
2021-06-15,70.02018371161314,70.7310444257369,69.39817296000317,69.93132019042969,10759636
2021-06-16,70.6421998602403,71.44192423339324,69.84247548708736,70.2867660522461,14096444
2021-06-17,70.19790368609983,70.19790368609983,69.3093226267821,70.10904693603516,11623436
2021-06-18,70.46448071562934,71.26419824554691,70.10904693603516,70.10904693603516,10991114
2021-06-21,69.2204622080837,69.39817569879438,66.37699890136719,66.37699890136719,26673480
2021-06-22,67.35443540028173,67.62100560453557,66.19927751051223,66.82128143310547,14444767
2021-06-23,66.91015631057245,68.15416436702935,64.86641716753245,68.0653076171875,24546428
2021-06-24,68.06529936075543,69.2204573065834,67.97644262169204,68.9538803100586,14927209
2021-06-25,70.10904145405729,72.3304939286514,70.02018471094051,71.08647918701172,35150985
2021-06-28,72.24164215405172,73.13022320500272,71.17534082530925,72.15277862548828,26607573
2021-06-29,72.86364357933078,72.86364357933078,70.37561401366835,70.4644775390625,18811412
2021-06-30,70.28676085915777,71.08648517322364,70.0201906073595,70.81990814208984,16317439
2021-07-01,70.99762381156175,70.99762381156175,68.86502803900304,69.30931854248047,20070757
2021-07-02,70.10904178532418,71.35305653284188,69.66475128830608,70.6421890258789,19583802
2021-07-05,71.79734352617551,72.4193474799133,70.73104231776618,71.44190979003906,19805256
2021-07-06,71.70849450488687,71.79735804138744,70.19790929508154,70.2867660522461,15987997
2021-07-07,70.6421890258789,71.4419132763785,70.02018504178756,70.6421890258789,16830842
2021-07-08,70.37561755851569,70.90877162039507,69.48703649449737,69.66475677490234,19908154
2021-07-09,68.86503047535497,69.84246826171875,68.1541629329075,69.84246826171875,21152832
2021-07-12,70.81990167917225,71.08647868597862,67.88758850097656,67.88758850097656,47936135
2021-07-13,68.42074304348546,70.37561870442222,68.06530925622361,68.3318862915039,49045404
2021-07-14,69.1316146850586,69.93133227927605,68.42074706871416,69.1316146850586,27286373
2021-07-15,69.57589801780243,70.28675878091458,69.3093209945508,69.84246826171875,18951059
2021-07-16,69.30932374093061,69.39818049242366,68.33188591583588,68.77617645263672,23688200
2021-07-19,67.62101014847308,68.06530063141881,67.08786292480515,67.17671966552734,22948765
2021-07-20,66.643570253513,67.08786072186976,66.19927978515625,66.19927978515625,15239585
2021-07-21,66.64357218709026,66.73242892747275,63.26696181787712,63.533538818359375,38679229
2021-07-22,64.4221240649333,66.46586312631354,64.4221240649333,65.48841857910156,21928725
2021-07-23,66.1104285447834,66.28814203517011,64.15554625385417,65.22184753417969,19447469
2021-07-26,65.48842059032593,65.93271111476324,64.86641656784784,65.31070709228516,10982010
2021-07-27,65.66613520354429,66.19928243101435,64.86641097267177,65.13298797607422,18199422
2021-07-28,64.42212511827147,64.77755888858417,62.73381979378764,64.15554809570312,14711177
2021-07-29,64.77754933522172,65.04411953914112,63.97782516479492,63.97782516479492,9439784
2021-07-30,64.51097788057312,64.86641162892737,63.97783064770919,64.2444076538086,12683055
2021-08-02,65.04412185569487,66.73242699131744,64.59983138733811,66.19927978515625,17965555
2021-08-03,66.46586535968956,67.35444641113281,66.28814508179966,67.35444641113281,14189066
2021-08-04,68.24301802630333,68.24301802630333,66.73242638012493,67.08786010742188,17925057
2021-08-05,68.0793078835751,68.44094542044999,67.26560963001882,67.9888916015625,14660850
2021-08-06,67.98889887652693,68.07931516821428,66.54232788085938,66.54232788085938,11487387
2021-08-09,66.36150802872662,67.26561574874252,65.18616523358813,66.63273620605469,12147920
2021-08-10,66.8135653666654,66.99438416096318,63.83000697618817,64.10124206542969,21220665
2021-08-11,62.38343504347394,62.74507952473419,60.7560383267002,60.84645462036133,44574562
2021-08-12,60.57522116612586,60.665630564426756,59.309468896528415,59.94234848022461,26198793
2021-08-13,58.8574144627653,59.580703438071566,57.41084340994764,58.134132385253906,28709349
2021-08-16,57.591666186529004,60.30398607342821,57.23002169553045,59.94234848022461,23770827
2021-08-17,59.94234848022461,59.94234848022461,59.94234848022461,59.94234848022461,0
2021-08-18,60.213578013910755,62.38343811035156,59.76152411456038,62.38343811035156,14856870
2021-08-19,60.5752223498304,61.117685648031056,59.399879455566406,59.399879455566406,17485253
2021-08-20,60.21357673451841,60.39440242909351,58.31495177714704,58.40536117553711,13542188
2021-08-23,59.39987748908864,60.75603913859107,59.219058694939584,60.39440155029297,7668818
2021-08-24,61.02727369828658,61.5697369738235,59.12864878500996,59.671112060546875,9326272
2021-08-25,59.8519292540949,60.66562759455853,59.76151986021996,60.575218200683594,5927483
2021-08-26,61.11768614989826,61.298511849313385,58.94782604148276,59.03824234008789,13482875
2021-08-27,58.58618331989005,59.399874753887374,58.134129457538414,58.76700210571289,12733290
2021-08-30,59.580702924201084,60.213575598789525,58.857413955133026,60.03275680541992,7279013
2021-08-31,59.67111232088589,60.48481068663875,59.21905843966706,60.03275680541992,8013234
2021-09-01,60.12316545826839,61.93138096077271,59.94234666713585,61.56973648071289,15919373
2021-09-02,61.56973477015056,61.56973477015056,59.67110992482856,59.8519287109375,10434405
2021-09-03,60.3944010264593,60.48481042274965,59.490293267966166,59.671112060546875,9956705
2021-09-06,60.48481068663875,61.298509052391616,59.85193111425549,60.03275680541992,13353268
2021-09-07,60.57521928074465,60.57521928074465,58.857413175313845,58.94782257080078,10806900
2021-09-08,58.94782386022986,59.12864955295387,57.68207505123877,58.134132385253906,12824614
2021-09-09,57.86289628803198,59.30946731567383,57.59166465146131,59.30946731567383,7365701
2021-09-10,59.49029378395801,60.575220344442016,58.586186017623056,60.39440155029297,9863400
2021-09-13,60.57521811603126,60.846453195071625,59.490291595458984,59.490291595458984,7288792
2021-09-14,59.8519287109375,60.48480825790786,59.30946545481615,59.8519287109375,8379289
2021-09-15,59.038238798994826,59.67111146450043,57.86289596557617,57.86289596557617,17144602
2021-09-16,58.134132980366886,58.49577057392718,57.772488489011636,58.40536117553711,6492446
2021-09-17,58.49577189655117,58.676597595214844,57.86289919571607,58.676597595214844,8929091
2021-09-22,57.682075355665546,57.682075355665546,56.506735937935964,56.95878982543945,11702646
2021-09-23,57.59166459316007,58.58618519144227,57.50125174846312,58.22454071044922,9846942
2021-09-24,58.58618819478056,58.947825796517705,58.3149530956826,58.676597595214844,4845748
2021-09-27,58.58618687011221,58.67659626850229,58.134132980366886,58.40536117553711,4315796
2021-09-28,58.58618681232627,60.30398607342821,58.22454232132772,59.94234848022461,18803874
2021-09-29,58.767000664620205,60.75603485107422,58.043711743476365,60.75603485107422,28425912
2021-09-30,60.21357641855613,61.75056377430209,59.58070373535156,59.58070373535156,30777728
2021-10-01,59.67111283553613,59.85193163046526,57.86289729506534,58.134132385253906,13261350
2021-10-04,58.49577189655117,59.30947029604995,57.59166754551566,58.676597595214844,12020973
2021-10-05,57.772488489011636,58.49577057392718,57.13961235358868,58.40536117553711,14666688
2021-10-06,58.58618627388549,58.58618627388549,55.5122184753418,55.5122184753418,24147097
2021-10-07,55.783451789508455,56.41632793746965,55.512220140067235,55.69303894042969,13099583
2021-10-08,55.964274038768444,57.04920063653331,55.69303894042969,55.69303894042969,9731931
2021-10-12,55.512214376745256,55.693033158334956,54.156052821439395,55.150569915771484,12539495
2021-10-13,55.69303669535732,55.964271782762175,53.704002380371094,53.704002380371094,16064224
2021-10-14,54.698519205531426,56.416325320470705,54.4272875686719,56.32591247558594,18447446
2021-10-15,57.32043173010444,57.86289499108696,56.59714278359801,57.5916633605957,13248091
2021-10-18,57.86289661823745,58.405359894474465,56.14509049532457,56.687557220458984,10743226
2021-10-19,56.86837961778638,57.682074534368525,56.054681252306835,57.41084289550781,6726684
2021-10-20,57.50125229216224,57.682074534368525,56.95878901444082,57.41084289550781,4146558
2021-10-21,57.13960903938883,57.77248513810383,56.50673294067383,56.50673294067383,6527177
2021-10-22,56.50673266441192,56.68755489871749,55.873856568791055,56.14508819580078,9518924
2021-10-25,55.964271855652406,57.41084289550781,55.964271855652406,57.41084289550781,8368017
2021-10-26,57.68207275446036,58.224539464340175,57.32043173010444,57.5916633605957,7709312
2021-10-27,57.591662844500355,59.8519287109375,57.32043121643968,59.8519287109375,17819647
2021-10-28,58.85741290620123,60.75603779392488,58.49576842811228,60.123165130615234,14856414
2021-10-29,60.75603779392488,60.846454086793145,59.671111257452715,60.123165130615234,13483676
2021-11-01,61.20809085560274,61.47932593502215,60.39439941293372,60.575218200683594,7933979
2021-11-02,61.298507959955664,62.38343449642784,59.49029246730558,60.123165130615234,16582301
2021-11-03,60.57521854712525,62.38343402614392,60.48480915273325,62.02178955078125,16063885
2021-11-04,62.38343622912526,62.38343622912526,60.12316680053376,60.303985595703125,16722114
2021-11-05,60.5752223498304,60.846457447828264,59.219060655431214,59.399879455566406,12996456
2021-11-08,59.761518035839885,61.117679595947266,59.67110864472493,61.117679595947266,11577026
2021-11-09,61.208086392860125,62.202610346356494,60.93685823101083,62.1121940612793,16403439
2021-11-10,62.65466506673333,63.287537684460254,61.93137616265039,63.19712829589844,16041934
2021-11-11,62.38343205171473,62.65466712410082,61.47932434082031,61.47932434082031,10182128
2021-11-12,62.202610346356494,62.564247895488876,61.66014022706971,62.1121940612793,6092094
2021-11-15,62.65466535539946,63.83000120770656,62.65466535539946,63.558773040771484,12527132
2021-11-16,63.64918166149727,64.01082611083984,63.01630215069924,64.01082611083984,9298428
2021-11-17,64.28205978626411,65.09575814260563,63.64918711899556,64.191650390625,11486026
2021-11-18,64.37246352263398,64.7341079711914,63.83000029869489,64.7341079711914,8446481
2021-11-19,64.9149368059603,65.09575559014849,62.83548629882388,62.92589569091797,11619003
2021-11-22,64.8245208059464,68.71218676352692,64.64370202094966,68.16972351074219,50363122
2021-11-23,68.71219120855864,69.25465449643563,66.63274055760269,68.44095611572266,31540774
2021-11-24,67.80807904295419,68.89300554852366,67.26561579016946,68.16972351074219,12673353
2021-11-25,68.71218058448339,68.71218058448339,67.17520035684277,67.26560974121094,10267930
2021-11-26,67.3560195715249,67.9888921640861,66.0902674886086,66.45191192626953,14513838
2021-11-29,65.18616192819678,67.26561233790858,64.28205425402541,66.2710952758789,12954942
2021-11-30,66.99438369430119,69.07383430321504,66.99438369430119,67.08479309082031,30865704
2021-12-01,66.99438262312661,68.71218872070312,66.99438262312661,68.71218872070312,20002729
2021-12-02,70.79164257790173,72.32862305878287,70.79164257790173,72.1478042602539,60840042
2021-12-03,69.52588445773675,71.60532805741911,69.52588445773675,71.24369049072266,33625136
2021-12-06,71.42451339229461,71.51492278918158,69.70670726026273,70.06835174560547,14574280
2021-12-07,70.4299962309482,70.61081502472216,69.25465337803303,70.06835174560547,9325672
2021-12-08,70.97245753904707,71.2436926199702,69.52588653564453,69.52588653564453,15391196
2021-12-09,69.61629786337576,70.52040562783519,69.07383458425907,70.06835174560547,9596089
2021-12-10,69.79712176338279,70.79164589528163,69.16424904107929,70.33959197998047,9195472
2021-12-13,70.97246007640351,71.15327887162034,69.25465393066406,69.25465393066406,7018836
2021-12-14,68.71218477495225,68.98341984239215,67.62725830078125,67.62725830078125,9102088
2021-12-15,67.62726218423096,69.07383319879207,67.62726218423096,68.71218872070312,5919885
2021-12-16,69.5258870719546,70.06835034019069,67.80808097437809,68.71218872070312,10989659
2021-12-17,67.89849282784566,68.89301000525265,67.44643893831567,68.44095611572266,5794200
2021-12-20,68.98342487923514,70.79164040007701,68.26013591178048,68.62178039550781,13771275
2021-12-21,70.61081415102667,70.88204923612633,69.25465252111786,69.43547821044922,17491528
2021-12-22,71.87656896254595,72.23821345638191,68.98342680744827,69.16424560546875,28309645
2021-12-23,69.97794203613921,70.06835143262234,68.53137099902467,68.62178039550781,11592687
2021-12-24,69.6162989876186,69.6162989876186,68.35054671737565,68.44095611572266,6932332
2021-12-27,68.89300944243551,69.34506332827249,68.44095555659855,69.25465393066406,4484662
2021-12-28,69.52588794607465,69.6162973422849,68.71218958459288,69.34506225585938,6456204
2021-12-29,69.5258890212842,69.61629841889261,68.8026000448271,69.25465393066406,3099776
2021-12-30,70.06835366161613,70.97246145079826,69.88753486289771,70.6108169555664,15639804
2022-01-03,70.33959102811254,70.52040983266795,68.71219419593288,68.89301300048828,11411973
2022-01-04,69.43548154020954,69.797119140625,69.16424644210286,69.797119140625,7390636
2022-01-05,69.79711634537814,69.79711634537814,68.26013591178048,68.62178039550781,11475002
2022-01-06,67.80807866008816,67.98889744406394,66.2710983029106,66.72315216064453,11757950
2022-01-07,66.90397128117726,67.62726021630779,66.36150802872662,66.63273620605469,10501119
2022-01-10,66.45191449414824,67.71766662597656,65.72862559087656,67.71766662597656,5131797
2022-01-11,66.99437513386397,67.44642895649166,66.18067687357535,66.45191192626953,6130523
2022-01-12,67.08478407468071,67.62725417647752,66.54232087067777,67.26560974121094,7325314
2022-01-13,67.26561523748504,67.98889726932372,66.81356138091296,67.4464340209961,6805972
2022-01-14,67.17520141601562,67.80807401436545,66.72314758925319,67.17520141601562,7190677
2022-01-17,67.17520035684277,67.7176635608457,66.81355592157618,67.26560974121094,5705721
2022-01-18,67.71766450510948,68.71218154261484,67.44642945042894,67.89848327636719,7251106
2022-01-19,67.26560963001882,68.53136170246259,67.17520024580008,67.9888916015625,5917069
2022-01-20,67.89848327636719,68.35053710230544,67.44642945042894,67.89848327636719,4852746
2022-01-21,67.17520452652018,67.62725837421468,65.09575406800776,65.36698913574219,15217131
2022-01-24,64.73411398424494,66.09027561896151,64.19165070991728,65.63822174072266,8526545
2022-01-25,65.09575653076172,66.90397198994954,64.91493774396076,65.09575653076172,8703044
2022-01-26,65.45740100215819,66.45191812515259,64.91493774396076,65.09575653076172,4027430
2022-02-07,67.80808498106782,69.07383728027344,67.17521228036256,69.07383728027344,18125566
2022-02-08,69.61629892952894,70.42999730956294,69.25465443864772,69.97794342041016,11806230
2022-02-09,70.52040401385848,71.24369296799028,69.97794074715696,70.97245788574219,11974165
2022-02-10,71.24369597324477,71.42451477050781,70.70122578586569,71.42451477050781,8819087
2022-02-11,71.06287027818675,71.8765686614604,70.42999758997112,71.42451477050781,17529968
2022-02-14,70.88204635983395,71.33410021812652,70.06834803534842,71.15327453613281,11769061
2022-02-15,71.42450927407089,71.8765631302359,71.1532742012541,71.24369049072266,9919403
2022-02-16,72.32862389605978,72.87108719572122,71.8765699967094,72.78067779541016,18656529
2022-02-17,73.23272633978907,76.1258683249592,73.05190755238891,74.76970672607422,36730205
2022-02-18,73.9560083443826,75.9450424102966,73.7751826761579,75.49298858642578,21141610
2022-02-21,75.04094052592907,75.13134991808816,72.59985244866122,72.69026184082031,13540161
2022-02-22,71.60532839442538,71.7861540764191,70.24916681954767,71.15327453613281,11721956
2022-02-23,71.24369597324477,72.69026704473403,70.97246087955523,71.42451477050781,7756368
2022-02-24,70.06834782318285,70.24916660683456,68.6217768605857,68.9834213256836,14609304
2022-02-25,70.06834765024045,70.70122028925388,69.43547501122701,69.70670318603516,8862746
2022-03-01,70.70121776255911,72.32861434442638,70.06834514616305,72.23820495605469,11701452
2022-03-02,71.42451561000985,72.41903280223579,70.79164291435562,72.05738830566406,7922265
2022-03-03,74.40807021589795,75.31217796142384,73.77519065535303,74.6792984008789,14342460
2022-03-04,73.50396406985917,74.86012571765882,72.78067509858141,73.77519226074219,9202767
2022-03-07,71.96697467277416,71.96697467277416,68.71218819066978,69.52588653564453,18351246
2022-03-08,68.62177572350751,70.15875605246241,67.17520478488036,67.5368423461914,13420270
2022-03-09,68.71218369462947,69.16423753472571,67.62725723751615,67.71766662597656,6397993
2022-03-10,68.9834246710184,70.0683512211309,68.89300837701337,69.34506225585938,10624226
2022-03-11,68.71218461762655,68.98341968444541,67.44643246879562,68.35054016113281,8132114
2022-03-14,68.53137241186461,68.89301000525265,67.53684833666267,68.44095611572266,9222311
2022-03-15,68.0793131580034,68.26013194044975,65.99986267089844,65.99986267089844,12456849
2022-03-16,66.451920880275,66.72315596951651,63.739597579039284,64.10124206542969,19421615
2022-03-17,65.99986653700122,67.17520938513424,65.63822205312994,67.08479309082031,13165132
2022-03-18,67.08478816590146,67.62725830078125,66.81355999625585,67.62725830078125,6774780
2022-03-21,67.80807601443698,68.1697204660728,67.1752033974199,67.71766662597656,5573978
2022-03-22,67.89848588677548,68.07931156277915,66.36150557861264,66.90396881103516,11130927
2022-03-23,67.35602514118521,67.5368439260706,65.99986356116135,66.63273620605469,14097103
2022-03-24,65.99986335573072,65.99986335573072,63.55877527840368,64.46288299560547,30172837
2022-03-25,64.19165088467201,64.28206028100696,62.293025970458984,62.293025970458984,25798509
2022-03-28,61.660145865416006,63.19713318095073,61.02727319876889,63.10672378540039,9667102
2022-03-29,63.1067271084302,63.1067271084302,62.1122030116233,62.38343811035156,10162527
2022-03-30,63.28754339011525,63.64918787476059,62.47384502411195,62.65467071533203,7012813
2022-03-31,62.8354860189134,63.468358658547274,62.56425094604492,62.56425094604492,9862130
2022-04-01,61.93137830641105,62.56425094604492,61.47932445015988,62.56425094604492,10512461
2022-04-06,61.750560735930655,61.93137952286499,60.12316406234338,60.21357345581055,18682585
2022-04-07,60.39439886485339,61.208090300138146,59.8519287109375,59.8519287109375,12448654
2022-04-08,60.39440155029297,60.75603913859107,60.03275706420001,60.39440155029297,7105288
2022-04-11,60.39440155029297,61.11768362468402,59.39987748908864,60.39440155029297,9297726
2022-04-12,59.85193167095346,59.94234796627407,58.85741450258074,59.219058990478516,11017224
2022-04-13,59.67111291481547,60.394401891082694,59.4902941196461,60.303985595703125,7123592
2022-04-14,60.303983016405375,60.303983016405375,57.953304290771484,57.953304290771484,19607289
2022-04-15,57.5012487546122,58.49576585221666,57.23001713243801,57.772483825683594,7817943
2022-04-18,57.23002161184982,58.67659612483138,57.23002161184982,57.68207550048828,5145135
2022-04-19,58.40535950204837,58.76700398304142,57.953305625255744,58.22454071044922,5802778
2022-04-20,58.857416640672774,59.49029624193299,58.22454393720769,59.03824234008789,10086680
2022-04-21,59.580702125175435,60.48480987548828,59.03823885454668,60.48480987548828,8501735
2022-04-22,59.67111232088589,60.12316620210472,59.21905843966706,60.03275680541992,8303057
2022-04-25,58.76700506530074,59.038240155489305,57.50125280741221,58.134132385253906,10644878
2022-04-26,58.49577031843495,58.67659601222025,57.591665991790634,58.04371643066406,7776665
2022-04-27,56.68755641710371,57.139610290527344,55.6026264311075,57.139610290527344,8709342
2022-04-28,57.50125314489798,58.49577031843495,57.13961210401974,58.04371643066406,7007482
2022-04-29,58.857413438423585,59.580702401141885,58.676594646641384,59.30946731567383,8169826
2022-05-03,59.30946864380966,59.671113133267234,58.947824154352084,59.58070373535156,6582676
2022-05-04,59.490292201732295,60.12316486221671,59.12864772525777,59.76152038574219,7581066
2022-05-05,61.02727206785287,61.47932593502215,60.032754939639375,60.575218200683594,11169386
2022-05-06,59.12864929786506,60.48481094736749,59.12864929786506,60.39440155029297,7144918
2022-05-09,59.580703218243094,60.12316649882389,58.85741424560547,58.85741424560547,5807632
2022-05-10,58.04371533614132,59.85193085312759,57.953305939850964,59.671112060546875,8877581
2022-05-11,59.21905765505634,59.309467050543276,58.04371482034191,58.94782257080078,8013033
2022-05-12,58.31495177714704,59.21905955663769,58.31495177714704,58.40536117553711,7039719
2022-05-13,59.12864959295279,59.58070347837629,58.676595707529295,59.219058990478516,5504179
2022-05-16,60.1231653958042,61.47932702127346,60.03275600033186,60.48480987548828,14793319
2022-05-17,60.846453280103,61.117681461727805,60.213573727389246,60.575218200683594,6983448
2022-05-18,61.11767931164614,61.47932377221806,60.57521606968544,60.75603485107422,6865540
2022-05-19,59.942346604859516,60.48480987548828,59.30946704096369,60.48480987548828,5476372
2022-05-20,60.93686483053497,60.93686483053497,60.03275706420001,60.39440155029297,3767017
2022-05-23,60.93686456785758,60.93686456785758,59.490293527516286,60.03275680541992,4618587
2022-05-24,60.21357611811839,60.21357611811839,58.134132385253906,58.134132385253906,7547714
2022-05-25,58.676595191989996,58.76700458872138,57.86289682581797,58.49576950073242,6864769
2022-05-26,59.038239626466904,59.21905841977577,57.41084289550781,57.41084289550781,6548328
2022-05-27,58.134128287847325,58.40535646112433,57.32042997242753,57.772483825683594,8500781
2022-05-30,58.314948783343524,59.58070098920757,58.22453938959493,59.490291595458984,8510974
2022-05-31,59.39987748908864,60.39440155029297,58.67659541469758,60.39440155029297,13629070
2022-06-01,59.94234766712549,60.84645543346044,59.76152197518159,60.39440155029297,5931334
2022-06-02,59.94234766712549,60.575220344442016,59.85193137225611,60.39440155029297,2778385
2022-06-06,59.85193137225611,60.75603913859107,59.30946809201411,60.39440155029297,5485280
2022-06-07,59.76151977670475,59.851929170453346,59.309465910167205,59.490291595458984,4267838
2022-06-08,59.85192978041215,60.12316486221671,59.58070159640226,59.76152038574219,3686255
2022-06-09,59.94234965156214,60.03275905162974,59.219060655431214,59.399879455566406,4091628
2022-06-10,58.85741424560547,59.399877526186266,58.5861860542125,58.85741424560547,5820816
2022-06-13,56.41632639470584,56.77796743443883,55.69303741744498,56.235504150390625,14593203
2022-06-14,55.78345026405131,56.32591354809951,55.42180577542087,56.235504150390625,7896058
2022-06-15,55.96427415958132,56.5067374596348,55.331398010253906,55.331398010253906,11504858
2022-06-16,56.14508890939681,56.41632398875116,54.60810852050781,54.60810852050781,7207997
2022-06-17,54.24646270920695,54.51769433297354,53.61358662115342,54.33687210083008,7612988
2022-06-20,54.78892395803226,54.78892395803226,53.34235305145007,53.79440689086914,5590294
2022-06-21,54.06564153993652,54.427286011333,53.70400051743733,54.246463775634766,7397955
2022-06-22,54.51769363622263,54.51769363622263,52.438246615391705,52.528656005859375,7033213
2022-06-23,53.34235639022325,53.70400086395318,52.25742641793078,52.70948028564453,6374221
2022-06-24,53.34235488704157,53.97523097378591,52.70947880029723,53.25194549560547,6797594
2022-06-27,53.79441167256552,54.156056155805594,53.61358943094548,54.065643310546875,6164031
2022-06-28,54.065640365222016,54.065640365222016,52.528656568527815,53.25194549560547,7607840
2022-06-29,52.43824820011088,52.528657593310776,51.624549865722656,51.624549865722656,12716342
2022-06-30,49.11358105142537,49.79034374282331,46.88993536945497,47.76005935668945,33864106
2022-07-01,47.66337797850935,47.90507868193796,46.55155695557379,46.69657516479492,23328131
2022-07-04,46.696575527070685,47.66337834828565,46.068155906117006,47.51836013793945,11973517
2022-07-05,48.050099456414294,48.09843885835844,46.26151208000117,47.76005935668945,9368087
2022-07-06,47.76005941152921,48.24346080764566,46.648234725237394,46.98661422729492,11219422
2022-07-07,47.47001809379522,48.823543548583984,46.599897748339714,48.823543548583984,15250267
2022-07-08,48.82354720735741,49.50030998546752,47.5183647473354,48.001766204833984,15455861
2022-07-11,47.42167619396386,47.7600593838855,46.74491350218055,47.37333679199219,11272759
2022-07-12,46.79326028056883,46.889939092132636,45.58475669572005,45.778114318847656,11606933
2022-07-13,46.9382747981272,48.533500879612156,46.9382747981272,47.37333679199219,12999992
2022-07-14,46.93827876729302,48.34014367137495,46.696578048936146,48.19512176513672,8225283
2022-07-15,48.00176336435118,49.88702598658775,47.711719556566884,49.693668365478516,12570926
2022-07-18,50.08038657380415,52.88411629619244,49.79034645826126,52.40071487426758,22567662
2022-07-19,51.24055099487305,51.917313726756994,51.047189687469036,51.24055099487305,11976554
2022-07-20,52.20735379315912,52.49739390995352,51.33722975471573,51.62727355957031,14359398
2022-07-21,51.62727420058084,52.6907558713847,51.53059170174217,52.49739456176758,7521573
2022-07-22,52.20735273297482,52.400714036264525,51.240549904586395,51.91731262207031,14151157
2022-07-25,51.240552055452234,51.240552055452234,50.27374918648143,50.95051193237305,7955601
2022-07-26,50.853827550771115,51.33722896736803,50.46710863032966,50.75714874267578,5970106
2022-07-27,50.85382843017578,51.33722985513206,50.17706938568515,50.85382843017578,4810765
2022-07-28,51.14387135117736,51.33722896736803,50.3704261341742,50.75714874267578,4785542
2022-07-29,51.337230926129315,51.337230926129315,50.37042805604733,50.56378936767578,5795095
2022-08-01,50.75714979855549,50.85382860866199,49.79034694524967,50.46710968017578,6005412
2022-08-02,50.080389524071606,50.080389524071606,48.340145040235214,48.72686767578125,9634388
2022-08-03,48.72686741163955,49.790349121535584,48.53350609491472,49.500308990478516,8850188
2022-08-04,48.82354437136183,49.98370853958049,48.72686556070203,49.30694580078125,6884914
2022-08-05,50.177067451057624,51.72395047605198,50.177067451057624,51.43391036987305,8732162
2022-08-08,51.14387305972295,51.627274492468686,50.56378912759192,51.33723068237305,5903371
2022-08-09,51.14387130737305,51.62727272355593,50.757148699202695,51.14387130737305,4987523
2022-08-10,50.56379050233461,50.66047300434854,49.887027740478516,49.887027740478516,5685010
2022-08-11,50.95051087779712,51.62727360968107,50.853828380065025,51.24055099487305,5001453
2022-08-12,51.53058984946356,52.49739267473703,51.33722854679685,52.30403137207031,5851160
2022-08-15,52.69075503850256,52.88411634506323,51.627273384509145,52.01399230957031,4954621
2022-08-16,52.11067480688073,52.20735361613098,51.627273384509145,52.01399230957031,3522915
2022-08-17,51.82063073802168,53.174156188964844,51.43391181493802,53.174156188964844,6288633
2022-08-18,52.594074318009085,52.594074318009085,51.53058901460204,51.82062911987305,6724481
2022-08-19,52.01399313175487,52.88411718100183,52.01399313175487,52.49739456176758,4496125
2022-08-22,51.82062995943358,52.400713867433716,51.62727234482696,52.30403137207031,1624000
2022-08-23,51.433912252353984,52.013992485942794,51.33722975471573,51.62727355957031,3857994
2022-08-24,51.917313777915695,51.917313777915695,50.85382843017578,50.85382843017578,5462451
2022-08-25,51.240548909331046,51.917311613670066,51.240548909331046,51.82062911987305,3022041
2022-08-26,52.49739480100324,52.49739480100324,51.627274435851284,51.72395324707031,3863654
2022-08-29,50.46710863032966,51.14387135117736,50.3704261341742,50.75714874267578,3879148
2022-08-30,50.75715062096683,51.240552055452234,50.37042799815441,50.95051193237305,3577403
2022-08-31,50.950510828343255,52.013992485942794,50.75714952112693,51.62727355957031,5737239
2022-09-01,50.95051092800315,51.240551045364874,50.563788312814054,50.85382843017578,5566113
2022-09-02,50.95051009123535,51.143871395654294,50.370426177978516,50.370426177978516,3445255
2022-09-05,50.56378967709109,50.757150989902776,49.21026786352985,49.40362548828125,5002813
2022-09-06,48.92022504030402,50.08038925259265,48.53350609491472,49.500308990478516,5850114
2022-09-07,48.82354442531735,49.79034728522462,48.34014299536371,48.920223236083984,7416548
2022-09-08,49.50030798871724,49.59698680109294,48.72686642553078,49.40362548828125,5742685
2022-09-12,50.37042805604733,50.85382949108833,50.27374924426324,50.56378936767578,4137045
2022-09-13,51.04719181272119,51.04719181272119,50.37042905266152,50.66047286987305,4684390
2022-09-14,49.500308178130055,49.500308178130055,48.63018411117808,49.01690673828125,10730352
2022-09-15,49.30694794103992,49.50030925881294,48.72686767578125,48.72686767578125,5632222
2022-09-16,48.5335017829634,48.5335017829634,47.17997637420369,47.47001647949219,15661097
2022-09-19,47.56669811547064,47.61503751747029,46.40653402717917,46.98661422729492,11133516
2022-09-20,47.47001837561126,47.47001837561126,45.97147469838023,46.06815719604492,12916828
2022-09-21,45.92313445937692,46.164835167057845,45.48807244793922,45.584754943847656,8521601
2022-09-22,45.43973352871974,45.43973352871974,44.472930687683146,45.24637222290039,7978718
2022-09-23,45.391393906771256,46.503214955799564,45.294711410294795,46.019813537597656,7417233
2022-09-26,44.85965414642293,45.00467236248076,43.98953009783507,44.134552001953125,13583026
2022-09-27,44.2312301967455,44.66629221498126,43.74782877383025,44.472930908203125,5399402
2022-09-28,44.90799207984218,45.34305408987623,43.796167352872935,43.98952865600586,9849115
2022-09-29,44.521269617215495,45.77811255954431,44.47293021329133,45.584754943847656,9292952
2022-09-30,44.762971707181805,47.32500076293945,44.47293158662024,47.32500076293945,14534138
2022-10-03,46.4065357036817,46.454875107427675,45.14969276598567,45.971473693847656,12602483
2022-10-04,47.37334178090838,48.53350599070597,46.696579017854766,48.291805267333984,16171566
2022-10-05,49.30694574713961,49.88702598658775,48.43682169990717,49.693668365478516,25055967
2022-10-06,49.790347471041926,49.790347471041926,47.953420555138614,48.533504486083984,13122792
2022-10-07,48.19512127101746,48.72686579639911,48.00176364876258,48.533504486083984,6661661
2022-10-11,47.56670124454122,48.340142791594694,46.98661731820596,48.09844207763672,14009967
2022-10-12,49.983709063402245,51.240552055452234,48.920223694698215,50.95051193237305,30385905
2022-10-13,49.983708485202584,50.950511342989635,49.30694574713961,49.693668365478516,16212021
2022-10-14,51.047187357160276,53.75423447305893,50.37042465617061,53.367515563964844,31331616
2022-10-17,51.917316625697005,54.52768520125749,51.82063412256639,54.33432388305664,17164554
2022-10-18,55.011086725847385,55.10776554104611,52.787437095672644,53.947601318359375,17365370
2022-10-19,52.88411634506323,53.46419657668506,51.723952193759395,52.01399230957031,20033863
2022-10-20,51.72395453839732,53.850921630859375,51.337231907745924,53.850921630859375,25816688
2022-10-21,53.36752018657529,54.914403333060235,53.270837684882274,53.850921630859375,18301382
2022-10-24,55.20444243452235,55.784526369702604,53.46419800510212,53.75423812866211,16108172
2022-10-25,54.044279408010624,54.43099832528395,52.01399126210029,52.30403137207031,11533914
2022-10-26,52.59407512953883,53.1741553490315,52.3040313317324,52.69075393676758,9249313
2022-10-27,52.88411607463706,53.56087880010865,52.690754769065165,53.174156188964844,8574444
2022-10-28,52.01399342582913,52.69075616928521,51.047190560337654,51.33723068237305,13212344
2022-10-31,52.207352524503655,53.07747654180275,51.433911002493396,52.69075393676758,9050812
2022-11-01,52.40071298397702,53.17415449354384,52.20735168457031,52.20735168457031,7279820
2022-11-02,51.82062889515456,53.07747549264534,51.82062889515456,52.98079299926758,5674876
2022-11-03,52.1106761425825,54.52768331639319,52.01399364279391,54.140960693359375,10116673
2022-11-04,53.75423552767194,53.75423552767194,52.40071378719766,53.077476501464844,8367865
2022-11-07,53.560881185956106,55.3978044505638,53.367519871771,55.011085510253906,13552495
2022-11-08,55.301123568061364,55.494484875010635,54.624360837769004,55.20444107055664,12414683
2022-11-09,55.591165325044386,56.26792807530916,55.3978040123887,56.17124557495117,10388423
2022-11-10,55.881204577813435,56.26792719708891,55.107763027322704,56.07456588745117,6914327
2022-11-11,57.3314064819004,57.911490386670806,56.65464377036497,57.8148078918457,19246707
2022-11-14,58.00817020248973,58.49157162084381,57.71813008908931,57.91149139404297,12997402
2022-11-15,57.52477070762378,57.71813201904297,56.75132915000728,57.71813201904297,10239611
2022-11-16,57.71812804618624,58.394890745540316,57.04136534683216,58.1048469543457,9674460
2022-11-17,56.55796807985761,57.428092140925685,55.3978038944536,56.9446907043457,16966129
2022-11-18,57.42808976328032,59.94177565420015,57.23472845904185,58.684932708740234,20633463
2022-11-21,58.878295600133214,58.878295600133214,56.17124464394209,56.46128845214844,14115487
2022-11-22,56.65464584087545,57.2347297668457,55.68784298565191,57.2347297668457,9291933
2022-11-23,57.52476778349054,58.20153049502597,57.234727675135375,57.8148078918457,8212489
2022-11-24,57.91149139404297,58.394892812397046,57.71813008908931,57.91149139404297,7471252
2022-11-25,58.29821226524028,58.58825238833894,57.42809189594431,57.71813201904297,6574344
2022-11-28,57.04136957673945,57.13804838893354,56.267928015005886,56.55796813964844,10400136
2022-11-29,55.97788731534147,55.97788731534147,54.721040641367324,55.301124572753906,17532700
2022-11-30,54.23763926477614,55.011084507416854,54.140960453476175,54.91440200805664,17540324
2022-12-01,56.55796648108441,56.94468909464068,55.107762212338656,55.591163635253906,13811305
2022-12-02,55.011085639415775,55.30112576734427,54.044282754280594,54.237640380859375,17119135
2022-12-05,54.14096256485579,55.01108665272942,54.14096256485579,54.33432388305664,7565330
2022-12-06,53.75423754218856,53.85092004102724,52.30403325215045,52.49739456176758,15038874
2022-12-07,52.40071598978422,52.69075611150153,51.72395324707031,51.72395324707031,8639047
2022-12-08,51.72395028008355,52.690753089057075,51.24054887559679,52.20735168457031,8638108
2022-12-09,52.69075414716903,52.98079425807354,51.82063012639541,51.91731262207031,8446615
2022-12-12,51.72395008983682,53.27083310328083,51.53058879114131,52.98079299926758,7237040
2022-12-13,53.27083310328083,53.5608768953541,52.78743170057207,52.98079299926758,7492003
2022-12-14,53.27083582401974,53.94759855998878,53.17415701376425,53.65755844116211,7286990
2022-12-15,53.464197080708736,54.237638626182715,53.27083577232519,54.044281005859375,4797368
2022-12-16,53.27083415626025,53.27083415626025,52.49739263424999,52.69075393676758,8717305
2022-12-19,52.400714036264525,52.78743295478383,51.91731262207031,51.91731262207031,6214264
2022-12-20,52.01399477043518,52.110677272319805,50.27375030517578,50.27375030517578,10424774
2022-12-21,50.370428302643475,50.85382974005103,49.790348052978516,49.790348052978516,7970799
2022-12-22,50.46710884664744,50.75714896023676,49.79034612289892,49.983707427978516,6429126
2022-12-23,48.82354431824608,49.79034717603313,48.43682169990717,49.693668365478516,5217138
2022-12-26,49.983709365553594,50.080388177810995,49.500307928146036,49.790348052978516,1864159
2022-12-27,49.88702680513246,50.56378955429974,49.88702680513246,50.17707061767578,2730070
2022-12-28,49.887024977136434,50.177068779051766,49.5003060546829,49.59698486328125,3262228
2022-12-29,49.113584261171745,50.27374842395191,48.823544142491755,50.080387115478516,4282502
2022-12-30,50.46711188604231,50.56379070037455,49.500308990478516,49.500308990478516,2392918
2023-01-03,49.30694529695331,51.43391230227706,49.30694529695331,51.24055099487305,7481451
2023-01-04,51.433911042160254,52.49739267473703,51.33722854679685,52.30403137207031,9028332
2023-01-05,54.14095813241321,54.23763693956848,52.59407508956829,53.077476501464844,17480593
2023-01-06,52.110674540409605,53.464196303292624,51.91731323483771,53.174156188964844,9937043
2023-01-09,53.7542369729544,54.81772232055664,53.56087935344508,54.81772232055664,12651259
2023-01-10,54.914403073142225,55.59116582954879,54.334322817971064,54.62436294555664,9998608
2023-01-11,54.91440388050059,55.301126515007226,53.94760098229438,55.107765197753906,10009483
2023-01-12,55.107765467799645,55.20444428286987,54.33432388305664,54.33432388305664,4137134
2023-01-13,54.81772343963842,54.91440225136674,53.85092057011414,54.140960693359375,5275436
2023-01-16,54.91440090556052,55.591163635253906,54.334320673286285,55.591163635253906,9153476
2023-01-17,54.914402759109976,55.881205637573395,54.914402759109976,55.78452682495117,6146727
2023-01-30,58.491571448426654,59.16833416973948,57.04136719763922,58.29821014404297,23903595
2023-01-31,58.008169656089194,58.201530959221515,55.687841394621586,55.881202697753906,14448867
2023-02-01,56.26792526245117,56.557965372905336,55.39780124302859,56.26792526245117,7590377
2023-02-02,57.13804617422833,58.10484901093649,56.654644755874244,57.91149139404297,12762698
2023-02-03,58.00817020248973,58.20153150744339,57.428089975688884,57.91149139404297,7308239
2023-02-06,57.42809226318301,57.42809226318301,56.17124557495117,56.17124557495117,6828593
2023-02-07,56.0745639594617,56.75132667589481,55.881202656472226,56.26792526245117,3568877
2023-02-08,56.46128845214844,57.23473000189152,56.36460595339291,56.46128845214844,6552802
2023-02-09,56.07456588745117,56.46128850672665,55.59116445738694,56.07456588745117,7297394
2023-02-10,55.78452471998591,57.041367676950756,55.59116341397743,56.36460494995117,5624148
2023-02-13,56.0745659424084,56.0745659424084,55.204441892215904,55.687843322753906,5456137
2023-02-14,55.977887022551485,56.84800738298987,55.88120452379596,56.46128845214844,5169621
2023-02-15,56.36460682719998,57.04136957673945,56.074566702557426,56.55796813964844,4624508
2023-02-16,56.557967838588084,58.008172142141625,56.557967838588084,57.71813201904297,8701734
2023-02-17,57.33140939620459,58.10485095382109,57.234730584525124,57.71813201904297,5956210
2023-02-20,57.7181309637473,58.4915725072225,57.7181309637473,58.00817108154297,3534813
2023-02-21,58.49157245606751,58.49157245606751,57.911492220983476,58.394893646240234,3858926
2023-02-22,57.52476904997728,57.52476904997728,56.55796620880119,56.75132751464844,7270630
2023-02-23,57.138046219134445,57.62144763786845,56.65464480040045,57.5247688293457,5587094
2023-02-24,58.104850362329906,58.104850362329906,56.46128845214844,56.46128845214844,7950040
2023-03-01,55.97788820081643,56.267928327067544,55.30112544752363,55.397804260253906,6538567
2023-03-02,56.0745670135467,56.17124582627697,54.72104150696111,55.397804260253906,8192545
2023-03-03,55.8812037026164,56.171243818500365,55.20444097351371,55.97788619995117,5727212
2023-03-06,56.17124576350036,56.461289577487626,55.68784432426865,55.78452682495117,6733729
2023-03-07,56.074566702557426,56.84800826429099,55.784526577914875,56.55796813964844,4302028
2023-03-08,56.94468733302812,58.974971771240234,56.65464353780348,58.974971771240234,17958738
2023-03-09,59.265013246384314,59.361695743044216,57.04136745604868,57.13804626464844,13542596
2023-03-10,56.84800632354199,57.041367629389235,55.9778859793196,56.75132751464844,6692443
2023-03-13,56.36460682719998,57.13804838893354,56.074566702557426,56.55796813964844,6155002
2023-03-14,56.07456588745117,56.8480074379419,55.6878432681757,56.07456588745117,6420352
2023-03-15,56.46128850672665,56.94468993679089,56.07456588745117,56.07456588745117,4682607
2023-03-16,56.074566950878136,56.26792826418288,55.59116551164643,55.78452682495117,3847337
2023-03-17,56.557967895944834,58.008172200969064,56.461289084167326,57.3314094543457,12497955
2023-03-20,57.621448696098994,57.81481000475574,56.8480071495322,57.2347297668457,3407786
2023-03-21,57.428089222116654,57.621446836472934,56.26792509567852,56.65464401245117,5865192
2023-03-22,57.13804626464844,57.81480898902715,57.04136745604868,57.13804626464844,5370898
2023-03-23,57.138045180310264,58.58824941014616,56.94468756678021,57.8148078918457,7652107
2023-03-24,59.45837544516101,62.55214162356676,59.168335326943,61.1986198425293,27132732
2023-03-27,61.1019401550293,61.58534157447089,60.32849862153478,61.1019401550293,11552839
2023-03-28,60.90857995605469,61.10194126495579,60.42517852783203,60.42517852783203,10552510
2023-03-29,60.42517599512319,60.618537295919594,58.78161047044383,58.974971771240234,12280371
2023-03-30,62.84218729124383,63.1322311061132,61.48866178205446,61.77870559692383,28820964
2023-03-31,62.84218465475212,64.7757903364368,62.35878323433094,64.29238891601562,39538044
2023-04-06,62.74551244414466,64.38907449596378,61.97206713968796,64.19571685791016,24024441
2023-04-07,66.41935642729558,66.51604261840727,65.25919589516322,66.32267761230469,25773374
2023-04-10,65.7425949688087,66.03263877941342,64.09903304503669,64.48574829101562,22882864
2023-04-11,65.74259361390563,66.70939646116895,65.54923599490111,65.93595123291016,26671688
2023-04-12,65.93595200189571,67.57952128708388,64.96914914335694,66.80607604980469,34836210
2023-04-13,66.41935390854702,66.51604009599218,65.1625146090855,65.25919342041016,17324502
2023-04-14,65.74259573451377,65.93595335975527,64.96915048130654,65.35587310791016,9321285
2023-04-17,64.67911022955035,66.03263565479017,64.67911022955035,65.74259185791016,10751187
2023-04-18,65.35587047157289,65.6459142738559,64.77579024312715,65.06583404541016,6658043
2023-04-19,65.0658388064163,65.4525540695967,64.67911616711505,64.77579498291016,8274239
2023-04-20,64.1957122878583,64.1957122878583,62.84218678947624,63.32558822631836,10441869
2023-04-21,63.325590444165606,64.00234952899844,62.06874371390941,62.358787536621094,9469779
2023-04-24,62.45546346509193,63.422266327945124,61.682021912421426,62.06874084472656,7818150
2023-04-25,62.55214354065504,63.712311425204135,61.00526040404353,61.39198303222656,9737583
2023-04-26,61.101940805800496,62.0687399669205,60.23181676631424,61.97206115722656,7189546
2023-04-27,62.842187656825644,63.42226791381837,62.358786213311596,63.42226791381836,8309956
2023-04-28,64.19571456589175,65.74259774345477,64.00234955862086,65.54924011230469,16789807
2023-05-02,65.54923734581924,65.54923734581924,64.29239066802616,64.48574829101562,6876180
2023-05-03,64.09903675753566,65.25919731490787,64.00235056432054,64.87247467041016,7984544
2023-05-04,64.29238762575037,65.74259185791016,64.09903001191046,65.74259185791016,7720651
2023-05-05,64.9691497246098,65.45255115820399,64.3890694795209,64.48574829101562,9281287
2023-05-08,64.48575000953295,64.7757938278672,62.26210778141292,62.64883041381836,9224604
2023-05-09,63.03554453469332,63.422267160133025,62.06874165915434,62.55214309692383,5796710
2023-05-10,62.35878465403071,62.35878465403071,61.488660602238745,62.06874084472656,4938427
2023-05-11,62.06874019718334,62.35878400346155,61.10194103247669,61.1986198425293,4712840
2023-05-12,60.90858053977011,61.68202209472656,60.52185791826175,61.68202209472656,4662603
2023-05-15,61.19862165524539,62.64882966541133,61.101942842329144,61.77870559692383,5724659
2023-05-16,62.938868684642344,63.51894896204366,62.455467224121094,62.455467224121094,5491224
2023-05-17,65.45254806103013,66.41935088246998,64.19570881883041,65.74259185791016,25569104
2023-05-18,66.3226766072768,67.8695597520527,66.3226766072768,66.99944305419922,18574858
2023-05-19,67.57952117919922,67.67619998967467,66.12931689370619,67.57952117919922,12638648
2023-05-22,69.6098075052565,70.47993157429633,67.09612148723525,67.77288055419922,21290251
2023-05-23,67.67619998967467,67.86955761062556,66.3226745146571,67.57952117919922,11479629
2023-05-24,67.38615618212789,68.83636046762092,66.61271832220386,67.57952117919922,15070368
2023-05-25,67.57952147250954,69.99652862548828,67.2894776637039,69.99652862548828,33510122
2023-05-26,70.47992535530265,70.8666479492102,68.25627597242419,69.51312255859375,20984704
2023-05-29,69.7064811208619,69.8998461085203,68.25627690596413,68.83635711669922,13717774
2023-05-30,69.31975757357999,69.51312255859375,68.1595971679773,69.51312255859375,8859616
2023-05-31,68.93304199675497,71.06000518798828,68.93304199675497,71.06000518798828,21054299
2023-06-01,70.18988457645858,70.28656338505226,68.7396803191924,69.02972412109375,13233842
2023-06-02,69.6098030496437,70.96332847305526,69.31975925315547,70.47992706298828,12722215
2023-06-05,70.47992714100512,70.5766059479015,69.51312431980098,69.70648193359375,6975257
2023-06-06,70.09320743638334,70.1898862472784,69.31976219698196,69.99652862548828,4625613
2023-06-07,70.0932027613951,70.0932027613951,68.83635617522555,69.51312255859375,7161086
2023-06-08,69.31976458341177,69.31976458341177,67.6762026132525,67.86956024169922,8493974
2023-06-09,68.54632182802948,69.02972324095477,68.15959922246522,68.93304443359375,6035250
2023-06-12,69.31975925315547,70.86664966626589,69.12640163957674,70.47992706298828,10024075
2023-06-13,71.25336734464824,72.99361543120459,70.86665210418718,72.31685638427734,16312486
2023-06-14,73.86374464856785,74.34714610912637,72.31686145000472,73.67037963867188,18330112
2023-06-15,73.86373644161922,73.86373644161922,72.02680962037229,72.80025482177734,11668208
2023-06-16,72.70357518699198,76.18407153063839,72.12349492175782,75.89402770996094,19445388
2023-06-19,75.4106216430664,76.18406686677675,74.63717641935605,75.4106216430664,9514064
2023-06-20,75.41062376410464,75.99070401014289,74.44382089533407,74.8305435180664,9195803
2023-06-21,74.05709503283474,74.3471388312256,71.2533653608304,72.12348937988281,19655065
2023-06-26,71.06000816658752,71.15668697458332,69.80316153428141,70.57660675048828,20500324
2023-06-27,70.57660935497351,70.57660935497351,68.25628099684617,68.44964599609375,19315754
2023-06-28,70.07478384234065,70.57318199881547,68.97830181413417,69.27734375,9806145
2023-06-29,71.76933274918798,72.96548525302691,71.37061271292428,71.96868896484375,14797451
2023-06-30,71.27093552105853,71.27093552105853,69.67606296045885,70.57318115234375,16782369
2023-07-03,70.27413966058663,70.3738177703204,69.77574150696545,69.87541961669922,6046998
2023-07-04,69.87541943138554,70.47349569315436,69.47669938855556,70.1744613647461,8446884
2023-07-05,70.3738177703204,70.57318159474025,69.37702146307804,69.87541961669922,8236329
2023-07-06,69.57638528749789,70.27413966058663,69.0779871338767,69.87541961669922,6255104
2023-07-07,69.37702212074817,69.37702212074817,67.782149535032,68.87862396240234,9573269
2023-07-10,68.97830167364187,71.17125812063594,68.87862356354039,69.47669982910156,8364792
2023-07-11,70.67285984684811,70.97189417665187,69.47669971277618,69.67606353759766,9979775
2023-07-12,70.3738177703204,70.3738177703204,68.2805470461019,69.87541961669922,9466419
2023-07-13,70.17446104188815,71.76933360091812,70.17446104188815,70.67285919189453,10925303
2023-07-14,70.77253677485369,71.66965495918734,70.47349484509174,71.47029113769531,5832587
2023-07-17,71.47029113769531,72.16805310548912,70.2741386285519,71.47029113769531,5462692
2023-07-18,71.47029259650827,71.56997831176511,69.27734375,69.27734375,7311455
2023-07-19,69.97509754085496,71.27093577881432,69.67606321244669,70.1744613647461,12337719
2023-07-20,69.97509761067415,70.67285958756088,69.2773432387397,70.07478332519531,4639613
2023-07-21,69.37702146307804,69.97509772643299,68.87862330945686,69.87541961669922,11819161
2023-07-24,69.8754201599203,69.97509827042899,68.87862384492871,69.07798767089844,5412669
2023-07-25,69.27734461260685,69.67606466374184,67.88182823611061,67.98150634765625,8343305
2023-07-26,68.0811928205023,68.1808709331553,65.98791443002645,66.8850326538086,12438082
2023-07-27,67.58279187626606,72.3674095316512,67.58279187626606,71.17125701904297,15176680
2023-07-28,72.66644934235975,75.25811811403823,72.56677123670904,74.56036376953125,22000007
2023-07-31,75.0587634965197,75.45747592758873,71.96868892106966,72.06837463378906,11632275
2023-08-01,72.26773167999697,72.8658079384272,70.47349529975409,70.77253723144531,9054801
2023-08-02,70.27414032676113,70.37381843743981,68.77894585172365,68.87862396240234,9403893
2023-08-04,68.97830155815095,70.17446169222289,68.08119096378738,69.67606353759766,6779847
2023-08-07,69.07798720335788,70.17446162143689,68.97830148857153,69.77574157714844,2882410
2023-08-08,69.27734441826814,69.27734441826814,67.88182804568665,68.28054809570312,6442048
2023-08-09,68.18086972392263,68.77894599418593,67.98150589719992,68.67926788330078,3501985
2023-08-10,68.0811928205023,68.0811928205023,66.78535454115558,66.8850326538086,6902419
2023-08-11,67.78215034086763,68.38022661700244,66.9847102360529,67.6824722290039,5116288
2023-08-14,67.78215246022106,67.78215246022106,63.79496702138452,64.69208526611328,11204102
2023-08-15,65.6888818317313,65.98791617760978,64.09400917218792,64.3930435180664,5530793
2023-08-16,63.89464214706428,64.09400597265052,62.99752774678322,63.49592590332031,8688421
2023-08-17,63.29656835408486,65.98791546259245,62.20009388783927,65.38983917236328,12823651
2023-08-18,65.09080553502163,65.58920371643848,64.29336540277357,64.3930435180664,8146849
2023-08-21,64.09400617556815,64.49271861809825,62.997527946229475,63.1968879699707,5206044
2023-08-22,63.695286056556185,63.99432038811794,63.097205986004134,63.296566009521484,3288676
2023-08-23,63.695286056556185,63.695286056556185,62.59880782844885,63.296566009521484,6706916
2023-08-24,64.094008698248,65.58920323144241,63.89464486418381,65.09080505371094,5932383
2023-08-25,65.19048337007408,65.68888154934841,64.5924070759354,64.79176330566406,4476642
2023-08-28,65.68888111995419,65.78855923416694,64.39304282033045,65.38983917236328,3249151
2023-08-29,65.58920258477053,66.28695698473406,64.59240623913543,65.9879150390625,4034623
2023-08-30,67.08439675444457,67.28375298055407,66.08760041399191,66.48631286621094,5438665
2023-08-31,66.68567677110808,68.4799056229379,66.28695671349504,66.38663482666016,9640167
2023-09-01,66.88503191074936,69.47670083569813,66.78535379920372,67.98150634765625,12858265
2023-09-04,66.98471042741063,68.38022681234679,66.88503231526215,67.38343048095703,6652162
2023-09-05,67.38343014489625,68.57959029956984,66.88503198168702,67.88182830810547,5055685
2023-09-06,67.98150649206946,68.28054843229405,67.38343021657269,67.78215026855469,3281860
2023-09-07,67.18407452340034,68.97830336405403,66.98471069335938,66.98471069335938,7365927
2023-09-08,66.88503258081514,67.48310886103303,65.78855813292358,66.98471069335938,4340497
2023-09-11,66.48631356281048,66.58599928186223,65.38983909781494,65.48951721191406,5321930
2023-09-12,65.68888030841937,66.9847109870815,65.68888030841937,66.58599853515625,4275918
2023-09-13,66.68567557073213,68.57959010658821,66.68567557073213,68.18087005615234,9509751
2023-09-14,69.07798720335788,69.77574157714844,68.57958904923538,69.77574157714844,11961838
2023-09-15,70.27413820774356,73.26452706764755,69.47669813645498,72.16805267333984,28612637
2023-09-18,72.16805274155632,73.96228149622341,70.97189263349279,72.06837463378906,11424906
2023-09-19,72.36740932202896,73.06517128982277,71.27093492115547,71.47029113769531,8375601
2023-09-20,71.17125745751216,71.17125745751216,69.77574111423696,70.47349548339844,7633790
2023-09-21,69.77573982591986,72.5667724609375,69.67606171858753,72.5667724609375,12756121
2023-09-22,72.66645106780439,72.66645106780439,71.37061284871984,71.76933288574219,7446461
2023-09-25,72.56677321339185,72.56677321339185,70.97189305972876,71.37061309814453,5405084
2023-09-26,70.87221580669865,71.07157963078869,70.07478332519531,70.07478332519531,5053957
2023-09-27,68.97830162792972,70.17446176321171,68.57958918778805,69.57638549804688,7202689
2023-09-28,67.5827957098071,67.7821519382326,65.38983917236328,65.38983917236328,26694329
2023-10-02,67.08439614451159,67.78215053450343,66.78535420311367,67.38343048095703,8990139
2023-10-03,67.68247208480275,70.27414101250022,67.48310825654761,67.88182830810547,13584119
2023-10-04,67.48310852050781,68.77894679190143,66.88503224330786,67.48310852050781,5911170
2023-10-05,67.98150550118453,69.77574190647482,67.98150550118453,69.27734375,7886061
2023-10-06,69.97509831761691,69.97509831761691,68.6792676702254,68.97830200195312,6272793
2023-10-11,69.47669918176648,70.97189363421441,68.67926670343226,70.47349548339844,13546350
2023-10-12,69.17766467398066,70.9718934492713,67.08439396699877,70.77253723144531,20167290
2023-10-13,69.67606296045885,71.47029173927639,69.37702102817981,70.57318115234375,12134439
2023-10-16,70.57318126734263,70.57318126734263,69.37702114122955,70.37381744384766,6034635
2023-10-17,70.27413915089899,71.27093545091174,69.97509721891426,70.67285919189453,11657348
2023-10-18,70.9718939624926,71.2709358963463,69.3770213934949,69.97509765625,11373478
2023-10-19,69.6760631431231,70.67285944673014,69.6760631431231,70.27413940429688,8211776
2023-10-20,69.6760632819675,70.573181477992,69.47669945787746,70.07478332519531,7695565
2023-10-23,70.274139991281,70.4734962116867,69.27734367934795,69.37702178955078,6420376
2023-10-24,69.07798868386622,69.17766679583661,67.18407413661915,67.58279418945312,9622281
2023-10-25,67.6824721567973,68.47990465580882,67.6824721567973,67.78215026855469,4768827
2023-10-26,67.08439717858921,67.18407529227419,65.88823699951172,65.88823699951172,10419918
2023-10-27,66.18727988296904,66.18727988296904,64.29336527631946,64.5924072265625,11646236
2023-10-30,64.29336520123908,65.19048344596784,63.89464513636489,64.69208526611328,6493385
2023-10-31,64.89144162327294,66.08760182024021,64.49272155761719,64.49272155761719,5029421
2023-11-01,65.19048372711336,65.19048372711336,63.79496729651163,64.29336547851562,3435596
2023-11-02,65.29016105815053,65.8882373483797,64.89144099634686,65.38983917236328,8308459
2023-11-03,65.68888077214177,66.18727894551924,65.29016071244926,65.88823699951172,6546412
2023-11-06,65.09080497882064,65.68888127041976,63.79496667622868,65.19048309326172,16191575
2023-11-07,64.79176268531526,66.48631343664246,64.59240645749534,65.68888092041016,8640999
2023-11-08,65.68888127041976,65.78855938486083,65.09080497882064,65.19048309326172,4154364
2023-11-09,64.99111981477608,64.99111981477608,64.09400917218792,64.3930435180664,5551148
2023-11-10,64.09400597265052,65.09080228572469,63.39624399052719,63.49592590332031,6310029
2023-11-13,63.994320316478614,63.994320316478614,62.399447735077565,63.396244049072266,12000939
2023-11-14,64.09400813832437,66.28695705920421,63.894644306001815,65.88823699951172,11851619
2023-11-15,66.78535420311367,69.0779888072911,66.68567609096519,67.38343048095703,20214342
2023-11-16,67.58279457852977,68.2805489712919,66.4863125256857,66.98471069335938,7531024
2023-11-17,67.18407440185547,67.68247256862746,66.58599812271957,67.18407440185547,6905321
2023-11-20,67.68247085082444,71.07157981984783,67.48310702620407,69.77574157714844,19101430
2023-11-21,70.67285937661399,70.8722155951567,69.17766492268683,70.37381744384766,18807886
2023-11-22,69.77574111423696,70.57318119752343,69.17766485424823,70.47349548339844,17398014
2023-11-23,70.3738173742257,70.97189363421441,69.97509733258245,70.47349548339844,16251970
2023-11-24,70.67285926145269,70.67285926145269,68.47990283629491,70.57318115234375,24242992
2023-11-27,70.47349588005417,70.47349588005417,68.77894519972308,69.87541961669922,22751693
2023-11-28,70.17445942915369,73.2645263671875,69.67606129060138,73.2645263671875,49657350
2023-11-29,73.5635678489602,74.36100030286681,72.36740776067225,73.9622802734375,42155734
2023-11-30,74.36099982178304,74.75971984863281,73.3642035571346,74.75971984863281,39495724
2023-12-01,74.16164440195756,74.26132250849534,73.26452623321352,73.46388244628906,20444550
2023-12-04,73.56356798173746,74.95907667983084,73.36420416418696,73.76292419433594,15799898
2023-12-05,73.26452654497852,73.5635684708164,71.86901023265517,72.96548461914062,10496588
2023-12-06,73.66324735788415,73.76292546590169,71.66965477772465,71.76933288574219,11674618
2023-12-07,71.2709355666849,71.96868993584637,70.1744611558802,70.47349548339844,12119144
2023-12-08,71.47029088865048,72.0683747460903,70.67285842031767,71.86901092529297,9733340
2023-12-11,72.26773089327956,72.76612903737114,71.6696546413601,71.96868896484375,6692121
2023-12-12,73.76292514143319,74.56036521197008,72.06837449773246,72.26773071289062,13372186
2023-12-13,72.66644998903485,73.46388244628906,72.06837374485616,73.46388244628906,8890561
2023-12-14,74.46067931510791,76.65363570117952,72.36740864132075,72.5667724609375,24872354
2023-12-15,73.06516954097147,75.95587263636966,72.96548383013538,74.26132202148438,41219505
2023-12-18,74.26132271246797,74.56036463785472,72.96548450906153,73.16484832763672,11914104
2023-12-19,73.76292475298139,73.86260286003554,72.06837411820455,72.86580657958984,10408310
2023-12-20,72.86580742325229,73.16484935282924,71.37061298527193,71.56997680664062,11929154
2023-12-21,70.87221266990576,75.55715966181099,70.87221266990576,75.15843963623047,22436719
2023-12-22,76.65364145076794,79.54435240994255,75.15844691377619,75.65684509277344,37198786
2023-12-25,76.25491400286295,76.35459210802009,74.85939771580709,75.15843963623047,5759316
2023-12-26,75.05876736763645,77.75011444091797,75.05876736763645,77.75011444091797,14671841
2023-12-27,77.65043518077002,79.6440278292881,77.1520370186405,79.44466400146484,26607436
2023-12-28,79.44466497608555,80.04274886194017,77.2517160777937,78.04915618896484,23314280
2023-12-29,78.44786883622724,78.7469107799041,77.1520381585168,77.75011444091797,10696539
2024-01-02,77.75011548808978,78.34819177854608,75.95587901176818,76.25492095947266,8516975
2024-01-03,75.15844106659578,75.25811917364993,72.56677225842739,72.86580657958984,20350422
2024-01-04,73.2645258182705,74.36100019388006,72.6664495774791,74.1616439819336,9986172
2024-01-05,74.75972002265736,75.55716007821316,73.86260186139508,74.46067810058594,8887110
2024-01-08,75.15844106659578,75.15844106659578,72.7661284725357,72.86580657958984,7783521
2024-01-09,73.76292507209305,74.16164510698668,72.3674087524414,72.3674087524414,7764884
2024-01-10,72.1680532446574,72.66645139192029,70.77253691133086,71.27093505859375,10367448
2024-01-11,71.66965649537208,71.86901271618497,67.78214934990194,69.17766571044922,30183220
2024-01-12,69.676064274532,69.676064274532,68.2805479058311,68.57958984375,11399235
2024-01-15,69.27734246954218,71.47029127551802,68.87862243074142,71.27093505859375,14788293
2024-01-16,70.2741401348248,70.2741401348248,68.97830188468399,69.17766571044922,12017903
2024-01-17,69.27734490780699,69.97509929655212,67.58279418945312,67.58279418945312,15813497
2024-01-18,68.2805482872456,69.07798838951557,67.58279390147369,67.98150634765625,10054453
2024-01-19,68.77894573442002,69.67606393890293,68.38022568743291,69.07798767089844,6922614
2024-01-22,69.8754201599203,70.3738183174161,68.28054757692422,69.07798767089844,13482739
2024-01-23,69.07798674507549,72.06837564997137,69.07798674507549,70.47349548339844,22145289
2024-01-24,71.17125688141275,72.26773128334197,70.57318062626517,71.37061309814453,16518410
2024-01-25,71.56997731265376,71.76933353047976,70.57318101361932,70.77253723144531,6853033
2024-01-26,70.77253723144531,71.27093538096253,70.3738171908411,70.77253723144531,5744323
2024-01-29,70.67285926145269,71.27093552105853,69.67606296045885,70.57318115234375,5719763
2024-01-30,70.57318214338584,70.67286025389453,68.87862384492871,69.07798767089844,9508709
2024-01-31,68.77894611292882,69.57638621129156,68.2805479526902,68.47990417480469,6050399
2024-02-01,69.1776658280573,69.1776658280573,68.0811914018176,68.97830200195312,4540356
2024-02-02,69.17766691943959,69.27734503158807,67.28375236880855,67.38343048095703,12419094
2024-02-05,66.984710022295,68.08119206415432,66.58599757611245,67.98150634765625,8667611
2024-02-15,69.177668510526,69.177668510526,63.89464479066976,65.19048309326172,41051841
2024-02-16,65.19048274590773,65.88823714823008,64.09400828299292,65.68888092041016,24367841
2024-02-19,65.58920231638663,66.68567677110808,64.49272025671264,66.38663482666016,16982646
2024-02-20,66.2869559189808,67.98150663733465,65.98791397811718,67.58279418945312,14625020
2024-02-21,67.48310881219305,68.28054892187477,66.9847106448801,67.08439636230469,14377189
2024-02-22,67.48310825654761,68.08119213636063,66.58599764673296,67.88182830810547,14818139
2024-02-23,68.47990485082522,68.97830301598393,67.38343040846657,67.48310852050781,24116294
2024-02-26,67.18407406473283,67.88182845273136,66.78535401232546,67.6824722290039,11552106
2024-02-27,68.77894779722244,68.87862591072066,66.08760070800781,66.08760070800781,19484963
2024-02-29,66.58599819499173,67.68247264208973,66.18727814015087,67.08439636230469,14176121
2024-03-01,66.9847113344443,67.0843970528951,65.48951681711338,66.08760070800781,13407421
2024-03-04,66.58599873188939,67.18407501649686,65.78855861577773,66.28695678710938,15017940
2024-03-05,66.38663539799575,66.78535545904025,65.48951716188378,65.58920288085938,9246641
2024-03-06,65.88823770260663,66.18727965180524,64.7917632304662,64.89144134521484,15561760
2024-03-07,65.48951721191406,66.9847117382587,65.19048286961672,65.48951721191406,16168642
2024-03-08,65.58920343448408,65.9879158939414,64.29336512638972,64.79176330566406,15457923
2024-03-11,64.59240653072445,66.78535545904025,64.59240653072445,65.58920288085938,17331439
2024-03-12,65.98791538736228,66.08760110641401,65.0908047555176,65.48951721191406,11159017
2024-03-13,65.58920071109844,65.88823504327497,62.89784609179545,63.097206115722656,25543087
2024-03-14,63.79496396575932,64.69208216751828,62.997527676682566,63.595603942871094,12403093
2024-03-15,63.69528579711914,63.994320127462906,63.39624386182305,63.69528579711914,8904794
2024-03-18,63.695286805930635,63.695286805930635,61.90105037564149,62.20009231567383,17603295
2024-03-19,62.10041046142578,62.69849053959133,61.90105043537059,62.10041046142578,10053709
2024-03-20,62.399449150197725,62.59880917801307,61.20329658825819,61.302974700927734,10443275
2024-03-21,65.78855787172392,67.38343048095703,63.396245155398006,67.38343048095703,72869263
2024-03-22,70.6728600370447,71.27093630321407,68.77894552338141,69.37702178955078,81225403
2024-03-25,69.47670064080017,69.47670064080017,66.78535361185561,68.28054809570312,16638887
2024-03-26,69.47670090938449,70.27414101250022,67.2837520332449,67.88182830810547,25661723
2024-03-27,67.78215034086763,68.57959044568236,67.38343028846027,67.6824722290039,12668280
2024-03-28,67.78215053450343,68.97830309019014,67.38343048095703,67.38343048095703,16252572
2024-03-29,67.38343048095703,67.88182864665191,67.18407425666007,67.38343048095703,5170000
2024-04-01,68.18086939648008,69.57638575702735,67.98150557071483,69.17766571044922,19365250
2024-04-02,70.4734965481185,71.0715804220954,68.77894585172365,68.87862396240234,21167934
2024-04-03,68.38022639879124,68.47990451033688,67.38343007342999,67.98150634765625,12267274
2024-04-08,68.57959029956984,69.37702279773313,67.5827939731514,67.88182830810547,13663066
2024-04-09,68.18087005615234,68.77894632932994,67.58279378297475,68.18087005615234,9307026
2024-04-10,68.47990319688608,71.1712577867125,68.18086886798469,69.97509765625,33905042
2024-04-11,69.2773430319582,71.07157941865168,68.38022483861144,70.37381744384766,27087441
2024-04-12,70.97189294748674,72.06837495263407,70.37381669328504,71.56997680664062,32139818
2024-04-15,69.97509779681651,70.67285977555937,69.07798720335788,69.77574157714844,13896058
2024-04-16,68.87862648324372,69.07799031684985,64.39304289396652,65.2901611328125,26204527
2024-04-17,65.78856002452761,65.98791625534813,64.29336547851562,64.29336547851562,16953561
2024-04-18,63.59560741375392,65.19048388142781,63.396247379985134,64.09400939941406,9264692
2024-04-19,63.39624513684248,63.894643302391486,60.70489808485887,61.80137252807617,18318100
2024-04-22,61.701694966062895,62.29977124906339,60.40585668210136,61.003936767578125,15967522
2024-04-23,61.80137199111953,62.99752833853967,61.20329571864757,62.59880828857422,12660470
2024-04-24,63.79496660305343,65.78855930939885,63.79496660305343,65.2901611328125,16402372
2024-04-25,65.38983917236328,66.48631363860888,64.2933647061177,65.38983917236328,12756616
2024-04-26,65.78855915916404,65.98791538736228,64.99111903646585,65.48951721191406,11592034
2024-04-29,66.28695610894097,67.48310866591831,66.28695610894097,67.28375244140625,11834967
2024-04-30,66.7853552325817,67.18407529227419,65.78855888582675,65.88823699951172,9387259
2024-05-02,65.888236655882,66.58599865794295,65.48951659826896,66.38663482666016,8356185
2024-05-03,66.78535545904025,67.58279558112923,65.38983904786082,65.58920288085938,11255898
2024-05-06,66.58599846183547,68.47990542125254,66.0876002925252,66.68567657470703,22791859
2024-05-07,68.57959121459264,69.07798938445173,66.38663470424109,66.58599853515625,20835790
2024-05-08,66.68567677110808,66.98471111060344,66.08760048716479,66.38663482666016,7661320
2024-05-09,65.98791267657452,66.08759839153117,63.79496383666992,63.79496383666992,20046385
2024-05-10,63.994323602956015,64.59240750602977,63.19689107377891,64.19368743896484,11733951
2024-05-13,64.2933655544929,64.59240750602977,63.79496737189992,64.19368743896484,7529477
2024-05-14,64.29336527631946,65.19048352209586,63.99432332607643,64.5924072265625,5735547
2024-05-15,65.09080553502163,65.29016176560728,64.29336540277357,64.3930435180664,6438494
2024-05-16,64.79176014661789,65.0908020815832,63.29656568169594,63.79496383666992,16891687
2024-05-17,63.49592649975837,63.794964635994354,62.10041012735552,62.59880828857422,24678981
2024-05-20,62.89784609179545,63.49592616357707,62.39944793321553,63.097206115722656,10941750
2024-05-21,63.495926033038835,63.99432038811794,63.097205986004134,63.296566009521484,10696024
2024-05-22,63.79496722135673,64.49272163335922,63.595607188294714,64.3930435180664,9527961
2024-05-23,64.69208189417007,64.89143811373978,63.794963696201776,63.994319915771484,8099395
2024-05-24,63.79496737189992,65.09080568862274,63.59560733836746,64.19368743896484,8271465
2024-05-27,64.39304339141624,65.68888170253244,63.6952889807861,64.5924072265625,9312178
2024-05-28,65.09080421789444,66.58599873188939,64.79176227311443,66.28695678710938,15323941
2024-05-29,66.38663524769734,66.68567719404183,65.58920273236635,65.78855895996094,8270620
2024-05-30,66.08760176787226,66.2869579980658,64.5924072265625,64.5924072265625,18378293
2024-05-31,64.99111989134013,65.68888190911737,64.29336547851562,64.29336547851562,11864900
2024-06-03,64.79176000395493,65.2901581578315,63.89464180598663,63.994319915771484,4798151
2024-06-04,63.79496437030546,63.99432059198171,62.798168052019435,62.997528076171875,7380109
2024-06-05,62.997528206939315,63.49592636711688,62.598808157806786,62.79816818237305,4401744
2024-06-06,63.69528612808569,64.19368428620068,63.097206056862,63.1968879699707,4748504
2024-06-07,63.19689080034952,64.5924072265625,63.19689080034952,64.5924072265625,5059660
2024-06-11,64.59240758259783,64.69208569824404,63.695289331876495,64.09400939941406,7669839
2024-06-12,64.3930435180664,64.49272163335922,63.49592907300189,64.3930435180664,5551826
2024-06-13,64.89144072588005,66.68567719404183,64.69208449828544,65.78855895996094,14341372
2024-06-14,66.28695698473406,66.48631321188005,65.48951686624494,65.9879150390625,9182309
2024-06-17,65.98791390751074,68.08119228141126,65.88823579564702,67.6824722290039,21703384
2024-06-18,68.28054587046304,71.76933288574219,68.1808677624455,71.76933288574219,57543205
2024-06-19,73.16485006077608,73.5635701024193,70.27413926505294,70.47349548339844,37017052
2024-06-20,70.8722142588649,75.15844132128707,70.77253615147298,72.46708679199219,51762014
2024-06-21,71.2709346050964,73.7629253255543,70.97189267666059,71.96868896484375,26611127
2024-06-24,71.27093664345277,71.27093664345277,68.57958963036627,68.87862396240234,29266766
2024-06-25,69.27734441826814,69.37702252953416,66.98470983438764,68.28054809570312,16833298
2024-06-26,69.5763863570186,69.5763863570186,67.98150615695266,68.28054809570312,12868331
2024-06-27,67.68247201301934,68.2805482872456,66.48631185961437,67.98150634765625,13252241
2024-06-28,67.98150536272246,69.67606365425684,67.98150536272246,69.47669982910156,10859949
2024-07-01,69.5763860190105,69.9750984621376,68.57958970128801,68.77894592285156,11781694
2024-07-02,69.6760646150751,69.6760646150751,67.78215007722109,68.08119201660156,13830183
2024-07-03,68.87862110098311,74.75972064613624,68.5795867813698,73.46388244628906,46703360
2024-07-04,73.6632460214684,74.16164415746623,73.06516977926142,73.86260223388672,28505339
2024-07-05,74.26132239807454,74.3610005044641,72.96548420015417,73.66324615478516,9849213
2024-07-08,74.06196580971623,74.26132202148438,72.66644951248317,74.26132202148438,11451040
2024-07-09,73.56356860711622,74.26132296209465,70.87221408444489,72.76612854003906,19257690
2024-07-10,72.96548520864654,73.56356906515438,71.47029077728122,72.06837463378906,13599923
2024-07-11,71.27093596782899,71.6696560117164,67.78214889248072,69.87541961669922,34568763
2024-07-12,68.77894625698563,69.5763863570186,68.28054809570312,68.28054809570312,14249702
2024-07-15,68.38022673878397,68.87862490394268,67.28375229642532,67.48310852050781,10868256
2024-07-16,67.48310866591831,68.5795907155921,67.28375244140625,67.28375244140625,11528211
2024-07-17,67.28375285688887,67.78215102619916,66.38663463113984,66.68567657470703,22900599
2024-07-18,65.8882363894937,67.28375278302093,65.19048199520634,66.78535461425781,12780431
2024-07-19,66.28695446558466,66.38663257536952,63.794963696201776,63.994319915771484,27355093
2024-07-22,63.894643377539175,64.29336343143781,61.40265254686329,61.70169448852539,27825851
2024-07-23,62.29976773151279,62.39944583889278,60.405853271484375,60.405853271484375,37834964
2024-07-26,57.614826003001276,58.312584181047505,56.51835158212589,57.91386413574219,39867048
2024-07-29,58.41226269754723,59.01034276966644,57.116428245003235,57.31578826904297,13848969
2024-07-30,57.01675039515947,57.31578853134953,55.820594047923024,56.91706848144531,19226675
2024-07-31,56.81739037020736,57.8141866924917,56.21931409782724,56.91706848144531,12866690
2024-08-01,58.01354591967378,59.11002033811796,57.415465853041916,58.113224029541016,14531409
2024-08-02,56.81738794552918,56.81738794552918,54.724117279052734,54.724117279052734,26843288
2024-08-05,51.03597345444206,51.83340976728972,49.29157985650443,49.78997802734375,29076110
2024-08-06,51.833409805652266,51.833409805652266,47.098627179174414,49.74013900756836,19984671
2024-08-07,48.94269881928049,50.33821521759033,48.195101563573694,49.83981704711914,39143286
2024-08-08,48.34462287209251,50.0391774239807,48.04558472822431,49.3414192199707,21776756
2024-08-09,50.03917639992826,51.73373091713737,49.69029540382497,50.836612701416016,19094777
2024-08-12,51.63404768702375,53.52796218195795,51.4346876661134,52.830204010009766,18984738
2024-08-13,52.83020413760278,53.32860228984432,52.33180598536124,52.63084411621094,7861668
2024-08-14,53.428279436595545,55.820592045239074,53.428279436595545,54.12603759765625,14598519
2024-08-15,54.225719316385984,54.62443554810179,53.42827924800226,54.42507553100586,8585642
2024-08-16,55.82059499551448,56.219315052187234,55.322196825911675,55.52155685424805,11540954
2024-08-19,55.82059437837619,56.71771259473345,55.521556240415855,56.418670654296875,8870123
2024-08-20,56.51835319345366,57.01675136305647,55.52155685424805,55.52155685424805,10524585
2024-08-21,54.923473672507654,55.22251559938958,54.325397423695925,54.42507553100586,8763143
2024-08-22,54.02635917734292,55.02315545809657,54.02635917734292,54.62443542480469,5476202
2024-08-23,54.32539774037353,54.32539774037353,52.73052519926125,53.92667770385742,12018856
2024-08-26,54.02635980845738,54.724117973631074,53.32860164328368,53.62763977050781,7006986
2024-08-27,53.32860203321927,53.42828014219746,52.63084386294361,53.029563903808594,6341257
2024-08-28,53.52796185685775,53.826999985169024,52.63084366944783,53.3286018371582,9775832
2024-08-29,52.83020375769101,53.42828001508952,52.53116562899175,53.22892379760742,9898884
2024-08-30,53.62764049206024,53.92667862330788,52.43148416459351,52.531166076660156,11961763
2024-09-02,52.73052682551939,52.9298830474497,51.434688568115234,51.434688568115234,6749894
2024-09-03,51.33501155853271,51.33501155853271,49.83981704711914,49.83981704711914,12408380
2024-09-04,47.69670124477343,48.04558222987492,46.65006589442116,47.39766311645508,29977252
2024-09-05,47.84622325067935,48.44429952032237,45.65327059119464,45.852630615234375,23609953
2024-09-06,45.85263032200561,46.65006661058874,45.35423216633164,46.30118942260742,13555128
2024-09-09,45.15487239729796,46.101829658894815,45.10503334194574,45.902469635009766,10470488
2024-09-10,46.10183072893807,46.151669785447076,44.15807710527678,44.35743713378906,16037641
2024-09-11,44.35743672296687,45.60343213653335,44.35743672296687,44.95551300048828,5958301
2024-09-12,45.75295189068296,46.849426304478165,45.45390995739687,46.79958724975586,9553683
2024-09-13,46.30118951658011,46.40086762692675,45.85263041506791,46.151668548583984,8966177
2024-09-16,46.15166834970614,46.65006650424395,45.952308327395784,46.450706481933594,7318225
2024-09-18,46.500550293033555,46.55038934901424,45.05519485473633,45.05519485473633,11475947
2024-09-19,45.1548729304524,45.40407201263202,44.65647476609315,45.10503387451172,11585574
2024-09-20,45.45391069682707,46.30118985079404,45.15487256115246,45.65327072143555,38335688
2024-09-23,46.151668326916365,47.29798560277774,46.05199021704849,46.50054931640625,14076581
2024-09-24,45.902469435072405,46.35102853624094,45.55359224665031,46.201507568359375,10958000
2024-09-25,46.65006605316229,47.29798516878687,46.65006605316229,47.14846420288086,13591103
2024-09-26,49.83981497185632,49.93949308080959,47.14846420288086,47.14846420288086,26942791
2024-09-27,47.54718370766606,48.49414094195188,47.49734465375124,47.99574279785156,21725671
2024-09-30,47.54718420868841,48.14526046692052,47.14846416821626,47.19830322265625,11933940
2024-10-01,47.19830395336817,47.447503031902265,46.05199047359701,46.101829528808594,9470236
2024-10-04,46.2015081433564,46.600228194352034,45.20471181834352,45.35423278808594,14202236
2024-10-07,45.453911141624175,45.503754000121184,44.457114811303676,45.00535583496094,16372976
2024-10-08,44.70631440604018,44.80599632169993,43.70951806430036,44.25775909423828,15542770
2024-10-09,44.45711203877635,44.60663299999018,43.36063766479492,43.36063766479492,12465298
2024-10-11,42.662880134782824,42.71271918841761,41.86544386919807,42.36384201049805,15146452
2024-10-14,42.214323943411856,43.6596794128418,42.11464582930344,43.6596794128418,7968915
2024-10-15,43.8590392695595,44.357437443077224,43.80920021270299,43.908878326416016,8138946
2024-10-16,43.510159165026316,43.510159165026316,42.46352002851541,42.513362884521484,11815075
2024-10-17,42.96192086774368,44.30759821244966,42.91208181108263,44.158077239990234,9715106
2024-10-18,44.35743758119825,44.70631478275647,43.70951843261719,43.70951843261719,9147013
2024-10-21,44.25775894763328,44.65647520152268,43.65967886308478,44.457115173339844,5209798
2024-10-22,44.257759229893736,44.357437343382735,43.560001028041896,44.05839920043945,4967237
2024-10-23,44.058399587473716,44.25775961867929,43.360641379492364,43.510162353515625,4862477
2024-10-24,43.5101590057374,43.5101590057374,42.7625617980957,42.7625617980957,5218949
2024-10-25,43.061599819589695,43.31079888821871,42.66287978879286,42.912078857421875,3365162
2024-10-28,43.36063775228701,43.460315858313365,42.46351958814585,43.211116790771484,4596930
2024-10-29,42.86224027705344,42.9619183846143,41.915283045321,42.16448211669922,6829634
2024-10-30,42.762562169492575,43.31079936602944,41.96512209910143,42.16448211669922,6227910
2024-11-01,41.566406411069515,41.616245465503034,40.56961011249459,41.31720733642578,11652830
2024-11-04,41.11784814259831,41.267369111380056,39.772174633467394,40.07121276855469,18964546
2024-11-05,39.17409465380042,40.270572888358025,39.12425559824693,39.92169189453125,11426580
2024-11-06,40.17089051567125,40.76897058290632,40.17089051567125,40.619449615478516,7418611
2024-11-07,40.61944878757488,41.965122257093064,40.61944878757488,41.915283203125,8303721
2024-11-08,41.965123148843745,42.16448317142845,40.51977154067599,40.569610595703125,10465328
2024-11-11,40.66928890701992,40.7191279622937,39.722331646913425,40.270572662353516,6533468
2024-11-12,39.47313350286016,39.97153167235322,38.77537910755088,38.875057220458984,11458088
2024-11-13,38.12746055463196,38.57601967459348,37.479541403301276,38.02778244018555,20027048
2024-11-14,37.92809751397792,37.9779365672468,36.73194122314453,36.73194122314453,17142868
2024-11-15,36.73194083130453,38.07761807006551,36.6821017785673,37.379859924316406,7720491
2024-11-18,37.18050006368422,37.62905914511457,36.83162289061396,37.13066101074219,7909101
2024-11-19,37.33002114673202,37.57922021473093,36.63226299583987,36.93130111694336,7357566
2024-11-20,36.13386535644531,36.13386535644531,36.13386535644531,36.13386535644531,13220274
2024-11-21,36.38306418121196,36.682102304397944,35.93450509519496,36.53258514404297,7885668
2024-11-22,36.8814628263322,37.130661899483094,35.735145568847656,35.735145568847656,10015707
2024-11-25,36.133865322478016,36.38306439366752,35.48594621639488,36.1837043762207,15876673
2024-11-26,36.08402658748804,36.58242473426971,35.53578938652342,35.685306549072266,7704070
2024-11-27,35.68530711067126,35.984345242951164,34.83803176879883,34.83803176879883,10348167
2024-11-28,34.68851160929642,34.738350665424434,33.29299902533077,33.641876220703125,22338823
2024-11-29,33.44251640022507,33.54219831557288,32.844440118043224,33.342838287353516,23584220
2024-12-02,33.691715759822074,34.28979584936082,32.89427944291337,32.94411849975586,17859091
2024-12-03,33.442516157631076,33.691715240478516,32.89427893586196,33.691715240478516,16050060
2024-12-04,33.791397537276346,34.1901137928559,32.99395742116468,33.14347839355469,14076571
2024-12-05,33.342838597020915,33.54219862709182,32.89427947998047,32.89427947998047,9125377
2024-12-06,33.09363941075301,33.74155475344397,32.944118438029406,33.043800354003906,9388984
2024-12-09,33.54219898615355,33.54219898615355,32.2962035379677,32.39588165283203,12914489
2024-12-10,32.49555990738804,33.24315717951331,31.947322668324777,32.1965217590332,11262638
2024-12-11,31.64828187911237,31.698120932600016,30.153087459626747,30.402286529541016,26419609
2024-12-12,30.551807233826487,31.349245441168357,30.551807233826487,30.801006317138672,12784639
2024-12-13,30.10324911149824,30.202927220809123,29.106452808484896,29.305810928344727,20623296
2024-12-16,29.604851360124602,29.854050439246063,28.707733154296875,28.707733154296875,35240514
2024-12-17,29.90389009801353,31.498764616821877,29.604851957528645,30.651487350463867,34097215
2024-12-18,31.000367337530257,32.346042810778904,30.701327287231564,32.09684371948242,28733900
2024-12-19,31.19972383872651,33.24315552003333,30.900685705299487,31.747962951660156,31829102
2024-12-20,31.149883802312097,31.29940286431559,30.3026065826416,30.3026065826416,17805647
2024-12-23,30.900686264038086,31.997160707255393,30.70132623732324,30.900686264038086,13820919
2024-12-24,31.1000456938029,32.59524016175039,31.1000456938029,31.797801971435547,15978779
2024-12-25,31.997160570505265,31.997160570505265,31.000366144905502,31.100046157836914,9836709
2024-12-26,31.100046499584135,31.698122781268413,30.601648330688477,30.601648330688477,7331289
2024-12-27,31.00036641160617,31.00036641160617,30.202928202532526,30.701326370239258,5642659
2024-12-30,30.40228701038521,30.40228701038521,29.65468978881836,29.65468978881836,8648665
2024-12-31,29.30581102737959,29.405491038265392,28.707732863302848,29.156291961669922,14555233
2025-01-02,29.006773432046916,29.05661248779188,28.309015244188807,28.358856201171875,11118508
2025-01-03,28.458534862741782,29.206132120795292,27.511579476616884,27.561418533325195,15183831
2025-01-06,27.960134789794562,28.3090138667481,27.511577606201172,27.511577606201172,19066334
2025-01-07,28.70773342414242,29.804209762831064,27.710937098286944,28.30901527404785,41460394
2025-01-08,28.45853302625669,28.657893042701122,27.26237863130415,27.362058639526367,21669109
2025-01-09,27.013180677802897,27.013180677802897,25.667505264282227,25.667505264282227,30979089
2025-01-10,25.667505134405967,26.714140505604956,25.61766607910624,25.866865158081055,21520083
2025-01-13,25.667505499584554,25.916704582104792,24.6208701134948,25.318626403808594,22518341
2025-01-14,25.617665628957948,26.564620971679688,25.41830560878597,26.564620971679688,22359727
2025-01-15,26.26558382048331,28.159496477672032,25.916704722813197,27.910297393798828,26055040
2025-01-16,27.910296833027793,30.003569475752496,27.910296833027793,28.7575740814209,48105037
2025-01-17,28.956931745180025,29.60485086096183,28.9070926906913,29.45532989501953,18777625
2025-01-20,29.754370992339346,30.701326370239258,29.006773740779256,30.701326370239258,22701458
2025-01-21,30.402286847432453,30.452125901441224,29.505170566608285,29.903888702392578,14826988
2025-01-22,30.302606775199216,30.352447730342444,29.704528622146736,30.003568649291992,12238422
2025-02-03,28.90709376716699,29.45533099191111,27.312219248041185,27.860458374023438,26583669
2025-02-04,28.10965597625729,28.10965597625729,27.063018737055245,27.16269874572754,13729475
2025-02-05,27.461736712732552,27.661096728931774,27.212537643102536,27.411897659301758,8378599
2025-02-06,27.511579409227778,27.810617551221437,27.16270030940975,27.66109848022461,10036033
2025-02-07,27.860457806274386,28.757574110864024,27.511578715256725,28.707733154296875,10424082
2025-02-10,28.408695561545237,28.408695561545237,27.760778323722533,27.910297393798828,7419000
2025-02-11,28.209333858870227,28.558212935823764,27.511577606201172,27.511577606201172,9337862
2025-02-12,27.41189929199081,28.25917655944543,27.41189929199081,27.810617446899414,13022954
2025-02-13,27.461738373078084,30.551807403564453,27.312219302507707,30.551807403564453,27802263
2025-02-14,30.900687247844665,33.442517212575325,29.505172720125124,32.1965217590332,85877546
2025-02-17,32.34604135998133,34.489151167521655,31.747963187447372,34.239952087402344,61461217
2025-02-18,34.23995128391586,36.53258580919469,33.5421969179365,35.48594665527344,70386778
2025-02-19,35.98434622621405,39.02457809448242,35.88466811355579,39.02457809448242,75207361
2025-02-20,40.17089184033885,40.17089184033885,37.180502812981466,38.675697326660156,166319994
2025-02-21,38.27697938626749,42.41368174386775,37.47953930542666,41.31720733642578,144922702
2025-02-24,40.32041141337159,41.765766820261646,40.12105139130466,40.7191276550293,65511166
2025-02-25,39.67249105835772,43.7593580749513,38.82521574402087,42.7625617980957,133170751
2025-02-26,42.36384272501323,42.812401820243885,41.21752545969889,41.26736831665039,67171357
2025-02-27,41.466726444025994,42.36384467579812,38.526180267333984,38.526180267333984,189129483
2025-03-03,37.977936008112465,39.522973254033126,37.08082165505231,37.629058837890625,77777577
2025-03-04,37.28018519917185,38.02778246544553,36.28338884414026,37.97793960571289,41981157
2025-03-05,37.928100411652665,38.57601956107673,37.429702235934556,38.17729949951172,32204942
2025-03-06,38.077618511028305,38.17729661765709,36.68210220336914,36.68210220336914,30671133
2025-03-07,36.68210391727839,40.320412016363264,36.482743892230026,39.82201385498047,92287148
2025-03-10,40.37025147726217,40.61945056045515,38.376658811718364,39.223934173583984,107917598
2025-03-11,37.928100623517054,38.177299712768125,37.13066429840891,37.87826156616211,40452690
2025-03-12,37.82842082950974,41.2673688690063,37.479539838560136,40.42008972167969,101688615
2025-03-13,40.918487193405625,43.70951606192191,40.86864813909707,41.46672439575195,151063026
2025-03-14,41.96512166889138,43.06159985320051,40.61944821823475,42.862239837646484,93519618
2025-03-17,43.36063832779491,44.75615464554195,42.11464297354793,42.314002990722656,93090483
2025-03-18,42.712719932111284,43.061600918581455,41.117847373172616,41.217525482177734,54769531
2025-03-19,41.66608400758564,43.65967658022109,41.367045882185536,42.11464309692383,84132758
2025-03-20,42.86224162881032,45.902469635009766,42.46352158104021,45.902469635009766,152816746
2025-03-21,45.65327153996058,45.75295345529013,43.70951791951142,44.457115173339844,96400060
2025-03-24,44.45711281288361,44.85583284807918,42.16448211669922,42.16448211669922,65987229
2025-03-25,42.862241386526506,43.36063954218379,40.519771575927734,40.519771575927734,47806774
2025-03-26,40.86864808320614,42.76256256415004,40.86864808320614,41.56640625,48609166
2025-03-27,41.36704603830973,43.21111765396684,41.36704603830973,41.86544418334961,49298888
2025-03-28,42.314004410299205,42.513364434162185,40.07121269741207,40.17089080810547,35768280
2025-03-31,37.379859990416335,38.67569437625557,36.93130091003614,37.280181884765625,43334420
2025-04-01,37.57922320964052,38.227138556588265,37.23034220515205,38.17729949951172,35969686
2025-04-02,37.97793765695432,41.61624568711796,37.579221416886774,40.968326568603516,56145695
2025-04-07,36.88146209716797,36.88146209716797,36.88146209716797,36.88146209716797,12472271
2025-04-08,34.78819366257752,36.88146444810084,33.19331724279551,33.4425163269043,67572997
2025-04-09,31.39908300743146,32.49555740098626,30.103248596191406,30.103248596191406,45228868
2025-04-10,33.0936393737793,33.0936393737793,33.0936393737793,33.0936393737793,7818282
2025-04-11,30.751167712289977,33.74155485468641,29.903890436345883,32.89427947998047,78660425
2025-04-14,33.741553389678984,35.88466696555686,33.741553389678984,35.08723068237305,63273684
2025-04-15,35.735146432405074,36.68210369375738,34.389472925861824,34.43931198120117,65316957
2025-04-16,34.190114153328686,34.93771141820822,32.49555959243981,32.64508056640625,60390217
2025-04-17,32.844439100961615,33.49235441951547,31.54860276013967,31.997159957885742,65079101
2025-04-18,32.09684170479816,35.18690872192383,31.89748168377931,35.18690872192383,111564518
2025-04-21,35.23674918470392,38.675697326660156,34.937711042463434,38.675697326660156,210189713
2025-04-22,39.07441700515395,41.068009670697755,38.07762067238204,39.223934173583984,296647094
2025-04-23,40.86865018414315,41.66608650041166,38.3268202624539,38.47633743286133,224746913
2025-04-24,38.32681720400208,39.323613470413186,36.831622804385425,37.280181884765625,133150864
2025-04-25,38.27697840021338,38.7753765366616,36.7319411352431,36.88146209716797,115288236
2025-04-28,37.42969921920773,37.57922018086273,36.48274200117011,36.98114013671875,43081963
2025-04-29,37.280182005389264,37.77858014020743,36.88146197654433,37.0808219909668,47426393
2025-04-30,37.23033991348832,37.57922089650189,35.78498833485355,35.884666442871094,49175838
2025-05-02,36.333225766417904,36.532585786204876,35.535789489746094,35.535789489746094,31056078
2025-05-05,35.635468531699075,35.93450666797334,33.392676805927806,34.14027404785156,46854586
2025-05-06,34.289794275178046,35.735145869638195,33.990752342899,35.286590576171875,47246257
2025-05-07,35.68530731620385,35.73514637145819,34.4891509777187,34.53899383544922,28613483
2025-05-08,35.03739179114415,36.18370526529649,34.788192713831535,34.83803176879883,42064682
2025-05-09,35.037392185765086,35.2865912658844,33.94091395175442,34.239952087402344,33621491
2025-05-12,34.53899226388935,37.3798601113625,34.190111288031034,37.0808219909668,69450208
2025-05-13,39.323615083423796,40.76897048950195,37.678899655390694,40.76897048950195,146940774
2025-05-14,41.51656880185312,44.80599594116211,40.2207305266159,44.80599594116211,260334399
2025-05-15,45.304393864465624,46.05199111040572,44.25775848064472,45.15487289428711,215258750
2025-05-16,45.15487266760302,46.45070712689868,44.55679639484386,45.503753662109375,126595971
2025-05-19,45.503754840189366,45.85263204125185,43.65967931356628,43.809200286865234,87887032
2025-05-20,44.25775851609149,45.65327109481164,43.36064029925436,45.10503387451172,125458467
2025-05-21,45.25455597223084,46.151670408941435,43.2111204054691,43.510162353515625,118775053
2025-05-22,43.260959958148504,43.65967618760443,41.96512175560765,42.71271896362305,68627590
2025-05-23,43.01176108084159,43.609837328933686,42.41368103027344,42.41368103027344,60756912
2025-05-26,42.51336278361245,42.86223995997064,41.068007419815906,42.662879943847656,56691883
2025-05-27,42.3638423630717,42.961918616618746,41.46672418027504,41.81560516357422,46043912
2025-05-28,43.51015978518429,44.65647324261783,41.21752526536502,41.56640625,117308403
2025-05-29,42.31400472376058,45.70310994463298,42.06480564270484,45.40407180786133,164315859
2025-06-02,44.955512536543985,45.65327072143555,42.96191989541164,45.65327072143555,122607664
2025-06-03,45.90246976566344,46.79958797446157,44.457114341478075,45.70310974121094,148936633
2025-06-04,46.15166672307178,50.1388518188443,45.553590479696304,49.09221649169922,228345914
2025-06-05,49.93949352208292,53.727322535394755,49.14205723598217,52.33180618286133,220002484
2025-06-06,52.43148462344218,53.428280937975124,51.434688308909244,51.83340835571289,160885685
2025-06-09,52.63084485162532,53.827001194214205,51.13565037400826,51.53437042236328,116359968
2025-06-10,52.63084316787306,55.12283388417838,52.23212693474985,54.12603759765625,152427845
2025-06-11,55.023156841184104,55.12283495077461,51.93308601168872,52.531166076660156,116991856
2025-06-12,52.33180516274515,54.02635961422449,51.53436889218901,53.92667770385742,81033954
2025-06-13,53.42827994576992,55.02315630089023,52.33180554113655,53.3286018371582,106628206
2025-06-16,54.4250766442455,55.52155485946304,52.4314840374603,52.730525970458984,131780155
2025-06-17,53.32860164328368,54.225719827432165,53.22892353503434,53.62763977050781,73122315
2025-06-18,54.62443646191454,58.91065979003906,54.524758352937084,58.91065979003906,182335422
2025-06-19,60.30617529998741,61.30297158593761,58.7113027634575,60.20649719238281,234890922
2025-06-20,60.306176273205374,60.7048963150104,57.21610925788282,58.7113037109375,150401816
2025-06-23,57.614825817754074,59.20970219137123,57.11642766396299,58.21290588378906,96417649
2025-06-24,59.50874148992321,59.70810151584367,54.22572171665014,56.51835250854492,192166649
2025-06-25,56.4186678432452,58.21290418656215,54.72411721174193,54.823795318603516,136977381
2025-06-26,55.12283415116022,56.21931235313088,53.32860158722542,53.72732162475586,136587410
2025-06-27,54.62443652135401,55.02315656264993,52.73052583138871,52.92988204956055,89067025
2025-06-30,53.3286033819824,53.52796340745701,50.836612569740225,51.035972595214844,73981155
2025-07-01,51.7337319758689,52.13244823353439,49.24174110617341,49.3414192199707,107320866
2025-07-02,49.640453559527884,50.936287951965014,48.19509820537739,49.29157638549805,127548748
2025-07-03,49.74013852290674,50.83661296789035,49.14205844179876,50.43789291381836,104080294
2025-07-04,50.83661049547996,51.03597051282019,47.54718351803235,48.29478073120117,134978515
2025-07-07,48.34461950619252,49.14205576847988,47.64686135076258,48.74333953857422,65957477
2025-07-08,48.49414071449578,49.042377909939475,47.6967006456947,48.34461975097656,69938182
2025-07-09,48.4442979264302,48.69349699766179,47.79638262271371,48.24494171142578,47100579
2025-07-10,48.344620629785055,48.44429873895911,46.849426177317476,46.99894714355469,71549028
2025-07-11,45.852628699401414,46.20150587503689,42.363841733142614,42.812400817871094,134333219
2025-07-14,42.66287958194858,43.51015869266496,42.41368051452776,43.26095962524414,64219749
2025-07-15,43.0117616022074,43.26096067567911,41.167686177031094,41.61624526977539,85330065
2025-07-16,41.86544457530719,42.11464365016021,41.21752545969889,41.26736831665039,49100161
2025-07-17,41.26736725382033,44.05839605979672,41.11784629176895,42.961917877197266,107591904
2025-07-18,43.26096034717964,43.410477508641655,41.865444025344395,42.11464309692383,55504291
2025-07-21,42.26416425497255,42.46352047117084,41.416885126225466,41.81560516357422,32666101
2025-07-22,41.915284190810695,42.21432232414166,40.07121253320626,40.42008972167969,44822406
2025-07-23,40.918486308389724,43.31079888821871,40.868647255159125,42.912078857421875,75783634
2025-07-24,43.90887516621009,43.95871421947959,41.86544356235238,42.862239837646484,78019822
2025-07-25,42.762561577114525,43.609836887072966,42.662879668458466,43.1114387512207,41222654
2025-07-28,43.41047683872988,43.65967590646366,42.4635196208463,43.161277770996094,36274018
2025-07-29,42.86224034635281,43.609837561696175,42.01496502328743,42.06480407714844,33417127
2025-07-30,42.16448417128114,45.653271340577064,41.96512414396898,44.75615692138672,86500886
2025-07-31,44.75615715379143,45.354233436357276,43.46031887077163,44.40727615356445,73923002
2025-08-04,43.51016227887278,44.45711577114117,42.96192124337889,43.609840393066406,30646145
2025-08-05,44.357437207421754,45.65327169118826,44.15807717857854,44.25775909423828,49668590
2025-08-06,44.45711212848088,44.45711212848088,43.211116790771484,43.211116790771484,28674161
2025-08-07,43.211117525855954,43.55999850783516,41.965122166950344,42.06480407714844,57604919
2025-08-08,42.363844820721816,46.05199207149168,42.31400576378093,43.809200286865234,94444477
2025-08-11,44.95551390863279,45.254555855910674,43.6596794128418,43.6596794128418,54838273
2025-08-12,44.905672441912124,47.79638322565465,44.905672441912124,47.2979850769043,106656773
2025-08-13,48.59382045126751,48.942697641209215,45.85263057965755,45.902469635009766,99023557
2025-08-14,45.95230849020754,46.998947660426175,45.40407127876874,46.201507568359375,36225274
2025-08-15,46.201506524206096,48.09542099634806,45.254553090611196,47.846221923828125,61679376
2025-08-18,47.347824188452336,48.24494237827661,46.94910414798019,47.19830322265625,61119957
2025-08-19,47.54718528878353,48.14526156060171,45.553592646088006,45.603431701660156,49574939
2025-08-20,45.10503435154213,46.00215257786718,43.908877983934154,44.40727615356445,40701593
2025-08-21,44.70631304296501,46.600227555516575,44.606634932820675,46.30118942260742,32329905
2025-08-22,45.95230915940516,46.20150824118605,44.85583472055975,45.2047119140625,20803324
2025-08-25,46.151668130937516,47.74654449938416,46.10182907621521,46.79958724975586,45922925
2025-08-26,46.650065962538385,47.39766318566392,46.101828759408214,47.2979850769043,21683243
2025-08-27,47.34782390271788,48.1452601763737,46.99894672126724,47.6468620300293,38445708
2025-08-28,47.84622281200338,47.84622281200338,46.50054931640625,46.50054931640625,24908060
2025-08-29,47.54718444255141,50.13885331093928,46.84942626953125,46.84942626953125,84519548
2025-09-01,46.699905465674505,47.347824586266505,45.703109158595204,46.60022735595703,27685559
2025-09-02,47.148465313435175,47.148465313435175,45.0551945563019,45.503753662109375,30527445
2025-09-03,46.10182945808911,47.69670203727037,45.902469435072405,46.201507568359375,38081076
2025-09-04,48.64365806913194,49.49093719498609,47.447501763645896,48.04558181762695,78307429
2025-09-05,49.241738843527855,52.830204010009766,48.942696910924255,52.830204010009766,161366561
2025-09-08,57.61482514955607,58.1132232975669,51.63404737342618,53.3286018371582,330133023
2025-09-09,53.32860158722542,55.72091420745588,52.6308434227852,53.72732162475586,118139497
2025-09-10,54.4250756670224,55.820591987705455,53.82699941671598,54.2257194519043,98426463
2025-09-11,55.322196285281564,58.810983438407426,55.222518173325604,56.318992614746094,167700689
2025-09-12,59.11002095403702,60.306177297288386,55.32219570247117,57.21611022949219,186640192
2025-09-15,59.90745726425754,62.89784622192383,57.21611024433883,62.89784622192383,253763410
2025-09-16,64.79176051814616,69.1776658280573,63.39624415522639,68.97830200195312,442109391
2025-09-17,68.97829946048128,73.4638827156992,67.48310504207531,73.06517028808594,352674976
2025-09-18,75.75652046203614,79.74370574951172,75.05876607870887,79.74370574951172,339283634
2025-09-19,80.74050260757689,81.13922265996281,78.34818989821373,78.9462661743164,218231561
2025-09-22,79.04595085163662,84.2292886496331,78.64723080449404,80.54114532470703,211609949
2025-09-23,80.54114518306407,80.7405014038086,78.04915439899591,80.7405014038086,46440746
2025-09-24,79.94306478976107,79.94306478976107,74.75972677531995,75.75652313232422,45599943
2025-09-25,74.06197195369172,78.14883547358967,74.06197195369172,76.35459899902344,26154504
2025-09-26,74.75972242758307,74.75972242758307,69.87541904132387,70.77253723144531,45117383
2025-09-30,73.26452668072426,74.75972110277986,72.26773039935387,72.76612854003906,30641313
2025-10-01,72.96549014633102,76.65364122291949,72.96549014633102,75.95587921142578,25787814
2025-10-02,80.93985848785341,80.93985848785341,78.94626583933533,79.44466400146484,32628454
2025-10-03,79.64402571039945,82.73409271240234,79.04594945274602,82.73409271240234,47262046
2025-10-07,86.9206363615342,90.90782165527344,86.9206363615342,90.90782165527344,51603171
2025-10-08,88.11679679224487,90.90782194374752,85.42544214745907,90.50910949707031,41142283
2025-10-09,96.39019664831999,99.48027118150532,91.70525720276808,98.18443298339844,218321645
2025-10-13,93.20045336640256,98.18443482984655,92.70205522005816,95.2937240600586,176262358
2025-10-14,97.7857193604743,100.67643026532055,86.82095962860771,88.8145523071289,369928156
2025-10-15,90.80813897196217,91.20685900225205,84.72768322613577,86.02352142333984,183892606
2025-10-16,88.91422669508316,94.5959701538086,88.91422669508316,94.5959701538086,138481376
2025-10-17,97.98508076056896,103.66681671142578,97.68603882422813,103.66681671142578,263572173
2025-10-20,107.65399997033805,109.64759256238135,103.66681478625146,106.6572036743164,215430485
2025-10-21,106.65720465058965,109.1491954134539,103.66681573515255,105.1620101928711,104519667
2025-10-22,102.67001668756659,110.6443869157271,101.67322040904652,109.64759063720703,104326273
2025-10-23,108.1523965286882,110.64438723211418,105.6604058252622,109.1491928100586,109418460
2025-10-27,119.61555480957031,119.61555480957031,119.61555480957031,119.61555480957031,27565457
2025-10-28,123.60274846003605,131.07872114915114,122.60595210148738,129.58352661132812,219575628
2025-10-29,131.57711723155546,136.06270077354029,125.097941004244,132.57391357421875,193523986
2025-10-30,134.06910705566406,138.55469056310264,130.08192171571866,134.06910705566406,173746589
2025-10-31,133.07231209233123,133.57071026496166,127.09153402076576,132.0755157470703,123916055
2025-11-03,135.56429986884126,145.03386493320883,134.56750354627624,136.56109619140625,168088541
2025-11-04,140.54828542266964,142.5418781237004,130.58032191751576,131.07872009277344,151542641
2025-11-05,121.60915076214334,140.04988264000934,121.60915076214334,137.55789184570312,243777476
2025-11-06,141.54507075129328,148.5226446615683,138.55468193260398,147.52584838867188,275702413
2025-11-07,148.0242471500319,153.00822853555485,144.5354601801658,146.529052734375,231687195
2025-11-10,152.50983629728617,160.98260498046875,150.5162436659491,160.98260498046875,179090135
2025-11-11,166.9633808541805,171.94736237221576,163.47459379155586,163.97299194335938,283771471
2025-11-12,159.48740953316718,165.9665855454521,157.4938169140026,162.47779846191406,190578767
2025-11-13,163.97299259664086,177.92814090273797,155.99862213601395,162.9761962890625,359866936
2025-11-14,155.5002271971116,161.48100516623128,150.01784739208523,157.99221801757812,217472003
2025-11-17,169.45537028727946,171.9473610267983,163.4745925124343,165.96658325195312,187266797
2025-11-18,164.4713927652234,167.46178172459113,155.50022588712034,159.98580932617188,191833355
2025-11-19,155.99862437248228,161.97940230369568,153.50663356781004,159.48741149902344,152860853
2025-11-20,168.95697983131532,168.95697983131532,144.0370713016228,155.0018310546875,403575169
2025-11-21,141.04667761666434,144.53546469552177,139.55148315429688,139.55148315429688,133517507
2025-11-24,140.5482775281359,145.03386085350195,138.05628679182146,142.5418701171875,176659248
2025-11-25,153.0082308672862,155.50022159802373,141.5450735058934,143.04026794433594,195059303
2025-11-26,142.04347631433507,145.03386528937372,132.57391122671274,136.0626983642578,164430112
2025-11-27,141.04667381391133,145.53225708007812,139.05308125117054,145.53225708007812,139339539
2025-11-28,145.53225708007812,149.02104406487453,142.04347009528172,145.53225708007812,109036058
2025-12-01,146.5290512033928,151.51303253684156,143.53866240332357,149.0210418701172,97263909
2025-12-02,152.01143067018643,152.01143067018643,144.03706053666846,149.0210418701172,121711328
2025-12-03,152.50982787277525,157.49380917580712,147.52584656974338,150.5162353515625,199371600
2025-12-04,150.5162353515625,152.01142974247205,145.03385591822743,150.5162353515625,135369874
2025-12-05,150.01785103791678,155.50023097617955,146.03066562827118,152.5098419189453,140416884
2025-12-08,155.50022398222478,162.9761962890625,155.50022398222478,162.9761962890625,47804385
2025-12-09,164.471391748499,164.471391748499,158.4906138667354,161.4810028076172,26836537
2025-12-10,161.48100691575272,161.9794050852458,154.50343254284982,155.50022888183594,26253982
2025-12-11,159.48741423778046,159.48741423778046,155.50022888183594,155.50022888183594,14910642
2025-12-12,157.49381755310813,161.4810028076172,157.49381755310813,161.4810028076172,26152247
2025-12-15,156.49702092097354,162.4777987905649,155.50022460937498,161.97940063476562,17141698
2025-12-16,159.48741285106803,160.48420918138723,154.0050330343126,157.4938201904297,24411859
2025-12-17,159.98580672893118,163.97299194335938,157.9922141217171,163.97299194335938,29583972
2025-12-18,163.97298848769245,170.45216432459213,163.97298848769245,169.4553680419922,39836220
2025-12-19,176.43293915232135,176.43293915232135,169.45536528754027,173.94094848632812,37562620
2025-12-22,183.90892333984374,185.40411783854165,177.9281453450521,179.42333984375,155149934
2025-12-23,180.42013861032112,180.91853678327783,175.43615688075425,175.93455505371094,73981521
2025-12-24,176.9313432804491,189.39129703259343,174.43935253002024,188.39450073242188,117694281
2025-12-26,189.8896951826792,190.88649148285074,186.4009081320788,188.39450073242188,77626340
2025-12-29,188.89289920715817,190.3880936599853,183.90891769773447,187.89610290527344,72060478
2025-12-30,188.39449728056215,199.35925638154723,188.39449728056215,193.8768768310547,151090912
2025-12-31,195.87047035335877,200.3560536438937,188.89289634585998,192.38168334960938,114573682
2026-01-02,191.88329116157865,207.83203224513844,190.3880966849949,206.3368377685547,137743889
2026-01-05,210.32402236645038,212.31761499551627,205.83843895105215,207.33363342285156,113599487
2026-01-06,213.31441292460167,227.76795959472656,212.3176166025241,227.76795959472656,153865682
2026-01-07,241.22470156087914,247.20547928552904,229.26314611157935,240.2279052734375,164653480
2026-01-08,238.73271052832436,246.2086826743053,236.24071981299738,240.72630310058594,89592940
2026-01-09,232.25353456694504,232.25353456694504,216.80319213867188,216.80319213867188,20480454
2026-01-12,224.77756401285467,238.23431396484375,221.28877698826489,238.23431396484375,15304683
2026-01-13,244.2150978420092,244.2150978420092,223.78077332869822,229.26315307617188,10571290
2026-01-14,224.27916738498035,235.74232482910156,224.27916738498035,235.74232482910156,9783721
2026-01-15,234.74552788985403,241.72310196725945,234.74552788985403,236.73912048339844,7439479
2026-01-16,243.7167016296387,254.18306304931642,243.7167016296387,249.19908142089844,15747022
2026-01-19,269.13500643643465,274.1189880371094,269.13500643643465,274.1189880371094,12798774
2026-01-20,246.70709105098948,273.1221937291762,246.70709105098948,271.12860107421875,26189068
2026-01-21,265.14782192032646,266.14461824333523,244.21509913714283,250.1958770751953,27644945
2026-01-22,269.1349967112013,275.1157744158947,261.16062643827684,265.6462097167969,22120755
2026-01-23,274.11897494208966,281.59494698596484,255.17984576427256,270.63018798828125,165232150
2026-01-26,278.6045643199574,294.0549068851071,273.6205828473284,285.083740234375,111161380
2026-01-27,282.0933572376678,285.08374618365013,273.12219039972075,276.1125793457031,75560007
2026-01-28,287.0773259943182,298.5404831086746,284.0869371818774,296.0484924316406,117090721
2026-01-29,305.01965886896306,311.9972327646583,286.0805297235046,296.0484924316406,126434701
2026-01-30,302.5276938375616,325.4540100097656,302.5276938375616,325.4540100097656,126113999
2026-02-02,309.0068459024235,309.0068459024235,293.05810546875,293.05810546875,97058085
2026-02-03,311.00043285472975,313.49242350260414,264.15100867469033,276.6109619140625,175086747
2026-02-04,278.6045588606495,297.045289948027,272.62378121068923,294.0549011230469,101351124
2026-02-05,281.09656227805397,285.08374755859376,268.1382101162997,274.1189880371094,86466349
2026-02-06,259.167050448331,276.6109865361994,250.19588331742722,263.15423583984375,131687996
2026-02-09,281.5949450772534,282.09334321013347,268.13819548949084,273.6205749511719,87673937
2026-02-10,275.61418523471735,280.09976871954996,262.65583294520076,270.1318054199219,95685271
2026-02-11,265.6462174010791,280.0997639388489,263.65262477517985,277.109375,90906529
2026-02-23,294.05490492454453,297.54369193212386,285.5821364775661,288.0741271972656,91296194
2026-02-24,291.06451047346894,302.02926942966127,285.0837328610004,297.0452880859375,92986109
2026-02-25,297.04529444376624,297.04529444376624,282.09335009256995,287.07733154296875,66784821
2026-02-26,289.07094123693355,290.5661357605729,276.1125886987262,284.5853576660156,64832341
2026-03-02,267.14140753495064,290.06772236071134,266.64300938656453,284.0869445800781,52496960
2026-03-03,286.0805405882599,287.0773368969298,255.67825317382812,255.67825317382812,87454156
2026-03-04,237.23752058797808,245.71028918040585,230.25994645303754,233.7487335205078,105278188
2026-03-05,256.675048828125,256.675048828125,256.675048828125,256.675048828125,21082824
2026-03-06,258.1702440777562,261.16063300529777,231.75514188447224,232.2535400390625,158410557
2026-03-09,209.3272247314453,209.3272247314453,209.3272247314453,209.3272247314453,20638661
2026-03-10,219.2951892671131,230.25994873046875,214.31120769286053,230.25994873046875,114034338
2026-03-11,244.21509720209076,253.18626403808594,239.2311156265379,253.18626403808594,89192007
2026-03-12,256.17664689161586,260.6622302029476,238.23431364628865,238.7327117919922,149941247
2026-03-13,236.73912016283563,244.71349052621537,234.24712942427948,237.23751831054688,94195866
2026-03-16,246.20868515102177,260.6622314453125,244.7134907067848,260.6622314453125,91624503
2026-03-17,266.14460476195615,283.5885395309982,265.6462066256978,270.63018798828125,130911740
2026-03-18,283.5885523920474,287.57573766293734,270.6302002616551,275.11578369140625,100661642
2026-03-19,267.63982227032,271.6270077045147,259.16705322265625,259.16705322265625,81924960
2026-03-20,263.65262303800665,263.65262303800665,233.25033569335938,233.25033569335938,154684660
2026-03-23,216.80320363408248,229.26315786592627,216.80320363408248,222.28558349609375,76862997
2026-03-24,225.77435937048932,226.27275751479505,203.3464428767321,215.806396484375,147786363
2026-03-25,225.7743682861328,228.7647572700551,217.79999766234005,225.7743682861328,96516285
2026-03-26,248.20228640943304,248.20228640943304,224.27917446635516,224.77757263183594,181359174
2026-03-27,216.30479274741066,219.2951815872366,206.33682994799082,218.79678344726562,131297286
2026-03-30,214.31119957748726,226.27275490274235,212.81600516183036,219.7935791015625,124793584
2026-03-31,206.83524182221151,209.32723268753935,197.86407470703125,197.86407470703125,144693809
2026-04-01,210.82241853831505,212.3176129960336,204.343242554868,210.3240203857422,120891443
2026-04-02,216.3048056129208,218.29839829138092,199.35926784600997,199.857666015625,118678529
2026-04-07,209.82562555850132,211.32082003991582,201.8512549909573,205.3400421142578,72854559
2026-04-08,216.3048054648087,222.7839816653675,213.81281461843994,222.28558349609375,94079973
2026-04-09,221.28878397127477,221.28878397127477,203.346450135766,204.34324645996094,88390863
2026-04-10,210.32401783078214,219.2951844681141,208.33042524470838,214.3112030029297,92689098
2026-04-13,217.7999983151049,226.7711652937591,213.8128129912586,224.77757263183594,96214475
2026-04-14,237.73591242703523,239.23110684481534,219.29518127441406,219.29518127441406,159108831
2026-04-15,226.77115907060337,228.7647516778175,210.82241821289062,210.82241821289062,104925775
2026-04-16,211.81921322395985,215.80639841405792,207.83202803386177,212.81600952148438,52221009
2026-04-17,214.3112062726702,216.30479888916017,204.34324319022042,209.3272247314453,67233540
2026-04-20,205.34004145083222,208.33043040399966,201.35285617994225,206.3368377685547,66688062
2026-04-21,210.32401476773347,222.78396824923428,209.32721848921344,219.29518127441406,107973183
2026-04-22,217.799987479432,219.79358004217278,213.3144042132652,218.2983856201172,70266440
2026-04-23,227.76795787077683,229.26315234257623,203.3464481647198,207.33363342285156,139289252
2026-04-24,208.8288292375583,209.82562555850132,198.36246786765682,205.3400421142578,98138631
2026-04-27,215.80640500639186,225.7743682861328,215.3080068424048,225.7743682861328,130698544
2026-04-28,233.74873159308183,241.72310196725945,230.75834270276522,236.73912048339844,202410954
2026-04-29,235.2439276512633,241.22470547290558,231.2567424368351,234.24713134765625,97459281
2026-04-30,238.7327118273954,239.23110997317286,213.81280453852324,214.80960083007812,122600488
2026-05-04,222.2855744824631,236.24072265625,216.30479669369726,236.24072265625,141700739
2026-05-05,242.22150300678453,258.1702439455029,241.72310485244958,255.67825317382812,204348656
2026-05-06,281.0965576171875,281.0965576171875,269.63340012570643,281.0965576171875,145982211
2026-05-07,292.06131364244203,295.0517025193271,277.10936925801667,286.0805358886719,194781780
2026-05-08,281.0965629633326,288.07413722128763,259.16704386690236,273.1221923828125,128264925
2026-05-11,299.5372769175178,300.0356750488281,295.05169373572465,300.0356750488281,106175310
2026-05-12,311.49884993413525,323.9588039315007,300.0356922565591,319.97161865234375,214784784
2026-05-13,310.50205361434604,321.4668131320276,302.02928489613754,319.97161865234375,104400157
2026-05-14,341.4027261594174,351.8690871073703,334.4251521941154,339.90753173828125,178096977
2026-05-15,329.44117420863955,333.4283593730406,307.5116558044336,310.5020446777344,156299912
2026-05-18,299.0389064100922,308.010073602395,286.0805537989882,304.02288818359375,114548833
2026-05-19,290.56611146909506,294.05489839925576,273.6205749511719,273.6205749511719,115560544
2026-05-20,278.60457147771666,284.0869512384588,264.6494229958274,274.1189880371094,122061066
2026-05-21,290.56611539560777,294.05490237291355,279.1029581844603,292.0613098144531,148145474
2026-05-22,298.5404897987747,319.97161010152473,295.05170277274556,309.5052490234375,154923679
2026-05-25,294.0549005044473,302.527668824067,287.0773265941723,295.05169677734375,151776954
2026-05-26,299.5372905197018,312.9940406761609,294.55330898027245,302.5276794433594,150917334
2026-05-27,331.93318088238055,332.43157905187365,305.0196797297551,311.0004577636719,203221079
2026-05-28,309.00685722445263,337.9139503196434,305.0196719699436,322.9620056152344,222682982
2026-05-29,346.3867037990251,350.3738888787261,337.41553736969786,345.8883056640625,138575590
2026-06-01,360.84027299593504,380.2778015136719,358.34828216032776,380.2778015136719,126450074
2026-06-02,399.7153345046651,418.15606689453125,393.7345564322761,418.15606689453125,168848353
2026-06-03,428.6224091602292,429.12080731041556,398.71852014905045,400.2137145996094,147589260
2026-06-04,394.2329257240778,408.1880735373195,390.7441387707674,393.7345275878906,112746316
2026-06-05,368.81464301215277,372.8018283420139,354.36109619140626,358.8466796875,117804622
2026-06-08,322.9620104243373,346.8851223076215,322.9620104243373,338.412353515625,102333289
2026-06-09,349.37711256463336,364.8274556309724,340.90434378631846,361.8370666503906,98251615
2026-06-10,350.37389797634546,365.32584241345836,328.9427776164837,331.93316650390625,97665902
2026-06-11,334.92355095358454,352.36748589908376,323.95879184498506,338.9107360839844,100245196
2026-06-12,367.3194391587201,372.80181884765625,363.8306520839426,372.80181884765625,92187657
2026-06-15,389.747357278045,398.22012591452426,380.77619048647875,394.2329406738281,130292915
2026-06-16,401.2105109719669,431.114399988511,394.73133501838237,423.638427734375,166701698
2026-06-17,413.6704573642198,435.5999755859375,410.6800685158038,435.5999755859375,99235011
2026-06-18,442.0791525026141,458.02789306640625,426.1304119388219,458.02789306640625,178589022
2026-06-22,482.449418413521,503.38214111328125,478.46223313737624,503.38214111328125,94025445
2026-06-23,486.43659058288637,498.39814608902293,453.0439147949219,453.0439147949219,158743158
2026-06-24,438.59037551965895,455.53591275564577,433.6063939796628,442.07916259765625,121602945
2026-06-25,477.4654248635474,481.452610039861,460.02148971717565,475.4718322753906,108872443
2026-06-26,478.46224030832406,496.4045743198862,441.5807759512241,447.5615539550781,140427659
2026-06-29,454.5391255561879,463.5102925079548,439.08878247258946,451.5487365722656,75810195
2026-06-30,464.00867532129445,464.00867532129445,434.60318461887084,451.0503234863281,107365413
2026-07-01,453.54231954470384,453.54231954470384,410.68007835696255,419.6512451171875,98271197
2026-07-02,385.2617812098098,410.68008760269504,385.2617812098098,405.69610595703125,62267181
2026-07-03,397.72171881260016,418.15604271149317,392.2393392299703,408.1880798339844,60517156
2026-07-06,426.62883512698795,441.5807802833076,419.1528625488281,419.1528625488281,60787821
2026-07-07,423.0,437.0,402.0,403.0,79986019
2026-07-08,414.0,422.0,391.0,396.0,61497521
2026-07-09,414.0,435.5,412.5,435.5,83436696
2026-07-10,435.5,435.5,435.5,435.5,0
2026-07-13,466.5,466.5,420.5,423.0,128528268
2026-07-14,432.0,449.0,415.5,448.0,121275180
2026-07-15,460.0,489.5,453.5,481.0,155239236
2026-07-16,463.0,463.0,435.5,439.0,83109774
2026-07-17,400.5,413.5,395.5,395.5,79619347
2026-07-20,396.0,406.0,380.5,381.0,72324227
2026-07-21,392.5,415.0,389.0,405.0,68549073
2026-07-22,435.0,445.5,431.5,445.5,61961973
2026-07-23,452.0,452.0,415.0,426.0,87890897
2026-07-24,418.0,433.5,401.0,401.0,78502141
2026-07-27,401.5,440.0,387.0,436.0,79883290
2026-07-28,392.5,399.5,392.5,392.5,58623353
2026-07-29,378.0,378.0,353.5,353.5,54798783
2026-07-30,325.5,375.0,322.0,328.0,118586161
2026-07-31,360.5,360.5,360.5,360.5,7859041
2026-08-03,374.5,396.5,374.5,396.5,57086088
2026-08-04,400.0,436.0,400.0,436.0,116833104
2026-08-05,469.0,470.5,441.5,445.0,142126069
2026-08-06,441.0,462.5,436.0,459.0,105128551
2026-08-07,456.5,463.0,445.0,457.0,69468368
2026-08-10,473.0,502.0,473.0,502.0,98078059
2026-08-11,491.5,500.0,474.0,489.0,111956259
2026-08-12,497.0,511.0,480.5,482.5,91905821
2026-08-13,497.0,530.0,490.0,514.0,125124885
2026-08-14,532.0,542.0,501.0,512.0,102563387
2026-08-17,520.0,535.0,513.0,524.0,60992750
2026-08-18,540.0,553.0,511.0,515.0,83721595
2026-08-19,489.0,494.5,480.0,481.0,66452201
2026-08-20,498.0,523.0,498.0,517.0,86194917
2026-08-21,519.0,534.0,512.0,528.0,64317300
2026-08-24,521.0,538.0,500.0,501.0,69897278
2026-08-25,491.0,510.0,480.0,510.0,65309250
2026-08-26,510.0,522.0,504.0,517.0,57881824
2026-08-27,529.0,555.0,528.0,541.0,83466006
2026-08-28,550.0,569.0,531.0,540.0,75712439
2026-08-31,546.0,558.0,531.0,543.0,157365178
2026-09-01,551.0,551.0,516.0,518.0,78917788
2026-09-02,509.0,524.0,502.0,518.0,51883634
2026-09-03,533.0,539.0,477.5,477.5,117530881
2026-09-04,490.5,496.0,470.0,496.0,73558901
2026-09-07,519.0,525.0,508.0,517.0,55386547
2026-09-08,527.0,540.0,524.0,531.0,73545687
2026-09-09,535.0,535.0,521.0,523.0,36509816
2026-09-10,517.0,523.0,507.0,515.0,37271578
2026-09-11,498.0,498.0,490.0,493.0,36289746
2026-09-14,477.5,486.0,470.0,473.0,46342672
2026-09-15,473.5,476.5,465.5,465.5,32812350
2026-09-16,476.0,495.0,475.0,492.5,35443259
2026-09-17,499.0,504.0,488.0,488.0,43950007
2026-09-18,508.0,525.0,508.0,525.0,76407003
2026-09-21,525.0,528.0,513.0,516.0,33617221
2026-09-22,530.0,533.0,496.0,497.0,60522667
2026-09-23,514.0,526.0,513.0,515.0,60508390
2026-09-24,509.0,509.0,495.0,503.0,38189024
2026-09-29,491.0,499.0,488.0,497.0,6528807
