date,open,high,low,close,volume
2011-10-03,4.836681550056404,4.9049413355748435,4.212593743108344,4.222344875335693,56806200
2011-10-04,4.095576337035238,4.407620429992676,3.871294979427665,4.407620429992676,57671800
2011-10-05,4.3881175258180845,4.856183413837947,4.25159844409861,4.826929092407227,53137900
2011-10-06,4.826929293253086,4.875686342672484,4.651404752310282,4.836680889129639,35914300
2011-10-07,4.817177961918096,4.904940461228591,4.719664332118472,4.826929092407227,29683000
2011-10-10,5.080464809281453,5.1487245801385315,4.963448457796443,5.031707763671875,26958200
2011-10-11,5.03170664769455,5.1584745661784,4.992701205850526,5.070712089538574,23823400
2011-10-12,5.148723438208167,5.168226159130179,5.051209368616562,5.070712089538574,25595000
2011-10-13,4.982951976811571,5.4412663256266285,4.9732003801435996,5.382758140563965,37580700
2011-10-14,5.451016205156593,5.558280944824219,5.30474555608615,5.558280944824219,31319900
2011-10-17,5.490022265239358,5.538778843742778,5.275491831883105,5.304746150970459,29637900
2011-10-18,5.324249138914179,5.655795935067889,5.265740962824992,5.626541614532471,31427300
2011-10-19,5.597286875277246,5.704552089240657,5.373005782870792,5.392508506774902,27546700
2011-10-20,5.382756192225879,5.49977251999607,5.236485550022364,5.451015949249268,23439600
2011-10-21,5.529028121329719,5.704552653838944,5.26574109007505,5.324249267578125,39296000
2011-10-24,5.314496384318116,5.538777909554345,5.314496384318116,5.519275188446045,34548800
2011-10-25,5.470519562221847,5.499773416441904,5.343751620650586,5.3535027503967285,26533800
2011-10-26,5.392507785823537,5.47051867101031,5.080463780094893,5.333999156951904,50102800
2011-10-27,5.558280944824219,5.6167895764376565,5.353502129121914,5.558280944824219,53855400
2011-10-28,5.538778899196272,5.753309334700374,5.50952504479766,5.733806610107422,21809600
2011-10-31,5.626540440904554,5.646043162199586,5.431513227954236,5.451015949249268,23699700
2011-11-01,5.255989505222111,5.324249278270275,5.158475875854492,5.158475875854492,30226500
2011-11-02,5.265740501258514,5.392508437497449,5.207232330297838,5.294994354248047,22570800
2011-11-03,5.373005682813189,5.724054706549831,5.226735023765452,5.694800853729248,32490000
2011-11-04,5.529027493343846,5.802065624013246,5.441265004566449,5.743557453155518,20811200
2011-11-07,5.66554767238284,5.763061309647785,5.5485313076649065,5.704553127288818,24821000
2011-11-08,5.74355832003753,5.811818095498212,5.607039234097844,5.763061046600342,23164100
2011-11-09,5.577784438452677,5.577784438452677,5.197481070258132,5.216983795166016,36730300
2011-11-10,5.363253960809324,5.4120110009911375,4.934193588146786,5.051209926605225,53084800
2011-11-11,5.129221435683604,5.304745948565631,5.129221435683604,5.294994354248047,19289000
2011-11-14,5.2657408399265435,5.294994694797549,5.090215850773954,5.216983795166016,22943600
2011-11-15,5.177978591329606,5.568033572998436,5.129222009234541,5.324249267578125,41898700
2011-11-16,5.31449747877864,6.669938502378654,5.31449747877864,6.572424411773682,72164600
2011-11-17,6.738198930646469,6.825961440822625,6.123862754358541,6.172619342803955,96098100
2011-11-18,6.201872882749129,6.36764628543774,5.9970940282492755,6.133613109588623,43618300
2011-11-21,5.928832734754718,6.006843618372826,5.714302804804922,5.938584327697754,41397000
2011-11-22,5.9093316256465185,6.201872983987916,5.8605750425774,5.948337078094482,38105400
2011-11-23,5.880078283962041,5.889829415437504,5.529028716192827,5.5680341720581055,39724000
2011-11-25,5.51927585807789,5.71430355780438,5.3242486233330055,5.363254070281982,18263700
2011-11-28,5.607038808097137,5.714304028533855,5.412011557286415,5.480270862579346,22267700
2011-11-29,5.490022372451395,5.607038721122711,5.421762603235643,5.4997735023498535,20816100
2011-11-30,5.7143041230494696,5.870325926278675,5.626541626242216,5.841071605682373,19709400
2011-12-01,5.811817218313672,5.8313199419329145,5.607038387820817,5.743557453155518,22135000
2011-12-02,5.841072205739907,5.860575398128787,5.538779698437771,5.655796527862549,27340600
2011-12-05,5.7240559052030395,5.743558632827957,5.5387797602754665,5.587536811828613,26033700
2011-12-06,5.607039897090948,5.626542625959821,5.363255553739167,5.509526252746582,31710700
2011-12-07,5.480270459659269,5.928833568526344,5.421762288717686,5.90933084487915,31511900
2011-12-08,5.821567431930409,5.948335348006362,5.63629181918129,5.675297260284424,32613800
2011-12-09,5.694800876598215,5.841071071251732,5.646043835059303,5.743557453155518,23982100
2011-12-12,5.577783192545053,5.704551108621007,5.49002118255377,5.675297260284424,19996300
2011-12-13,5.655795164039001,5.802065351830794,5.431513620448245,5.470519065856934,20509300
2011-12-14,5.499773098293801,5.587535585840392,5.177977930598437,5.314496994018555,36992800
2011-12-15,5.392508898063312,5.441265478870628,5.343751852274347,5.412011623382568,17193800
2011-12-16,5.451018163417109,5.5582829416192565,5.3730072465494585,5.538780212402344,23098300
2011-12-19,5.558281268330995,5.597286715022457,5.30474586483649,5.314496994018555,31607800
2011-12-20,5.451017003628917,5.675298574394909,5.441265408604393,5.6460442543029785,19290700
2011-12-21,5.743558246465519,5.753309842112852,5.382757577184322,5.4022603034973145,26623100
2011-12-22,5.568033557735709,6.3871489704967805,5.54853083195481,6.250629425048828,67720600
2011-12-23,6.328639168936844,6.37739620694895,6.094606502434514,6.240877151489258,23493200
2011-12-27,6.192120977865488,6.240878022683828,6.045850308392109,6.094607353210449,13530400
2011-12-28,6.104359777570283,6.17261909161243,5.909332036780013,6.016597270965576,19365100
2011-12-29,6.026347969515598,6.143364791579511,5.9873425171548496,6.114110469818115,13894400
2011-12-30,6.104359253221023,6.211624013211107,6.094607657777381,6.133613109588623,15259600
2012-01-03,6.474910245583855,6.786954286508737,6.426153669333521,6.5919270515441895,42035300
2012-01-04,6.533418630125021,6.874716999967211,6.435905009447947,6.816208362579346,43038500
2012-01-05,6.786954512834814,7.14775514204173,6.728446340394365,6.9819817543029785,53469800
2012-01-06,6.991733655668065,7.1380043256784305,6.874717305652428,7.020987510681152,33006500
2012-01-09,7.050242165536017,7.1575073906358675,6.942976940436165,7.108750343322754,28692200
2012-01-10,7.216015257601831,7.255020707779545,7.030739136766865,7.06974458694458,26672800
2012-01-11,7.089247674998111,7.108750401085494,6.962479722939284,7.040490627288818,20210400
2012-01-12,7.040490655646569,7.138004751457923,6.942977024816885,7.089247703552246,30026700
2012-01-13,7.0404903520208135,7.108750123148679,6.913722869899989,7.050241947174072,29225000
2012-01-17,7.1185012883123155,7.196512184899581,6.962479030156162,6.9819817543029785,30684100
2012-01-18,7.0697443367485056,7.557312911696679,7.030738887951182,7.459799289703369,48911100
2012-01-19,7.5378094722951685,7.74258829154753,7.489052433432574,7.684080123901367,43923400
2012-01-20,7.635323105049791,7.781593757039342,7.489052453060239,7.567063808441162,38677500
2012-01-23,7.596318383027218,7.859605860662592,7.5768156585707045,7.6743292808532715,33180100
2012-01-24,7.6548271635920875,7.7718435196131255,7.576816259578061,7.752340793609619,29248700
2012-01-25,7.8010965434463255,7.8401019889650305,7.596317721982333,7.664577484130859,30951100
2012-01-26,7.576814599370816,7.606068914456797,7.264770586707128,7.3622846603393555,42242300
2012-01-27,7.284274270327252,7.430544935109102,7.157506794832498,7.245268821716309,29119800
2012-01-30,7.157508350424872,7.401292689717472,7.108751296573662,7.3720383644104,21759000
2012-01-31,7.411042213439941,7.489053110689579,7.333031316190303,7.411042213439941,21798900
2012-02-01,7.547560858721408,7.645074939775324,7.411041796220162,7.5085554122924805,26899200
2012-02-02,7.537810600962603,7.61582150283838,7.4890535547994155,7.528059005737305,20660800
2012-02-03,7.684081485088179,7.7718435196131255,7.547561938081969,7.752340793609619,15179500
2012-02-06,7.508556005996913,7.684080993787513,7.489053281240362,7.537810325622559,32638600
2012-02-07,7.5378094722951685,7.723085568998808,7.508555155981296,7.684080123901367,20245400
2012-02-08,7.742589216174532,8.025378494411145,7.693832171489327,7.9668707847595215,42113700
2012-02-09,7.996122520105066,7.996122520105066,7.791343730677214,7.957117080688477,27434500
2012-02-10,7.888860517006471,7.9083627784643715,7.606070751141769,7.7133355140686035,26191000
2012-02-13,7.820600011105939,7.820600011105939,7.50855550582428,7.6548261642456055,24807300
2012-02-14,7.723086942004661,8.15214691435455,7.723086942004661,8.132644653320312,41142100
2012-02-15,8.191152133097198,8.337423271523082,8.064385115076725,8.074135780334473,33448200
2012-02-16,8.171649592773093,8.288665941528492,8.093638693602829,8.24966049194336,18749000
2012-02-17,8.230156242281408,8.366675763229889,8.132643095858056,8.220405578613281,18917300
2012-02-21,8.220406008761513,8.249659861222966,7.957118546718821,8.005875587463379,18768100
2012-02-22,8.00587654989622,8.03513040587445,7.810849293435833,7.8401031494140625,19381700
2012-02-23,7.83035056552944,7.83035056552944,7.547560846872857,7.625572204589844,31618800
2012-02-24,7.6938326155991,7.869357149630658,7.6548271635920875,7.752340793609619,17292600
2012-02-27,8.1423967303757,8.571456728101001,8.103391276037035,8.347175598144531,59879300
2012-02-28,8.581206938393345,8.932255970750244,8.551953084854413,8.659217834472656,71856200
2012-02-29,8.844492166432913,8.873746945589653,8.298415974990437,8.337421417236328,48164700
2012-03-01,8.376429039235132,8.620213349201402,8.317920395659357,8.49344539642334,33725100
2012-03-02,8.522699021432562,8.688472422098052,8.395931072102286,8.4349365234375,24787200
2012-03-05,8.347173233465904,8.376427083441705,7.966869463928008,7.996123313903809,30167800
2012-03-06,7.771843073220083,7.840102842802537,7.586567419319323,7.801097393035889,37490200
2012-03-07,7.840103178888267,8.04488203143235,7.6450759216946915,7.88886022567749,32056600
2012-03-08,7.927863233616793,8.035127959521656,7.810846915367025,7.957117080688477,18794500
2012-03-09,7.957118989972706,8.152146233851791,7.918113541196889,8.122892379760742,25549500
2012-03-12,8.054634395844511,8.093639851007492,7.8108500685850295,7.8791093826293945,19889300
2012-03-13,8.035132007294662,8.288667956205117,7.996126548228708,8.278916358947754,31182100
2012-03-14,8.464190413565253,8.629963796685363,8.308168624737672,8.366676330566406,34004800
2012-03-15,8.415433052737999,8.668968914943882,8.249659675908244,8.61046028137207,34668100
2012-03-16,8.649466961770289,8.668970152399277,8.454439705296979,8.600709915161133,33081100
2012-03-19,8.542202795327057,8.58120824932549,8.395931645360402,8.415434837341309,26237300
2012-03-20,8.36667756008103,8.415434608745485,8.23990960553879,8.356925964355469,18186300
2012-03-21,8.522698402404785,8.756731093417613,8.493444548518994,8.522698402404785,30788500
2012-03-22,8.512947657639705,8.551954039999115,8.269163347673436,8.49344539642334,33388600
2012-03-23,8.27891411051174,8.39593045592962,8.044881419675983,8.19115161895752,47816200
2012-03-26,8.21065424411548,8.230156502030393,7.908361341747272,8.044880867004395,35598900
2012-03-27,8.122892053032505,8.434935630687669,8.103389794410667,8.366676330566406,39442300
2012-03-28,8.298414446095025,8.532447056452328,8.239905828524236,8.425182342529297,35128600
2012-03-29,8.395930869277997,8.542202005724,8.200903617313285,8.210655212402344,45879200
2012-03-30,8.31792140786675,8.327673004643273,7.879109782521172,7.898612976074219,50946900
2012-04-02,7.966872293582978,8.04488320786826,7.762093411093248,7.898612976074219,27362500
2012-04-03,7.830351045069913,7.888859683186196,7.7230862934805256,7.791345596313477,26508300
2012-04-04,7.5573140689872575,7.606071119941145,7.2647726932273295,7.4695515632629395,52000600
2012-04-05,7.459798584381585,7.5865665134778295,7.3915388229493955,7.401290416717529,19809500
2012-04-09,7.255021723992188,7.284275583232247,7.1477564884879845,7.167259216308594,17380900
2012-04-10,7.138004305806345,7.235517930547899,6.855214561565019,6.972230911254883,23149500
2012-04-11,7.050241725157538,7.245268972264698,6.972230826314674,6.991733551025391,22609600
2012-04-12,7.0989988559097235,7.362285875202739,6.933225461358262,6.972230911254883,57618700
2012-04-13,6.894221553978327,6.923475415455248,6.757701983813552,6.786956310272217,97311100
2012-04-16,6.874716698930666,7.020986891050449,6.777202617542009,6.942975997924805,56312600
2012-04-17,6.972230291410639,7.14775480034098,6.913722121767192,7.05999231338501,40078800
2012-04-18,6.981981903379415,7.050241671841539,6.8649655560000316,6.894219875335693,28851500
2012-04-19,6.894219650972635,7.128252338115125,6.786954436874852,6.835711479187012,31230600
2012-04-20,6.630932024202065,6.669937468404771,6.474909782409668,6.474909782409668,50173100
2012-04-23,6.3871489896780185,6.5821762480726935,6.299386490909584,6.465159893035889,35940900
2012-04-24,6.494412814144437,6.572423706269166,6.338391029894979,6.348142623901367,28535200
2012-04-25,6.474910771099775,6.523667816288928,6.240878070147784,6.357894420623779,31170000
2012-04-26,6.3383918290917345,6.513916358503956,6.3383918290917345,6.435905456542969,24063100
2012-04-27,6.484662397582915,6.513916252852982,6.328640131209854,6.406651496887207,23209100
2012-04-30,6.4066514117429785,6.513916166283208,6.348143236998769,6.426154136657715,19132600
2012-05-01,6.406650794580588,6.660186194048709,6.357893754499767,6.513915538787842,29565100
2012-05-02,6.484661594906078,6.699191545264577,6.484661594906078,6.650434970855713,28171600
2012-05-03,6.738197758974068,6.796705933923897,6.260380764392981,6.309137344360352,34534500
2012-05-04,6.484661031938878,6.718693684739647,6.387147426605225,6.387147426605225,34523000
2012-05-07,6.435905407562376,6.5821760801168585,6.240878154144166,6.3383917808532715,36590900
2012-05-08,6.270131669679911,6.270131669679911,5.938585356846433,6.084855556488037,35849500
2012-05-09,5.97759032809689,6.279882762856262,5.889827843334574,6.201871871948242,36700200
2012-05-10,6.289634916833592,6.309137642739213,6.055602205966139,6.133613109588623,25417400
2012-05-11,6.0848550706046245,6.250628446274961,6.06535234787762,6.201871871948242,18440800
2012-05-14,6.055602073669434,6.114110250108069,5.948336851041109,6.055602073669434,30453100
2012-05-15,6.01659720679978,6.026348337995363,5.811818336893859,5.870326519012451,44146400
2012-05-16,5.95808870172645,6.367646419338455,5.870326200814828,5.99709415435791,54051400
2012-05-17,6.006845181415209,6.09460768081305,5.763060874182687,5.802066326141357,32690400
2012-05-18,5.850823319047417,5.860574914437026,5.451017207706641,5.490022659301758,33622900
2012-05-21,5.50952452714614,5.665546309230611,5.490021804385581,5.636292457580566,27203500
2012-05-22,5.6655478117213,5.6948021361111145,5.49002326032755,5.5680341720581055,25413200
2012-05-23,5.49002122013996,5.655794578453977,5.451015778769785,5.607037544250488,25617400
2012-05-24,5.607038295341981,5.685049188532292,5.529027402151671,5.597286701202393,22189900
2012-05-25,5.616790395481414,5.860574691153732,5.607038800463332,5.811817646026611,21177100
2012-05-29,5.889829284703172,5.997094518442616,5.870326557203428,5.967840194702148,20990400
2012-05-30,5.8898286516823255,5.899580246874977,5.7435579786641195,5.841071605682373,25220500
2012-05-31,5.841071047795379,5.841071047795379,5.597286771043018,5.694800853729248,30707900
2012-06-01,5.558281268330995,5.607038309186123,5.265740418145028,5.314496994018555,30331900
2012-06-04,5.333999971811298,5.42176246354441,5.168227047955543,5.255989074707031,18704000
2012-06-05,5.275491638494615,5.509524787669395,5.255988914811851,5.46076774597168,31258900
2012-06-06,5.529026661510136,5.665545706305752,5.499772347991735,5.607037544250488,35081500
2012-06-07,5.724055190749435,5.743557915940101,5.499773618565951,5.529027938842773,33187500
2012-06-08,5.50952504479766,5.753309334700374,5.499773450010368,5.733806610107422,19022300
2012-06-11,5.821569635182412,5.889829415437504,5.55828257560093,5.5680341720581055,21462000
2012-06-12,5.577784184468541,5.792314613668265,5.577784184468541,5.7728118896484375,21282500
2012-06-13,5.763060550052214,5.841071449582006,5.665546925639974,5.714303970336914,31202500
2012-06-14,5.704552323326205,5.7435577727350084,5.509525076282192,5.616790294647217,32597900
2012-06-15,5.62654111144006,5.753309047455943,5.548530216963089,5.743557453155518,27553500
2012-06-18,5.665547059044417,5.8508231822811165,5.665547059044417,5.7923150062561035,19383900
2012-06-19,5.870326173198555,5.997094126145273,5.831320720750592,5.948337078094482,22652800
2012-06-20,5.967840194702148,6.045851104701126,5.850823829703684,5.967840194702148,30272100
2012-06-21,5.7728133249672355,5.821569914648551,5.470520795008836,5.509526252746582,51272200
2012-06-22,5.538778531309659,5.607038295341981,5.392508339068628,5.597286701202393,33486500
2012-06-25,5.519275241291102,5.58753499831449,5.412010506659204,5.451015949249268,19795900
2012-06-26,5.4705199335042,5.548530836694433,5.382757434924357,5.490022659301758,17684200
2012-06-27,5.490022037769354,5.597286785021515,5.421762272714845,5.577784061431885,13836100
2012-06-28,5.490021280130994,5.831319128340263,5.460766966292923,5.821567535400391,34680300
2012-06-29,5.948336897725898,6.162867344666264,5.919083041767812,6.153115749359131,32253900
2012-07-02,6.562671916205801,6.650434393496864,6.289633356290023,6.387147426605225,51141600
2012-07-03,6.416402688158027,6.757700614446542,6.406651557968918,6.718695163726807,46397000
2012-07-05,6.669937010932488,6.738196301114724,6.494412059077502,6.640682697296143,21914500
2012-07-06,6.53341952204248,6.5821765715279525,6.387149303549428,6.552922248840332,22702200
2012-07-09,6.543170421039966,6.65043563949452,6.260380680099299,6.328639984130859,19842000
2012-07-10,6.270131524815038,6.318888566890174,5.909330901400187,6.006844520568848,36372300
2012-07-11,6.045850478438834,6.094607524628524,5.870325949122928,6.055602073669434,33358600
2012-07-12,5.987342645395611,6.026348098591802,5.792315379414651,5.977591514587402,38542700
2012-07-13,5.977591514587402,6.0848562783860904,5.889829012405131,5.977591514587402,25684400
2012-07-16,5.938586386224719,5.948337517566301,5.704553189264554,5.850823879241943,27492500
2012-07-17,5.870325914061575,5.928834090150763,5.597287293997052,5.626541614532471,35517600
2012-07-18,5.558281323961169,5.811817194974795,5.538778600420245,5.694800853729248,24954300
2012-07-19,5.75330879414392,5.860574001817787,5.616789734820008,5.636292457580566,23679200
2012-07-20,5.831320199951153,5.977590866058312,5.65579567961154,5.685049533843994,44481200
2012-07-23,5.5680333579349925,5.6557958532906385,5.431514282367488,5.480270862579346,42241400
2012-07-24,5.5387797602754665,5.616791135756842,5.421763394525958,5.587536811828613,32284100
2012-07-25,5.568032918222435,5.782562877172604,5.568032918222435,5.694800853729248,27639700
2012-07-26,5.772812195917572,5.92883399635373,5.743557875844971,5.811817646026611,22586300
2012-07-27,5.889828162479302,6.143364036649985,5.841071120529059,6.123861312866211,23951500
2012-07-30,6.045848493991845,6.0848539321480635,5.8605728952405585,5.9580864906311035,27533800
2012-07-31,6.065353203918379,6.338391825613665,6.026347752959289,6.055602073669434,51573800
2012-08-01,6.153115922178864,6.2603811486617555,6.016596838916246,6.114110469818115,23396400
2012-08-02,6.036098838810252,6.143364052386586,5.91908249580786,6.006844520568848,17632000
2012-08-03,6.162868211107561,6.289635713051015,6.084856832627799,6.172619342803955,22472200
2012-08-06,6.231126505340219,6.4749108025051285,6.162867199722298,6.406651496887207,26896900
2012-08-07,6.533418169314944,6.806456752934621,6.504164317665942,6.650434970855713,43058500
2012-08-08,6.58217608620773,6.767452209617302,6.474910864237631,6.718695163726807,31848700
2012-08-09,6.650434290168771,6.747947893987352,6.5334175006049335,6.640682697296143,20530400
2012-08-10,6.582175457305159,6.679689074787433,6.484661839822885,6.5919270515441895,22000700
2012-08-13,6.591928167417722,6.611430894215574,6.435905888053217,6.552922248840332,15999100
2012-08-14,6.601677358339263,6.611428951363402,6.3091360773567535,6.387147426605225,27521900
2012-08-15,6.396899753144054,6.426154072715891,6.260380680099299,6.328639984130859,34554600
2012-08-16,6.387148602456881,6.504164950399565,6.348143153142653,6.445656776428223,15837900
2012-08-17,6.445656947235061,6.523667847930769,6.348143321365426,6.406651496887207,14958900
2012-08-20,6.377397028423375,6.435905202585413,6.24087795537862,6.328639984130859,16021800
2012-08-21,6.309138586907817,6.465160882483334,6.250630400435148,6.299387454986572,24481500
2012-08-22,6.27988341781052,6.318888867332565,6.104358894961317,6.162867069244385,26041200
2012-08-23,6.133613005805475,6.143364601084116,6.00684505707307,6.104359149932861,18181300
2012-08-24,6.075104659375139,6.153115559498472,5.919082859128472,6.143364429473877,19076600
2012-08-27,6.143364001951259,6.153115131297263,5.997093341908303,6.075104236602783,13222300
2012-08-28,6.0848542868655935,6.143362912492191,6.026346126220523,6.045848846435547,14263800
2012-08-29,6.06535156665057,6.133611319893915,6.016594998603775,6.045848846435547,16111300
2012-08-30,6.055601478172684,6.104358519567695,5.9678389896543065,6.0263471603393555,18488300
2012-08-31,6.065353203918379,6.143364570818213,6.016596622710344,6.055602073669434,20650100
2012-09-04,6.055600653124915,6.065351781086407,5.919081606793227,5.938584327697754,18706900
2012-09-05,5.95808947222201,6.05560311641105,5.870326959961008,6.036100387573242,29149500
2012-09-06,6.240877416283712,6.533418261823851,6.231125822274909,6.513915538787842,45887300
2012-09-07,6.387147716436675,6.406650438388386,6.094606422179434,6.260379791259766,63824900
2012-09-10,6.260381020430108,6.3286403281724235,6.192121247706131,6.250629425048828,21166500
2012-09-11,6.279882762856262,6.318888208310272,6.133612109912931,6.201871871948242,29081200
2012-09-12,6.221375314426429,6.31888893934281,6.2116237194439705,6.309137344360352,16725000
2012-09-13,6.309137508365537,6.49441363301371,6.260380927130747,6.435905456542969,30512400
2012-09-14,6.47491095532994,6.630933225385534,6.455408229695697,6.533419132232666,20525400
2012-09-17,6.523667847930769,6.572424428374763,6.348143321365426,6.406651496887207,20437100
2012-09-18,6.377397799152866,6.4066521222601835,6.240878709609331,6.318889617919922,18295100
2012-09-19,6.387148904903328,6.552921839847716,6.387148904903328,6.4846625328063965,24783700
2012-09-20,6.416402651189427,6.435905376436929,6.231126528847339,6.289634704589844,37495900
2012-09-21,6.338390931037278,6.3578936537642825,6.1433637037672275,6.201871871948242,26892900
2012-09-24,6.09460755465422,6.104359149932861,5.958088475624829,6.104359149932861,38107000
2012-09-25,6.192119119568414,6.201870711598219,5.938583771552994,5.9580864906311035,36271200
2012-09-26,5.948336808989472,5.948336808989472,5.72405523506943,5.7923150062561035,33656700
2012-09-27,5.860575387816868,5.91908356993546,5.753310154775267,5.870326519012451,38639200
2012-09-28,5.899580537399327,6.084856205367068,5.821569166961409,5.831320762634277,41019800
2012-10-01,5.919082959960057,5.948336815513825,5.57778456863399,5.626541614532471,40669400
2012-10-02,5.665546535927057,5.704551983008907,5.597286771043018,5.694800853729248,20219900
2012-10-03,5.733806300811096,5.7533090243520215,5.626541088845208,5.694800853729248,14783500
2012-10-04,5.694801160921518,5.743557739913082,5.626541392355371,5.733806610107422,14778900
2012-10-05,5.7630601767747605,5.8800769834718265,5.704552005917032,5.743557453155518,17263600
2012-10-08,5.68505039983583,5.753310178412141,5.655796541147196,5.704553127288818,11144500
2012-10-09,5.685049598621805,5.7143039181692235,5.558281655552378,5.616790294647217,16388700
2012-10-10,5.646044149213002,5.65579574405602,5.499773481439174,5.616790294647217,16794300
2012-10-11,5.626540264935576,5.646042985620664,5.529026661510136,5.607037544250488,23649500
2012-10-12,5.616790434691594,5.655795885072926,5.490022488461441,5.529027938842773,20027100
2012-10-15,5.616789973592753,5.616789973592753,5.499773167073365,5.577784061431885,15011600
2012-10-16,5.577783824317302,5.6557951803411255,5.529027249906699,5.636292457580566,16460300
2012-10-17,5.6070381409489345,5.704551754751728,5.529027249906699,5.636292457580566,16544400
2012-10-18,5.636294222885124,5.67529968062287,5.509526252746582,5.509526252746582,16866700
2012-10-19,5.61678990334979,5.626541032531855,5.30474586483649,5.314496994018555,23348000
2012-10-22,5.324248875368152,5.334000005076185,5.216983658690026,5.304746150970459,26365300
2012-10-23,5.2169835425865525,5.353502610332186,5.158475370695567,5.275491714477539,36240300
2012-10-24,5.334000955312112,5.3632552796110335,5.031708440804568,5.041460037231445,35474400
2012-10-25,5.070713992873203,5.568034260530121,5.0512112646306795,5.548531532287598,46181100
2012-10-26,5.4607670778711865,5.548529556197082,5.275490993061824,5.333999156951904,28145300
2012-10-31,5.402259566833424,5.5095247794188005,5.246237777604955,5.294994354248047,18546200
2012-11-01,5.382757233402174,5.655795849327503,5.373006103359292,5.6460442543029785,20757200
2012-11-02,5.675299408178476,5.724055995519217,5.509525988260188,5.5680341720581055,24445700
2012-11-05,5.558281323961169,5.733806300811096,5.490022024058737,5.694800853729248,20052000
2012-11-06,5.733805525709449,5.938584327697754,5.714302804804922,5.938584327697754,46489800
2012-11-07,5.7923153689354,5.870326275186649,5.616790829870089,5.763061046600342,39729900
2012-11-08,5.724056086470306,5.782564271197875,5.519277207432953,5.548531532287598,30618500
2012-11-09,5.54853063285392,5.6557958532906385,5.451017007448559,5.480270862579346,22103800
2012-11-12,5.490022438189315,5.548530613225554,5.363254493119976,5.431514263153076,19265200
2012-11-13,5.3339997041942935,5.665546465234715,5.3242485750363056,5.597286701202393,29127300
2012-11-14,5.646044524778077,5.675298846271443,5.382757491264445,5.421762943267822,21264400
2012-11-15,5.499772520464573,5.499772520464573,5.275490993061824,5.333999156951904,19620000
2012-11-16,5.3437507500910275,5.382756192684414,5.197480107875052,5.333999156951904,25895300
2012-11-19,5.4217630298103066,5.529028257022602,5.373006446518662,5.4022603034973145,28105900
2012-11-20,5.343752039261067,5.451017264761188,5.314497717767701,5.421762943267822,17348700
2012-11-21,5.392509737231936,5.421763597272407,5.324249955501302,5.382758140563965,17426100
2012-11-23,5.431515434200196,5.568034538718584,5.402261107883956,5.538780212402344,13674700
2012-11-26,5.538778222613598,5.6460434272628,5.4802700559817366,5.558280944824219,29431300
2012-11-27,5.568034538718584,5.63629432346865,5.509526351067846,5.538780212402344,34241300
2012-11-28,5.480270941818678,5.646044339895533,5.441265491092553,5.626541614532471,24166600
2012-11-29,5.655796282995714,5.772812642372587,5.597287638325598,5.763061046600342,25011800
2012-11-30,5.733805523849264,5.831319128340263,5.704551210011192,5.821567535400391,20270200
2012-12-03,5.8703252189287705,5.8800768129463945,5.753308880606851,5.782562732696533,15082300
2012-12-04,5.850823230938079,5.899580277188558,5.772812328922636,5.889828681945801,20645500
2012-12-05,5.89957968967922,6.045849883901038,5.870325371845891,6.0263471603393555,18644200
2012-12-06,5.997093989897143,6.260381020430108,5.948336942954066,6.250629425048828,30376200
2012-12-07,6.2603820861152775,6.3481445995596895,6.1921223017716525,6.2798848152160645,22046900
2012-12-10,6.28963472903882,6.562673348546841,6.270132003715507,6.504165172576904,32458100
2012-12-11,6.533420020450333,6.669939583431503,6.465160703941468,6.601679801940918,24442700
2012-12-12,6.689441608205284,6.689441608205284,6.474911154643203,6.543170928955078,28353700
2012-12-13,6.57242330959663,6.630931940140537,6.455406978471949,6.494412422180176,24047400
2012-12-14,6.572425128646743,6.718695815526716,6.523668543007882,6.679690361022949,23368900
2012-12-17,6.679689472313591,6.7284465164471925,6.377397007637507,6.445656776428223,34772400
2012-12-18,6.455408229695697,6.543170727540615,6.387148922466678,6.533419132232666,28810700
2012-12-19,6.543169763185669,6.699191545264577,6.533418169314944,6.650434970855713,25576000
2012-12-20,6.669938533567586,6.6991923889005545,6.562673312389526,6.621181488037109,19997000
2012-12-21,6.318888867332565,6.3286399972222585,6.026347530935591,6.162867069244385,58144400
2012-12-24,6.221374896645739,6.221374896645739,6.0263471949279275,6.075104236602783,6840000
2012-12-26,6.075104201734367,6.182369413814428,6.016596031049318,6.0263471603393555,10342300
2012-12-27,6.026346993834704,6.104358350907632,5.919082249699916,6.065352439880371,18455400
2012-12-28,6.006845371993706,6.1238621965639615,5.958088787989307,5.977591514587402,15127400
2012-12-31,5.987341999104124,6.201872433507806,5.958088144855568,6.182369709014893,18787600
2013-01-02,6.435905571785857,6.504165344714823,6.28963489549902,6.465159893035889,29556500
2013-01-03,6.474911058194578,6.79670626876265,6.445657201769298,6.728446960449219,39091500
2013-01-04,6.777204713125414,6.786956310272217,6.6796910665661064,6.786956310272217,18802700
2013-01-07,6.884468050602775,7.098998478614027,6.855214197225905,7.001484394073486,31133300
2013-01-08,6.962479450721337,7.108750123148679,6.884468549421861,7.050241947174072,30791800
2013-01-09,7.069743860167079,7.196511792703588,7.059992266134302,7.128252029418945,20647500
2013-01-10,7.186760459858395,7.255020225623795,7.098998435281868,7.235517501831055,18685600
2013-01-11,7.206263624248927,7.372037019113574,7.118501594306546,7.352534294128418,25837200
2013-01-14,7.313528591877894,7.498804705336596,7.2745231432530755,7.411042213439941,31488200
2013-01-15,7.352534040502713,7.430544937752351,7.245268824293649,7.411042213439941,20793800
2013-01-16,7.440296955468295,7.557313307996515,7.401291504625554,7.479302406311035,18978000
2013-01-17,7.508557081204091,7.6743304978639495,7.508557081204091,7.6158223152160645,28642800
2013-01-18,7.615821023656392,7.791345541833014,7.596318299414545,7.693831920623779,33156900
2013-01-22,7.645074844360352,7.7328368652393165,7.50855531858135,7.645074844360352,23287200
2013-01-23,7.684081509044693,7.703584235109003,7.489053783419928,7.5865678787231445,23846100
2013-01-24,7.528058781931187,7.693832175979665,7.508556057042051,7.635324001312256,18816000
2013-01-25,7.693832005309785,7.879108120137476,7.635323831940244,7.6743292808532715,30082500
2013-01-28,7.69383150324251,7.791345119161746,7.586566758222149,7.625572204589844,20638000
2013-01-29,7.61582113831821,7.625572733076762,7.352534124598484,7.391539573669434,35140300
2013-01-30,7.391539521817239,7.5378101872980166,7.3622856677100605,7.459799289703369,21175000
2013-01-31,7.450049278586956,7.508557464219373,7.3525356358662615,7.3720383644104,25680800
2013-02-01,7.45979947731003,7.6450755962476435,7.45979947731003,7.635324001312256,18710800
2013-02-04,7.606069253640831,7.810848073429886,7.537809492050618,7.567063808441162,27028200
2013-02-05,7.625572702202803,7.732837454222811,7.4793020362881375,7.6743292808532715,21156900
2013-02-06,7.508556486074956,7.859606484101403,7.508556486074956,7.752340793609619,46545300
2013-02-07,7.7815946175702715,7.840102791839927,7.4402967018398005,7.537810325622559,58974800
2013-02-08,7.586567284689731,7.615821139004765,7.469550472484702,7.557312965393066,24731700
2013-02-11,7.567065298262616,7.752340966947757,7.5280593804017855,7.7133355140686035,20221800
2013-02-12,7.713334762356426,7.781594530733446,7.654826588739679,7.723086357116699,19868600
2013-02-13,7.752340793609619,7.781595115105712,7.6548271635920875,7.752340793609619,15371200
2013-02-14,7.70358483439598,7.888860978910991,7.6645793792329995,7.8791093826293945,24535600
2013-02-15,7.9083627784643715,8.015628471354558,7.6938327876290264,7.7133355140686035,40145400
2013-02-19,7.703584663532241,7.91811466217041,7.684081936383317,7.91811466217041,24703800
2013-02-20,7.996123684680901,8.044880723543494,7.664577401352646,7.684080123901367,32447700
2013-02-21,7.625573272584981,7.684081450330852,7.450048274365709,7.489053726196289,37865800
2013-02-22,7.567064623553628,7.830351174521422,7.528058709170717,7.820600509643555,28722100
2013-02-25,7.918114285429368,8.015628381515997,7.684081570777467,7.732838153839111,36297900
2013-02-26,7.78159531684114,7.879108949386683,7.654827362041096,7.762092590332031,25972800
2013-02-27,7.771844196803725,8.025379656940826,7.7523414691008705,7.97662353515625,21590500
2013-02-28,8.025379729960813,8.288667253817458,8.015629063493229,8.171650886535645,44039800
2013-03-01,8.113140164651366,8.152145610444375,7.996123827272338,8.044880867004395,19215200
2013-03-04,8.025378230458045,8.327671153593336,7.996124376594388,8.19115161895752,40980800
2013-03-05,8.337422089565997,8.571454761913737,8.308168238013323,8.512946128845215,36701000
2013-03-06,8.60070992410299,8.65921856608747,8.425185858076183,8.4349365234375,19929100
2013-03-07,8.551950486433341,8.727474484299034,8.493441867169475,8.71772289276123,26147300
2013-03-08,8.805487645102007,9.010266470800342,8.698222900198383,8.971261024475098,34822800
2013-03-11,8.922506422561357,9.166290761210176,8.776236191357446,9.117534637451172,43535800
2013-03-12,9.127282307275955,9.215044789166814,8.971260530564713,9.088276863098145,35260600
2013-03-13,9.117533001986363,9.419825006907494,9.117533001986363,9.273554801940918,41491000
2013-03-14,9.380819257068048,9.497835603293627,9.341813808326188,9.449078559875488,25192800
2013-03-15,9.497834036353003,9.507585629420477,9.039520321738987,9.137033462524414,43397000
2013-03-18,8.824990457060522,9.088276976041927,8.756730231428698,8.95175838470459,28917300
2013-03-19,9.039522042461657,9.17604065154094,8.863997053687402,9.01026725769043,26663100
2013-03-20,9.098028754633324,9.24429894260031,8.961509230557807,9.078526496887207,31547600
2013-03-21,9.117531961002307,9.137034218788337,8.84449291229248,8.84449291229248,39419600
2013-03-22,9.50758693515575,10.014658684746408,9.488083746342312,9.790376663208008,99807600
2013-03-25,9.761123491290178,9.878139842449015,9.536841454096601,9.634355545043945,39368000
2013-03-26,9.673361778259277,9.848886784183765,9.556345417630743,9.673361778259277,29906700
2013-03-27,9.517340728104324,9.790378924822724,9.43932981475621,9.71236801147461,27592700
2013-03-28,9.7611235292725,9.78062578955988,9.624603987407651,9.731868743896484,21787500
2013-04-01,9.722118777704775,9.73186944356784,9.10778219009027,9.146787643432617,44911900
2013-04-02,9.27355790515565,9.468585220360922,9.020021930407003,9.068778991699219,36023200
2013-04-03,9.11753209632688,9.215045246630693,8.824990785489057,8.873747825622559,31012800
2013-04-04,8.863996081900874,9.098028754633324,8.81523904259082,9.078526496887207,30485200
2013-04-05,8.9225037851024,9.351564615075064,8.893249933501638,9.078526496887207,41684200
2013-04-08,9.059022980882997,9.176039313008602,8.834741910133038,9.156537055969238,27065000
2013-04-09,9.215045426945919,9.429575849753235,9.156537721611421,9.332061767578125,21306900
2013-04-10,9.40032176366873,9.96590119432889,9.390570169700718,9.839133262634277,49796900
2013-04-11,9.66360943794571,9.89764214117405,9.527090826044159,9.731868743896484,28744300
2013-04-12,9.673360214774865,9.839133598029203,9.585597725997484,9.761122703552246,19487800
2013-04-15,9.683113019593113,9.71236687618829,9.322312355041504,9.322312355041504,28377200
2013-04-16,9.536841726789293,9.644107415891144,9.458830823786121,9.624604225158691,28029600
2013-04-17,9.497834458844801,9.517337645847308,9.11753161192737,9.156537055969238,37553400
2013-04-18,9.293057284714008,9.341814330859366,8.883499585034304,9.000515937805176,34728800
2013-04-19,9.029772126743445,9.23455100840699,8.873750298802355,9.117534637451172,32770600
2013-04-22,9.127282606234086,9.195542833253432,8.912753121210928,9.078526496887207,25020600
2013-04-23,9.166286876741339,9.254049350257278,9.039519892732823,9.185790061950684,24320300
2013-04-24,9.166286876741339,9.26380094286195,9.078525333188455,9.185790061950684,21298900
2013-04-25,9.127284976656892,9.400324095718185,9.088279521071481,9.293058395385742,28185700
2013-04-26,9.263803550378679,9.488084663637032,9.176041052159908,9.195544242858887,20556000
2013-04-29,9.24430167518072,9.263804868655082,9.107783040713992,9.117534637451172,17186600
2013-04-30,9.176038469346011,9.224795502406318,8.9615080818585,9.185790061950684,27791600
2013-05-01,9.185791444245542,9.234548484642898,8.922503984077743,8.971261024475098,29159700
2013-05-02,8.873747385101758,9.127282307275955,8.844492604496043,9.088276863098145,26660200
2013-05-03,9.215046596039873,9.45883090244285,9.195544335108565,9.390571594238281,23335200
2013-05-06,9.488084919583265,9.692863777629979,9.458831062708976,9.517339706420898,21108200
2013-05-07,9.556344975310518,9.731869043147418,9.419825429247751,9.722118377685547,26888100
2013-05-08,9.673363201361123,10.00491007023268,9.575849088176486,9.985406875610352,37045600
2013-05-09,9.96590102002556,10.482723401769631,9.956149426228102,10.443717956542969,46665700
2013-05-10,10.336453930336413,10.628994324809726,10.336453930336413,10.550983428955078,35312700
2013-05-13,10.482724806804905,10.541233447468596,10.336454600090619,10.394962310791016,22562900
2013-05-14,10.433967079605392,10.443718674072827,10.258443029007712,10.385210037231445,20576300
2013-05-15,10.414464390960221,10.7265079613382,10.365707350597862,10.599740028381348,25065200
2013-05-16,10.658249075682283,10.9800442525909,10.658249075682283,10.785017013549805,35917300
2013-05-17,10.882532665063554,11.136068598971896,10.85327880498596,11.028803825378418,30543500
2013-05-20,11.028800892775802,11.116562449672434,10.804518878582547,10.931286811828613,24658400
2013-05-21,10.931287192708083,11.038551941516866,10.882530150535645,10.950789451599121,18960900
2013-05-22,10.950790553097974,11.389603046825194,10.5314821801501,10.64849853515625,51844400
2013-05-23,10.463219379894932,11.204323710073092,10.307197611428604,11.106810569763184,57163600
2013-05-24,11.019050089407415,11.370099132074563,11.009298494620289,11.301839828491211,28601200
2013-05-28,11.44810945907255,11.584628989388857,11.399352417533638,11.487114906311035,25633800
2013-05-29,11.39935198065311,11.623633991151202,11.311590425202395,11.535871505737305,25205300
2013-05-30,11.516369485625253,11.691893530113907,11.457860850820236,11.594380378723145,25785400
2013-05-31,11.535871901524626,11.613882795688324,11.389601707458496,11.389601707458496,23852400
2013-06-03,11.44811181053682,11.691896138341932,11.126316572231145,11.438360214233398,26382900
2013-06-04,11.438357925856039,11.701645393594257,11.360347030962469,11.418855667114258,26370500
2013-06-05,11.3993523895249,11.838164832333703,11.379850130935184,11.721148490905762,40890700
2013-06-06,11.877172448692916,12.228221537091455,11.83816699442641,12.042945861816406,47860200
2013-06-07,12.247724836651342,12.403746655086083,12.062448229787542,12.33548641204834,32419000
2013-06-10,12.325734010441325,12.754793950726476,12.325734010441325,12.628026008605957,40488200
2013-06-11,12.550015239508046,12.871810430523897,12.31598254239893,12.491507530212402,49707600
2013-06-12,12.657280390627571,12.793799933209536,12.15020953096926,12.179463386535645,34199300
2013-06-13,12.21847034368869,12.598774232792406,12.159962625342526,12.589022636413574,30212000
2013-06-14,12.754795515681428,12.832806423486673,12.325735522752582,12.44275188446045,29740300
2013-06-17,12.832807187525733,13.16435403041933,12.754796275075877,12.910818099975586,50588300
2013-06-18,13.008331193771498,13.417888917260807,12.979077336368936,13.408137321472168,57594500
2013-06-19,13.476395227255859,13.759184965904273,13.300871171174151,13.622666358947754,83958500
2013-06-20,13.144850954043209,13.466647133210499,12.862061161410631,13.203359603881836,75247900
2013-06-21,13.50565005199669,13.700677298206367,13.359378919866982,13.55440616607666,73389200
2013-06-24,13.466645539532227,13.525153252483458,12.83280578280503,13.125347137451172,68189200
2013-06-25,13.398385725683527,13.476396632065933,13.086342100153905,13.408137321472168,32876400
2013-06-26,13.544653426682187,13.954211045974564,13.525150240066777,13.82744312286377,44886100
2013-06-27,13.944461652629348,14.168742754311765,13.915207798054093,13.983467102050781,38747100
2013-06-28,13.944460975336835,14.110234359817007,13.67142284264847,13.973714828491211,36612300
2013-07-01,14.11023511086936,14.237003054570161,13.827445368756274,13.915207862854004,33909600
2013-07-02,13.681174068537814,13.973715401977241,13.505650012444766,13.95421314239502,61198800
2013-07-03,13.9347099524048,13.9347099524048,13.759184966354093,13.788439750671387,24489300
2013-07-05,13.915207693267314,14.012720851104948,13.768936561565969,13.95421314239502,29746900
2013-07-08,14.002968494880822,14.002968494880822,13.525151536558266,13.681173324584961,53084600
2013-07-09,13.729931541930625,13.788440182434051,12.754794353270988,12.813302993774414,91816900
2013-07-10,12.60852156593094,12.910813511755334,12.15995851377204,12.237969398498535,89592900
2013-07-11,12.55001352069088,12.55976511422569,12.15995907892986,12.38424015045166,52215600
2013-07-12,12.423248741651271,12.530514437780164,12.257475329418783,12.374491691589355,33419400
2013-07-15,12.442749861130572,12.862058189908709,12.335484182868424,12.745041847229004,30926300
2013-07-16,12.832804245976584,13.076588523992745,12.774296540032108,13.047334671020508,42885300
2013-07-17,13.115595701151802,13.378883202517775,13.027833200696477,13.252115249633789,32539300
2013-07-18,13.447142544778972,13.515401854205816,13.291120734681417,13.349628448486328,38727500
2013-07-19,13.330125065471558,13.388632774353027,13.10584303485722,13.388632774353027,27734400
2013-07-22,13.281369024083087,13.564158784927638,13.281369024083087,13.4861478805542,24337500
2013-07-23,13.544654208700514,13.71042758465015,13.281366753969975,13.300869941711426,38691100
2013-07-24,13.456893254656991,13.486147109633933,12.754794225467393,12.784048080444336,46712000
2013-07-25,12.628026009553638,13.096092328954011,12.481755807845357,12.959572792053223,42692600
2013-07-26,12.735293274306311,12.774298728272012,12.198967584805418,12.276978492736816,68782400
2013-07-29,12.354987994395183,12.55001524202523,12.081949847713117,12.159960746765137,40786800
2013-07-30,12.189214768811944,12.37449042411404,12.003939113509848,12.286728858947754,48759000
2013-07-31,12.354990116279513,12.959575152747604,12.335486923185334,12.910818099975586,45062600
2013-08-01,13.047335054954221,13.291119340144032,12.969324158090542,13.232610702514648,32858900
2013-08-02,13.164352416992188,13.261866510584865,12.998579015862628,13.164352416992188,26500600
2013-08-05,13.174104239109013,13.82744625952125,13.164352643589229,13.817694664001465,43741000
2013-08-06,13.807942010252985,13.885952908505908,13.593411575075818,13.788439750671387,29094900
2013-08-07,13.651919934175066,13.690925382502751,13.261865450898219,13.466644287109375,34736800
2013-08-08,13.466643218496442,13.700675889891452,13.271615062370762,13.603161811828613,39511800
2013-08-09,13.408138172072844,14.158994356091364,13.39838657566557,13.642170906066895,64619700
2013-08-12,13.603164237114358,13.80794309358547,13.427640167255786,13.4861478805542,35376800
2013-08-13,13.788436668872885,14.607550917451613,13.729928043278592,14.597800254821777,84457700
2013-08-14,14.451533317565918,14.695317622814807,14.207749012317029,14.451533317565918,47850600
2013-08-15,14.051728525263126,14.051728525263126,13.62266851691856,13.778690338134766,53528900
2013-08-16,13.817693433052794,13.993218416918948,13.603163000545635,13.66167163848877,30624000
2013-08-19,13.651921180339189,13.68117503676447,13.427640064473158,13.456893920898438,25506900
2013-08-20,13.466645516361307,13.56415868110002,13.310622778845378,13.456893920898438,24379600
2013-08-21,13.466643595264836,13.554405152020971,13.222859323250335,13.291118621826172,29709100
2013-08-22,13.408135186158813,13.729930356229568,13.398383591923164,13.515399932861328,15091700
2013-08-23,13.564156974076365,13.583660162547666,13.388631997687513,13.515399932861328,15663000
2013-08-26,13.554406679612821,13.57390986995434,13.378882616355659,13.437390327453613,16331500
2013-08-27,13.222860511677057,13.252114366558342,12.725540328878823,12.85230827331543,39898700
2013-08-28,12.852310380619912,13.01808380206671,12.735294011945129,12.910818099975586,36138600
2013-08-29,12.901063925862388,13.39838409084078,12.901063925862388,13.232610702514648,23787700
2013-08-30,13.252113891712192,13.339876383174643,12.969324158090542,13.232610702514648,22278600
2013-09-03,13.437389611330545,13.798190243750666,13.359378714048532,13.66167163848877,37060500
2013-09-04,14.597805496300973,14.89034686938606,14.080982062864077,14.383275032043457,117540600
2013-09-05,14.57830097618239,14.831836871759236,14.568549380976364,14.792831420898438,38713900
2013-09-06,14.8610901102636,14.978106457986549,14.588051965576716,14.880593299865723,38111000
2013-09-09,15.017114162408182,15.299903944363809,14.91960098964341,15.231644630432129,32745800
2013-09-10,15.504682890256419,16.236035874324426,15.475429031283452,15.855732917785645,80821300
2013-09-11,15.894736674034425,16.187278969462948,15.60219623853263,16.080013275146484,48497900
2013-09-12,16.10926960928957,16.431064863207222,15.738716371489296,15.797225952148438,55883900
2013-09-13,15.602197736471778,15.836230479327625,15.280402482554123,15.797225952148438,55788100
2013-09-16,16.12876981180047,16.27504001646905,16.002000937141556,16.0312557220459,35709000
2013-09-17,16.060508846215853,16.440813614982805,15.826476143858201,16.421310424804688,32439700
2013-09-18,16.460317129020297,16.869874877463758,16.401809410650326,16.840621948242188,43515600
2013-09-19,17.07465102166556,17.15266191607935,16.596834060890288,16.733352661132812,43702900
2013-09-20,16.811368265725886,17.05515261156285,16.704102558380995,16.801616668701172,30036800
2013-09-23,16.801610240811392,16.918627500413024,16.323793328963372,16.62608528137207,30442400
2013-09-24,16.704101283879517,16.733356072721552,16.4115608351664,16.61634063720703,34793100
2013-09-25,16.635839121209994,16.899126595923953,16.51882370573256,16.548076629638672,44413400
2013-09-26,16.889374337687286,17.094154096616222,16.752855738352277,17.03564453125,49153400
2013-09-27,17.035643240794148,17.50371042863557,16.977135539786325,17.181915283203125,45015600
2013-09-30,16.889374337687286,17.20141791326812,16.71384936144146,17.03564453125,30082400
2013-10-01,17.10390751738385,17.308685438254763,16.908879331855402,17.17216682434082,32979500
2013-10-02,17.211168968821642,17.67923431754341,17.113654889523016,17.22092056274414,49128100
2013-10-03,17.493962894571112,17.649984706747247,16.9381349562028,17.57197380065918,59041700
2013-10-04,17.630483087906526,18.0887969695653,17.562223771481484,18.010786056518555,48080600
2013-10-07,18.303323941070083,18.381334835217245,18.020533287332597,18.030284881591797,61970900
2013-10-08,18.13755101299484,18.186307125586108,17.28918089045094,17.484209060668945,57008600
2013-10-09,17.581724581746432,17.991282284713247,16.723602794612805,17.698740005493164,67714300
2013-10-10,17.903519563308162,18.127800672626773,17.61097728774221,17.971778869628906,78690500
2013-10-11,17.445203730110247,17.562221011252365,16.148271342090798,16.421310424804688,153906100
2013-10-14,16.15802498645805,16.72360455386827,15.767970433059073,16.645593643188477,62909500
2013-10-15,16.655342782227248,16.996641163569613,16.421310084716453,16.49932098388672,63043900
2013-10-16,16.65533970583499,16.869869173946046,16.489566343227203,16.53832244873047,49096400
2013-10-17,16.577330198979283,16.73335198146969,16.323794337450792,16.723600387573242,40714800
2013-10-18,16.74310890918407,16.82111982528105,16.538329091975154,16.606590270996094,34970600
2013-10-21,16.606585973296646,16.71384979271632,16.09951421993038,16.158021926879883,44886200
2013-10-22,16.284794054412092,16.51882678897572,15.99225174126243,16.34330177307129,48362800
2013-10-23,16.080013478602712,16.177527578312706,15.943494854964769,16.138521194458008,39244600
2013-10-24,16.021503663440942,16.49932064349187,15.992248879383189,16.411558151245117,30291300
2013-10-25,16.499320986956402,16.567580291252263,16.109266491032507,16.167774200439453,28678300
2013-10-28,16.109268246925307,16.33354937403713,15.894736855838566,16.30429458618164,19926900
2013-10-29,16.596832222592536,17.064897537231445,16.50906974360696,17.064897537231445,51381400
2013-10-30,17.172167261038876,17.201420187663427,16.84062045316506,16.9576358795166,32373200
2013-10-31,16.850368757646372,17.357438606011982,16.752854681447726,17.24042320251465,42547400
2013-11-01,17.308683383705926,17.46470516963818,16.996639811841423,17.14291000366211,41364500
2013-11-04,17.181914395534434,17.54271403635669,17.08440032560841,17.445199966430664,37798300
2013-11-05,17.29893596633641,17.34769394866661,17.055151634465954,17.230676651000977,23797000
2013-11-06,17.32818497418817,17.376941080324052,16.957631871821025,17.064897537231445,21799500
2013-11-07,17.386697994993607,17.70849322978885,17.142913669847918,17.27943229675293,54192000
2013-11-08,17.259926771284697,17.66948441243158,17.172164286758484,17.659732818603516,33201300
2013-11-11,17.591476633524916,17.825509347017885,17.454956155709013,17.815757751464844,36990400
2013-11-12,17.718243046871557,18.205811648205472,17.669486930708807,18.166805267333984,32224800
2013-11-13,18.010785770992214,18.517857627720854,17.96202964858351,18.44959831237793,38821200
2013-11-14,18.43984391576868,18.722634590591774,18.43009232078238,18.71288299560547,31418000
2013-11-15,18.89815488323292,19.336967292101278,18.742133106730012,18.976165771484375,51592800
2013-11-18,19.09318693198133,19.385727357669165,18.61536991139697,18.81039810180664,47549900
2013-11-19,18.868907506219983,19.375979358793742,18.576365194384277,18.586116790771484,51853700
2013-11-20,18.71287953886811,18.742132458496705,18.04978608170199,18.33257484436035,44809000
2013-11-21,18.566611360549814,19.610007764670097,18.488598606668408,19.492990493774414,93347300
2013-11-22,19.414983499872058,19.814789644194597,19.17119917480091,19.68802261352539,40144800
2013-11-25,19.93180768457332,19.99031540400063,19.219956015179125,19.366228103637695,33866000
2013-11-26,19.43448334552204,19.902548722672464,19.33696926030075,19.805034637451172,33585000
2013-11-27,19.902551239475464,20.663158968473393,19.785535810353757,20.64365577697754,40572700
2013-11-29,20.77042383634705,20.78017543258067,20.380369286636302,20.575397491455078,20081800
2013-12-02,20.57539935935995,21.101972584291868,20.43887885962229,20.741172790527344,34102800
2013-12-03,20.90694001431586,21.3555021890431,20.799674337782644,21.287242889404297,43553100
2013-12-04,21.140973706291064,21.38475799375304,20.877686229449765,21.218984603881836,34609000
2013-12-05,21.316496976279677,21.540778056322498,21.053209520615653,21.111717224121094,30302800
2013-12-06,21.423767023735593,21.755313873291016,21.257993598957878,21.755313873291016,32237800
2013-12-09,22.096605811884647,23.08149447374684,22.03809810858456,22.545169830322266,65756700
2013-12-10,22.545173046843356,22.857216655531577,22.233127578228515,22.564674377441406,41919500
2013-12-11,21.911331305727558,22.34039217671315,21.73580817934514,21.94058609008789,52447500
2013-12-12,22.11610996996092,22.51591603658448,21.804066392101213,21.979591369628906,52600200
2013-12-13,22.164868066803816,22.623183740271557,22.086857165351567,22.506166458129883,31018700
2013-12-16,22.593927156887496,22.83771143701795,22.096607002230197,22.203872680664062,35065800
2013-12-17,22.281887933118092,22.408654965207504,21.98934562379921,22.350147247314453,26694900
2013-12-18,21.930835761350973,21.930835761350973,20.29260494112906,21.267742156982422,106635200
2013-12-19,21.18973186492264,21.726058465058028,21.023958459051947,21.082468032836914,37767000
2013-12-20,21.25798812595763,22.01859573674876,21.218983608954368,21.618789672851562,49176400
2013-12-23,20.90693999481092,21.1312210819653,20.69240864194463,20.95569610595703,40831000
2013-12-24,21.092212160624367,21.35549959287479,21.062959241436225,21.277488708496094,12857500
2013-12-26,21.287242543422302,21.696800194524997,21.199480056762695,21.199480056762695,17095500
2013-12-27,21.38476097231462,21.44326868867528,20.926445257696948,20.984954833984375,19386300
2013-12-30,20.91669213154796,21.140973224519584,20.702160773117306,20.77042007446289,19267100
2013-12-31,20.87768743872467,21.3847592323985,20.8484326529612,21.2092342376709,25122400
2014-01-02,21.14097459522869,21.24824028139876,20.741168495774083,21.121471405029297,26413500
2014-01-03,20.672908524798146,20.89718962509457,20.38036626100033,20.448625564575195,34590200
2014-01-06,20.44862251354318,20.44862251354318,20.126827373327526,20.156082153320312,38180500
2014-01-07,20.370612507264436,21.394507532150964,20.370612507264436,21.189727783203125,67904500
2014-01-08,23.59832069510032,23.89086110754865,22.974231629989788,23.276525497436523,93499500
2014-01-09,23.013237552185355,23.120501375987086,22.340392385035667,22.662187576293945,42782900
2014-01-10,22.808458860752058,23.130254067263774,22.603680938393072,23.120502471923828,33930200
2014-01-13,23.110748109879523,23.208260323904373,22.671935707062644,22.74994659423828,27619700
2014-01-14,22.301386347191915,23.198512555673727,22.301386347191915,23.08149528503418,33092200
2014-01-15,23.130249436728736,23.169255810279687,22.72069181407507,22.74994659423828,26949000
2014-01-16,22.896218551882743,23.0034842275451,22.330639110990457,22.554920196533203,28888700
2014-01-17,22.33064010258488,22.70119325682217,21.77481223115543,21.82356834411621,46943200
2014-01-21,21.843069951015796,22.603677533622356,21.76505905997356,22.545169830322266,29508700
2014-01-22,22.233123877836107,23.19851118893918,22.184367769565828,23.06199073791504,31254300
2014-01-23,22.730448965624124,23.061995782173614,22.66218965514512,23.052244186401367,29418600
2014-01-24,22.91572681341878,23.061997038114814,22.340395651011143,22.350147247314453,30019100
2014-01-27,22.525670894578052,22.78895839901674,21.99909588570068,22.330642700195312,30006400
2014-01-28,22.320887848673596,22.623181691865778,21.98934108253964,22.476909637451172,27555900
2014-01-29,22.272129801473543,22.691439019843365,22.086853245930218,22.145360946655273,21718400
2014-01-30,22.53542511647279,23.169264032191542,22.37940328675516,22.866971969604492,32630000
2014-01-31,22.525668887720435,22.915723381808466,22.428154799216795,22.467161178588867,29539000
2014-02-03,22.428158386702446,23.042494080666053,22.135617934324888,22.242881774902344,36010100
2014-02-04,22.379394072761542,22.603675128149284,22.086851867540606,22.428150177001953,20104700
2014-02-05,22.37939588369261,22.8962173261961,22.135611622911323,22.730443954467773,26097800
2014-02-06,22.92547265547752,24.154145582398193,22.915721061621838,23.510555267333984,65314700
2014-02-07,23.764091374548435,24.027376971680177,23.32527894611825,23.900609970092773,47809700
2014-02-10,24.02738023637684,24.612462933805833,23.959120929330005,24.251663208007812,28374800
2014-02-11,24.23215682382576,24.446686311974798,23.968869365693052,24.09563636779785,21177200
2014-02-12,24.290665221631546,24.534449498733366,24.17364981018147,24.271162033081055,23915300
2014-02-13,24.222405374393407,24.388178753474516,24.066383589367234,24.290664672851562,23317000
2014-02-14,24.271165283086404,24.670971402274905,24.10539187806239,24.45644187927246,32449600
2014-02-18,24.563707544376943,25.022021376633067,24.475945044168608,24.787988662719727,34133700
2014-02-19,24.787988662719727,25.041524567774182,24.54420435323583,24.787988662719727,27239800
2014-02-20,24.719728335729382,25.022020346261993,24.690473550222382,24.856246948242188,23288000
2014-02-21,24.93425890318246,24.9537620943445,23.929868737384034,24.45644187927246,44791800
2014-02-24,24.524698028030496,24.592957328374712,23.949366982377164,24.1346435546875,33037900
2014-02-25,24.183402980170733,24.37843117352965,23.500808023267922,23.656829833984375,37147600
2014-02-26,23.705581316252566,24.115138954267614,23.559311129802836,23.61781883239746,20936900
2014-02-27,23.549563259931247,23.734839850692655,23.305778957323415,23.58856964111328,39242800
2014-02-28,23.62757416236869,23.754343041283672,23.305778957323415,23.58856964111328,33877300
2014-03-03,23.266776691298226,24.15415149000914,23.12050460761419,23.871360778808594,35961800
2014-03-04,24.25165840987319,24.524695584040757,24.105386369510562,24.48569107055664,32780000
2014-03-05,24.45644224182628,24.505198360527494,24.06638771243645,24.212657928466797,25938700
2014-03-06,24.23215708735389,24.25166027555946,23.69583057125911,24.154146194458008,32312100
2014-03-07,24.202905467595563,24.27116477530798,23.725088453682,23.812850952148438,23827000
2014-03-10,23.71533529943912,24.319921153586268,23.481302605554372,24.232158660888672,23662500
2014-03-11,24.310165016895972,24.446683597840863,23.949363518779407,24.056629180908203,21103100
2014-03-12,23.98837558892319,24.31992238705711,23.617822409866875,24.222408294677734,19272800
2014-03-13,24.290664176525038,24.319918958092085,23.013235140252306,23.510555267333984,35572900
2014-03-14,23.471552109922047,23.715336409958507,23.140005313078337,23.364286422729492,24575000
2014-03-17,23.510558409758314,23.569066120786204,23.257022515401992,23.335033416748047,17778700
2014-03-18,23.442298624047908,23.988374922300025,23.130253165120138,23.8811092376709,27425600
2014-03-19,23.851856406693532,24.007880078901877,23.159509847184623,23.383790969848633,19799500
2014-03-20,23.33503117463097,23.75434042654968,23.296024797742525,23.413042068481445,19735500
2014-03-21,23.510555438544095,23.6568256275918,23.07174301147461,23.07174301147461,32238500
2014-03-24,23.218012496306677,23.500803131824558,22.808454863439398,22.896217346191406,23740900
2014-03-25,23.052244456234718,23.325283561273448,22.837714926514327,22.94498062133789,17054900
2014-03-26,23.042495482436813,23.296031424553533,22.252634725025423,22.262386322021484,24590700
2014-03-27,22.242879696610252,22.26238288759361,21.375008157044267,21.68705177307129,35985000
2014-03-28,21.443268169752212,21.97959477984735,21.160479330913493,21.365257263183594,37763700
2014-03-31,21.745555996265818,23.091246199328,21.65779351085192,23.07174301147461,39630300
2014-04-01,23.24726346021814,23.85184728665802,23.110744891652875,23.832345962524414,36880800
2014-04-02,23.959118345213003,23.98837312790349,23.403290493578737,23.74458885192871,24486300
2014-04-03,23.94937189158418,24.115145309226442,23.188765977635892,23.403295516967773,40670000
2014-04-04,24.173650705750788,24.232158413643383,21.882078044111708,22.018596649169922,77296000
2014-04-07,21.9600934540122,22.408655739911136,20.68266219301782,21.170230865478516,63603900
2014-04-08,21.51152475360914,21.87232631320634,20.867934391020828,21.657794952392578,44299000
2014-04-09,22.01860181713572,22.272137757412803,21.687054961383144,22.038105010986328,31636000
2014-04-10,22.13562039120986,22.379404748558308,21.08247204186165,21.140979766845703,37066500
2014-04-11,20.955696643765158,21.38475750058276,20.497382863479707,20.604646682739258,35232600
2014-04-14,20.828924410706268,21.58952998889826,20.7216587584275,21.355497360229492,31740100
2014-04-15,21.375005396820278,21.687048972552095,20.984950927155502,21.618789672851562,25067600
2014-04-16,21.804068029794237,22.00884594567303,21.453018048371653,21.921083450317383,21619500
2014-04-17,22.535423588627452,23.539813816848703,22.45741267905758,23.315532684326172,46206900
2014-04-21,24.417440103936126,24.758736688035746,23.949372763020996,24.69047737121582,45434800
2014-04-22,24.875750775069186,25.62660688295476,24.84649598881365,25.52909278869629,45903400
2014-04-23,25.538841460982386,25.802127067440388,25.32431010618332,25.597349166870117,32508700
2014-04-24,25.792376985405905,25.95815036645869,24.70997421147735,25.509586334228516,39791400
2014-04-25,24.963512430528688,25.041523331314572,24.42718586018997,24.63196563720703,26022500
2014-04-28,24.79773708099296,25.0902774709202,23.588567284073168,23.968870162963867,32168000
2014-04-29,24.134640478846325,24.67096507885021,23.842100126103517,24.47593879699707,19746700
2014-04-30,24.544201933360903,25.470582962036133,24.514947149533533,25.470582962036133,28811800
2014-05-01,25.558342789660674,26.153177022619637,25.20729469440786,25.597349166870117,28231400
2014-05-02,25.607100974190683,25.97765226113073,25.421824400757433,25.65585708618164,18326000
2014-05-05,25.597349730492493,26.172680787514825,25.304809334686027,26.075166702270508,21120800
2014-05-06,26.162930897741635,26.504229288372073,25.850887292568636,26.016660690307617,23078300
2014-05-07,26.026415805587025,26.201940822218607,25.402326650905074,25.76312828063965,24487200
2014-05-08,25.6851098231099,26.71875456636906,25.57784415336345,26.260440826416016,27015400
2014-05-09,26.279949407583022,26.38721323941905,25.792380786736782,26.172683715820312,20679100
2014-05-12,26.35795584417701,26.855275976322957,26.27019335850853,26.826021194458008,22396900
2014-05-13,26.816275724614744,27.089314837929923,26.55298820748155,26.943042755126953,29540000
2014-05-14,26.845526413240663,26.972293424392674,26.11417355062714,26.192184448242188,28161200
2014-05-15,26.14342984860593,26.221440756288338,24.62221621883558,25.217050552368164,41523500
2014-05-16,25.19754355416387,25.694863712987345,24.905003159527226,25.38282012939453,19890900
2014-05-19,25.714367136488903,26.328702714799913,25.50958737043424,26.27019500732422,21930500
2014-05-20,26.299450286995896,26.48472688051352,25.50958965557583,25.889892578125,21830400
2014-05-21,26.260444849747525,26.53348207285922,26.133675973365737,26.318952560424805,19021300
2014-05-22,26.357957713162108,26.70900582080172,26.201935918671943,26.494476318359375,14936600
2014-05-23,26.504223446631258,26.71875291292205,26.387206190519617,26.650493621826172,12406800
2014-05-27,26.845525173803903,27.41110462038228,26.796767202591546,27.362346649169922,23525400
2014-05-28,27.596378273728266,28.200964074109052,27.469611273286645,27.898672103881836,25382300
2014-05-29,28.07419694097585,28.308229612941712,27.723147003063886,27.869417190551758,23288800
2014-05-30,27.91817398042679,28.181461440280113,27.684141302754853,27.879169464111328,24068700
2014-06-02,27.898673545046204,28.005937363291174,27.352595419743025,27.947429656982422,14522600
2014-06-03,27.84991624976468,28.21071781060787,27.693894455866676,27.957181930541992,14002300
2014-06-04,27.869420529432528,28.288729814412196,27.762154844458223,28.249723434448242,14377400
2014-06-05,28.366741651306654,28.747044568882966,28.19121665552478,28.31798553466797,21878500
2014-06-06,28.425246785910367,28.815301263433078,28.327732701548076,28.805551528930664,18319800
2014-06-09,28.756795344946145,28.98107645097718,28.171712662317137,28.27897834777832,20635300
2014-06-10,28.278978335919447,28.8055533080427,27.87917223927471,28.77629852294922,24108900
2014-06-11,29.887952813345414,30.81433383549102,29.371131322190198,30.219499588012695,55472400
2014-06-12,30.297515134876743,30.443785355581117,29.800194896540468,30.092737197875977,28152900
2014-06-13,30.365768563504123,30.687563730673048,30.287757670248823,30.395023345947266,23275600
2014-06-16,30.64856322604685,31.389665879022775,30.502293014536516,31.116628646850586,35496500
2014-06-17,31.20438733951066,31.59444366919568,31.155631228263243,31.448171615600586,25195500
2014-06-18,31.57493914672993,31.623695255917468,30.911845646191857,31.262895584106445,30089900
2014-06-19,31.29214685142837,31.370155878034048,30.765571972393204,31.019107818603516,22402300
2014-06-20,31.087375562835582,31.136133542626645,30.61931011640189,31.058122634887695,28266500
2014-06-23,31.48718200845147,31.49693174400331,30.473038397807635,30.482789993286133,48594600
2014-06-24,30.72657191543784,32.150273126036005,30.385273539889024,31.691957473754883,59689500
2014-06-25,31.545691814410283,31.925998505947344,31.097129525750713,31.53594207763672,29796700
2014-06-26,31.506683435270816,31.594445929736594,31.009361393347035,31.204389572143555,20353300
2014-06-27,31.087371743233003,31.136129717033334,30.668064328109292,30.726572036743164,46770900
2014-06-30,31.262903831666982,32.22828769576023,31.10688014926782,32.130775451660156,31032300
2014-07-01,32.413559160810344,33.64223028220789,32.24778391784989,33.13515853881836,36348500
2014-07-02,33.15466213995261,33.41794960921106,32.70609995670619,32.92062759399414,26620500
2014-07-03,33.242430329258845,33.42770507501295,32.81337126126606,32.891380310058594,13883900
2014-07-07,32.774355847501326,32.81336222107798,31.955240601654175,32.04300308227539,21383200
2014-07-08,31.984492679102456,32.442808256919996,31.32139922518226,32.30628967285156,34637500
2014-07-09,31.779725175110805,32.1210217466726,31.067875383100752,32.072265625,39287700
2014-07-10,31.379916757232625,32.27704123468849,31.009363563570982,31.95524787902832,32916800
2014-07-11,32.02349962886713,32.345292908564055,31.828471482460134,31.984493255615234,18868300
2014-07-14,32.306305213184444,32.891386203449066,32.11127697647816,32.75486755371094,20349500
2014-07-15,32.881627220178295,33.31068624440966,32.550080426955326,33.17416763305664,27186500
2014-07-16,33.564227583939385,33.983536964295624,33.37895281674751,33.77875900268555,30731700
2014-07-17,32.98889636010669,33.15466791414772,32.16978088637478,32.22828674316406,36943500
2014-07-18,32.35504714068759,32.91087495342387,32.17952217668112,32.3257942199707,28525600
2014-07-21,32.17952055472412,32.52081701206054,31.789464272180446,32.247779846191406,15789100
2014-07-22,32.52083182317805,32.85237869838243,32.189284947973675,32.79387283325195,14366200
2014-07-23,32.71585197337819,32.94013308064679,32.42331156041278,32.842620849609375,20897100
2014-07-24,33.02789379282555,33.427699870252205,32.79386296303349,33.03764724731445,22684000
2014-07-25,32.85237212521448,32.97914100738983,32.40380988964427,32.58908462524414,19655100
2014-07-28,32.51107211929761,32.62808753354144,31.11662572339444,31.184885025024414,34203200
2014-07-29,31.34091123497931,31.70171098300209,31.165386228945852,31.331161499023438,19377500
2014-07-30,31.574947833976648,31.92599786847598,31.477431868919215,31.721216201782227,16001600
2014-07-31,30.395027411604698,30.473038315294787,29.107846570754912,29.790441513061523,64996200
2014-08-01,30.11223302735885,30.590051846231603,29.790437856642896,30.317012786865234,26175300
2014-08-04,30.43403419980113,31.06787493190046,30.27801238080256,30.902101516723633,21821600
2014-08-05,30.580300251976404,31.30189962759707,30.131736215869253,30.317012786865234,31699300
2014-08-06,30.28776094326852,30.404778225760044,29.361381718244267,29.91720962524414,34903400
2014-08-07,30.131736623663024,30.4145272811118,28.649527755488265,28.94207000732422,35983600
2014-08-08,29.10783906985284,29.49789348778878,28.883558012030445,29.293115615844727,22893300
2014-08-11,29.56615796159438,30.073229723767472,29.400384572419583,29.97571563720703,20600100
2014-08-12,29.800191794631154,30.170744965766474,29.458893408562275,29.93671226501465,21496400
2014-08-13,30.121986929012575,30.79483210475124,30.121986929012575,30.599803924560547,17832900
2014-08-14,30.10248185917526,30.463281529799826,30.034220702640294,30.26825523376465,16873700
2014-08-15,30.61931070628202,30.941105939395403,30.38527797855654,30.707073211669922,20560700
2014-08-18,30.902096480772244,31.29215096470355,30.629057412057087,31.24339485168457,17508600
2014-08-19,31.49693593653164,31.88699236788496,31.467683006128976,31.594451904296875,15020300
2014-08-20,31.574944326861054,32.55983128549791,31.574944326861054,32.472068786621094,21265400
2014-08-21,32.21853875912498,32.491576025266355,31.93574803641927,32.36480712890625,16583200
2014-08-22,32.374548314470175,32.61833255822394,32.11126088483383,32.462310791015625,11758400
2014-08-25,32.676840600200634,32.862119018656756,32.36479704473544,32.384300231933594,12700600
2014-08-26,32.442814348215414,32.598836147852104,31.70170801005128,32.0625114440918,16075500
2014-08-27,32.01375891409309,32.22828658770824,31.799227520624388,32.16978073120117,12208200
2014-08-28,31.994258880615234,32.08202139389376,31.789477203062738,31.994258880615234,10890300
2014-08-29,32.13076899068649,32.169775368424446,31.69195654076683,31.78946876525879,13519100
2014-09-02,31.62369829547751,31.78946982661907,30.668064328109292,30.726572036743164,26980200
2014-09-03,30.658312733999807,30.90209702322707,30.112234586983647,30.892345428466797,23928200
2014-09-04,31.155631977221162,32.0137536912451,31.038614703517364,31.32140350341797,24800000
2014-09-05,31.301909508705414,32.130778542709734,31.22390044989145,32.12102508544922,17772600
2014-09-08,32.16977551634925,32.57933132492222,32.02350345908579,32.316043853759766,17933300
2014-09-09,32.1892750803109,32.199028534745445,31.06786961078059,31.184885025024414,20209400
2014-09-10,31.350663885927325,31.399420004161914,30.629060688553903,31.29215431213379,24643500
2014-09-11,31.058118274344768,31.38966319074151,30.921597810023943,31.24339485168457,11371100
2014-09-12,31.21413626075687,31.350658576487504,30.716817987222758,30.74607276916504,12561500
2014-09-15,30.619307193123447,30.7363244735234,29.1273484925651,29.273618698120117,37018500
2014-09-16,29.341880647734698,30.794834959054004,28.990830634824054,30.668067932128906,28739800
2014-09-17,30.687564864671966,31.467675685978865,30.502290148798163,31.184885025024414,19493200
2014-09-18,31.438427782821318,31.67245864868164,31.184890004976836,31.67245864868164,12485100
2014-09-19,31.672452883424537,31.740712183529855,30.668062850572372,30.843585968017578,25223300
2014-09-22,30.648560918830384,30.658312513520528,29.65392057955375,29.839197158813477,21713800
2014-09-23,29.751438735102298,30.70707282630338,29.361384193788258,30.424283981323242,22704300
2014-09-24,31.009360975034678,31.54568566960032,30.560798773750907,31.418920516967773,25781300
2014-09-25,31.60419649463337,31.75046856253498,30.57055158369319,30.911849975585938,36427700
2014-09-26,33.125414038000216,33.252179203985804,32.57933583118496,32.988895416259766,53975000
2014-09-29,32.589092187380984,33.98353905532428,32.37456447528878,33.642242431640625,33981900
2014-09-30,33.76901432541362,33.86652659226203,33.047410903229974,33.40821075439453,25768900
2014-10-01,33.39844026138533,33.39844026138533,32.39405040154164,32.66708755493164,36237600
2014-10-02,32.813369062158394,33.23267836589564,32.13077226166613,32.969390869140625,27337000
2014-10-03,33.232675583829504,33.54471917167131,33.02789395692776,33.096153259277344,22565400
2014-10-06,32.36479195860463,32.46230787927074,31.04835864835428,31.760208129882812,43417100
2014-10-07,31.604196487892594,32.05275870691048,31.058120176936633,31.07762336730957,28827000
2014-10-08,31.106879786324573,31.59445030077035,30.09273795208707,31.516437530517578,28069300
2014-10-09,31.321409009521087,31.37991858662183,29.65392512061263,29.878206253051758,35910800
2014-10-10,29.010329864233018,29.127347139195898,26.904033794313076,27.099061965942383,85752700
2014-10-13,27.87916723866917,28.14245467750569,26.328699245422417,26.357954025268555,44360600
2014-10-14,27.099063630399943,27.703647651717397,26.543233865094628,26.709007263183594,41365600
2014-10-15,26.13367674319387,28.18146527648687,25.665611324134513,26.85527992248535,50523300
2014-10-16,26.65049972239953,28.1424603147356,26.513981108957257,27.59638214111328,42111600
2014-10-17,28.19121564638594,28.99082783416772,27.859668857316432,28.054697036743164,34712800
2014-10-20,28.386242812644927,28.990826799421043,28.093700553946313,28.95182228088379,22357800
2014-10-21,29.644166801279457,30.560796175442686,29.410134125734324,30.414525985717773,40875100
2014-10-22,30.7363193445949,30.765572264868563,29.56615417556554,29.809938430786133,25500600
2014-10-23,30.268258451644943,30.590053641243706,29.80994279438881,30.121986389160156,22071100
2014-10-24,30.20975078462817,30.3462712608806,29.848951052930996,30.287761688232422,17761300
2014-10-27,31.165389938332428,31.57494957444185,30.87284946674222,31.496936798095703,26775900
2014-10-28,31.701712704092664,31.85773452683135,31.350666392820866,31.79922866821289,20981000
2014-10-29,31.691952134765174,31.83822417102044,31.067865057133876,31.477420806884766,21418700
2014-10-30,30.96060650690014,31.282403572658904,30.17074588529884,31.028865814208984,26761000
2014-10-31,32.08201349000014,32.520822228431626,31.808972560482584,32.26728820800781,28541400
2014-11-03,32.36480194779927,33.066901913885985,32.16002403097504,32.67684555053711,19655500
2014-11-04,32.64759084485899,32.75485652492305,32.08201324068432,32.54032516479492,16503900
2014-11-05,32.67683998508726,32.920624240696206,32.28678740802448,32.87186813354492,23137200
2014-11-06,32.667088837955085,32.94987945498852,32.32579238281292,32.520816802978516,23576600
2014-11-07,32.48182563702516,32.55008495219134,31.5164380484763,32.18928146362305,19337500
2014-11-10,32.11126641393478,32.286791397248564,31.808972560482584,32.26728820800781,13827300
2014-11-11,32.160026109425175,32.55008249798276,32.07226360799239,32.37455749511719,11285000
2014-11-12,32.228284975580806,32.34530040259512,31.984500666053183,32.091766357421875,14322400
2014-11-13,32.16003147478322,32.38431263367266,31.935750315893774,32.12102508544922,10851300
2014-11-14,32.12101498184046,32.12101498184046,31.331156305472827,31.808971405029297,17434600
2014-11-17,31.106872172945813,31.604192302027723,30.902094280931923,31.4871768951416,18259300
2014-11-18,31.4969256335304,32.3257943490604,31.4969256335304,32.05275344848633,15538900
2014-11-19,32.11126907681334,32.39405976447566,31.53593796598633,32.14052200317383,14590200
2014-11-20,31.916234898735805,32.64758767932971,31.682204092063213,32.384300231933594,13613300
2014-11-21,32.87186975474074,33.53496326028813,32.68659505048736,33.447200775146484,25563100
2014-11-24,33.55446871254455,34.373584055861315,33.40819665415288,33.866512298583984,24974400
2014-11-25,33.90551575554107,34.11029364376358,33.54471608774149,33.93476867675781,13985200
2014-11-26,33.76900268749052,34.78314256071302,33.75924923225433,34.7343864440918,18288100
2014-11-28,34.948920977857824,35.3194741933857,34.831905543426664,35.05618667602539,11645700
2014-12-01,35.08544000722092,35.241461828203775,34.07129631090553,34.12005615234375,21342300
2014-12-02,34.17855719538983,34.88065715083097,33.77875110295321,34.714881896972656,14281500
2014-12-03,35.00742154995261,35.44623024615699,34.851399770893735,35.20244598388672,29011500
2014-12-04,35.13419231897177,35.59250799584667,34.783142329863615,35.17319869995117,16477600
2014-12-05,35.192707242468536,35.592513408675956,35.12444792530048,35.582763671875,14114800
2014-12-08,35.55349822986554,35.68026709605248,34.812395661082455,35.12443923950195,15815300
2014-12-09,33.98352926792187,34.822147838709334,33.681239122535544,34.77339172363281,16503500
2014-12-10,34.55886382017051,34.76364547579916,33.91527336498187,33.9932861328125,17037900
2014-12-11,34.285814373658155,34.929404599858906,34.032280408122425,34.315067291259766,13261400
2014-12-12,34.05177964219097,34.06153309456011,33.125402539139884,33.15465545654297,19798900
2014-12-15,33.49595378321598,33.59346971315115,32.42330459289572,32.520816802978516,27305700
2014-12-16,32.08200962719833,33.07664611974762,31.56518447417865,32.10150909423828,28611600
2014-12-17,32.25754246849011,33.05715472712999,31.69196107001858,32.988895416259766,19434600
2014-12-18,33.75923920364061,33.925014414731024,33.20341145559725,33.593467712402344,18200600
2014-12-19,33.72999284457274,33.93477074527765,33.28143066592783,33.63248062133789,18469600
2014-12-22,33.88602471205863,34.129809062505096,33.64224036161217,33.77875900268555,12687900
2014-12-23,34.05179557496588,34.31508311434187,33.89577374272683,34.100555419921875,10949000
2014-12-24,34.159053381016996,34.22731268434214,33.759247295889864,34.04203796386719,4672900
2014-12-26,34.15904799417393,34.35407613856992,34.11029188803805,34.12979507446289,6883700
2014-12-29,34.393083895384116,34.80263966722886,34.20780919667139,34.6466178894043,12365800
2014-12-30,34.54910460455364,34.85139841717385,34.4223357515384,34.51985168457031,11480500
2014-12-31,34.56860811027005,34.646617137563204,34.12979570720688,34.13954544067383,10714300
2015-01-02,34.36383956687972,34.63687681638017,33.48621452226607,33.88602066040039,15138200
2015-01-05,33.84700215989682,33.876258797479856,32.91087159398791,32.94012451171875,23706600
2015-01-06,33.25217156075188,33.378940417452256,31.818722642111513,32.05275344848633,40092000
2015-01-07,30.746072975083944,32.160020633089104,30.66806208264177,31.301898956298828,52552300
2015-01-08,31.750460158768146,33.027887171604,31.740706706234555,32.83285903930664,31947100
2015-01-09,32.920619691348655,33.0278853441698,32.1405109251749,32.69633865356445,19328500
2015-01-12,31.584690528206103,32.16977502853492,30.61930500850908,30.872840881347656,41982700
2015-01-13,31.12637882212992,31.399417901771315,29.887954158654164,30.073230743408203,40260500
2015-01-14,29.517401154126137,30.424278975936428,29.059085516048075,29.30286979675293,35766100
2015-01-15,29.497900956265212,29.66367435835038,28.542266925386784,28.57151985168457,28512400
2015-01-16,28.425249789060295,28.532515479184166,27.801162559088652,28.269227981567383,58433300
2015-01-20,28.77629784414823,29.273618019446772,28.620276047183182,28.93231964111328,29884200
2015-01-21,28.766542433565434,29.975712129615673,28.766542433565434,29.7319278717041,27258700
2015-01-22,29.692927376312827,30.180495958124684,29.478396009962626,30.121986389160156,22299200
2015-01-23,30.121990453658086,30.3560231813157,29.702681119132315,30.180500030517578,21161800
2015-01-26,29.78069099879048,30.248756408691406,29.45889393706616,30.248756408691406,19175500
2015-01-27,29.673420755906402,29.692923943306347,28.65927733022521,28.912813186645508,27587900
2015-01-28,29.254112646697884,29.439389214239696,28.30823034069482,28.376489639282227,21685200
2015-01-29,28.561770968203636,29.088344116464658,28.142461652778604,28.97132682800293,30282700
2015-01-30,28.669031949981918,29.05908643951998,28.347236763622206,28.542264938354492,23451600
2015-02-02,28.522767062504098,28.65928569429333,27.391607902152785,27.732906341552734,34019600
2015-02-03,27.859669524230465,28.36674131493717,27.771907027380205,28.230222702026367,24009200
2015-02-04,28.0937018892143,28.51301117799649,27.986438063193834,28.3082332611084,20932800
2015-02-05,28.571515503774705,28.786046850253992,28.39599239291851,28.756792068481445,19785900
2015-02-06,28.805551026608967,29.156599120294473,28.142457496420395,28.191213607788086,18744100
2015-02-09,28.054695452593847,28.054695452593847,27.53787210824479,27.645137786865234,22390300
2015-02-10,28.376490168314316,30.365768898214817,28.278976085688726,30.317012786865234,43831000
2015-02-11,30.317015715144464,30.794832720242486,29.692928501943232,30.248756408691406,29782200
2015-02-12,30.287756194219337,31.25314164867946,30.17074079000216,31.145877838134766,23793200
2015-02-13,31.409170789749588,31.594449253028873,30.56080240057937,31.058122634887695,18739200
2015-02-17,31.50668279990822,32.023504301421646,31.418920307212257,31.526185989379883,19877400
2015-02-18,31.457927376214723,31.691961962829645,31.23364624562943,31.37016487121582,12348400
2015-02-19,31.321399771423938,31.399412517882105,30.93134533876432,31.019107818603516,13431000
2015-02-20,30.950853764054884,31.25314576804061,30.49253996059739,31.233642578125,16531500
2015-02-23,31.067868691447508,31.11662480261861,30.49253765198171,30.619304656982422,13867900
2015-02-24,29.390636841098967,30.180499372130203,28.07420300923373,30.004974365234375,54985000
2015-02-25,29.839194772490195,30.151238337913792,29.595410504512213,29.722177505493164,16774700
2015-02-26,29.780688902425286,30.199996306824243,29.605163921086593,29.858699798583984,14932000
2015-02-27,30.19999390937729,30.434026579274544,29.858697428231082,29.907453536987305,15651200
2015-03-02,30.307267440469897,30.716825183986796,30.21950493400722,30.463289260864258,18443200
2015-03-03,29.6246654374195,29.92695928938073,28.649528299309328,28.92256736755371,28945700
2015-03-04,28.981075541612366,29.02008192052943,28.1034524751701,28.542264938354492,26709000
2015-03-05,28.717788687977126,29.098091566422482,28.24972146074464,28.55201530456543,24007700
2015-03-06,28.49350661127813,28.54226458431967,27.68414285805346,27.79140853881836,28302000
2015-03-09,27.83041424436492,28.064446929526376,27.216076818380454,27.947429656982422,17563000
2015-03-10,27.401357145511426,27.615886671317732,26.777268039656047,26.923540115356445,29749000
2015-03-11,27.235580864633157,27.47936515184265,26.92353727459324,27.18682289123535,17471600
2015-03-12,26.435968622922207,27.674391384783345,26.426217028271143,27.32334327697754,19567700
2015-03-13,27.27458473212958,28.054695548527448,27.264833137682878,28.005937576293945,23678700
2015-03-16,28.249721077632756,28.532511728999083,27.51836825366297,27.801158905029297,18183900
2015-03-17,27.040555069944322,27.284339378602155,26.777267570211464,26.9722957611084,24932400
2015-03-18,27.313593453322696,27.645140253250162,26.913787346338395,27.459863662719727,24544800
2015-03-19,27.401354256360396,27.52812126735105,27.22582927196833,27.352596282958984,21656600
2015-03-20,27.615884229345404,28.044945102944425,27.41110631735534,27.966934204101562,23608200
2015-03-23,27.76215387671642,27.801160255320678,27.128315103809257,27.32334327697754,18699400
2015-03-24,27.411105508768667,27.645138198393646,27.186822553775723,27.264833450317383,15670800
2015-03-25,27.167323104072928,27.177074699306083,25.743621818785147,25.909395217895508,35874000
2015-03-26,25.119533084461686,26.49447631044984,24.97326288466164,25.997156143188477,44702400
2015-03-27,26.260444989339845,26.46522290776215,25.402323215187508,26.016660690307617,30909000
2015-03-30,26.065416806143425,26.28969791487069,25.802129316806234,26.016660690307617,26142900
2015-03-31,26.04591146846479,26.630994109889905,25.948399244832643,26.455469131469727,25292100
2015-04-01,26.455469131469727,26.670000487283918,26.104421034555816,26.455469131469727,39424700
2015-04-02,27.060054724423438,27.069806318686474,26.045911240184864,26.065414428710938,41390500
2015-04-06,25.841132845474863,26.76751382352848,25.743618764638736,26.748010635375977,22460900
2015-04-07,26.670004061040245,26.767518157665638,26.19218703349518,26.20193862915039,17820600
2015-04-08,25.919144461787134,26.670000487283918,25.831381972577045,26.455469131469727,22105800
2015-04-09,26.396960260059647,27.167319440247343,26.338452556477783,27.128313064575195,18660000
2015-04-10,27.10881191450713,27.4696134768905,27.10881191450713,27.32334327697754,19698700
2015-04-13,27.323343356822694,27.45011036780397,27.08931066429276,27.18682289123535,13636800
2015-04-14,27.040551459958305,27.206324842111506,26.7285078841232,27.030799865722656,16671900
2015-04-15,27.303838740545945,27.742651178560997,27.186821470433127,27.46961212158203,20138900
2015-04-16,27.206323424990856,27.47936246958775,27.07955642638328,27.313589096069336,16393500
2015-04-17,27.060055801178308,27.381850984957424,26.91378560126535,27.32334327697754,18157100
2015-04-20,27.420862047687056,27.684147708535143,27.313596348128357,27.55738067626953,19901000
2015-04-21,27.625636579219464,27.87917247236972,27.45986318215686,27.840166091918945,22172000
2015-04-22,27.869423682606453,29.01033438666392,27.849920490417865,28.766550064086914,29662800
2015-04-23,28.210715957139932,29.039582845219883,28.14245665928506,28.786046981811523,22039700
2015-04-24,29.000579767546412,29.000579767546412,28.171712785200405,28.47400665283203,18764300
2015-04-27,28.52276174889596,28.92256783316329,28.41549606680055,28.542264938354492,14871400
2015-04-28,28.493509097347612,28.717792073054493,28.044946865787157,28.269227981567383,12372000
2015-04-29,27.986436846306756,28.269225651607606,27.80116026770699,28.152210235595703,10964300
2015-04-30,28.07419906351358,28.132706770946907,27.157569634067823,27.430606842041016,18988900
2015-05-01,27.606134369759186,28.522763883725027,27.606134369759186,28.269227981567383,16701100
2015-05-04,28.347236415287004,28.425247312236007,27.781656947425112,27.957181930541992,13909600
2015-05-05,27.56712700943546,27.6548894996047,27.138066153044328,27.342845916748047,19347300
2015-05-06,27.518367536757612,27.596378428218333,26.75776180999715,27.294086456298828,19770700
2015-05-07,27.10881099673577,27.206325080018562,26.22143637272259,26.591989517211914,29689300
2015-05-08,26.68950709577623,26.74801480943755,26.094672783784958,26.504230499267578,34955400
2015-05-11,26.45547081774291,27.391603475677528,26.192185193257245,27.060056686401367,24591200
2015-05-12,26.865030394364336,26.894285181329963,26.19218703349518,26.20193862915039,19518800
2015-05-13,26.660251072812976,26.97229467777359,26.40671517880083,26.513980865478516,17530500
2015-05-14,26.650498237395762,26.835774816691124,25.81187969314713,26.026411056518555,32201100
2015-05-15,25.870387889598742,25.967900111495627,25.36331615205873,25.67535972595215,25864900
2015-05-18,25.50958670281694,26.16292864229731,25.39257129092799,26.094669342041016,20150000
2015-05-19,26.162928834563978,26.260442918472343,25.412072806373953,25.65585708618164,19527000
2015-05-20,25.811882476020852,26.318954295116114,25.6071045451901,25.92889976501465,22866300
2015-05-21,25.95815628316634,26.465226276146936,25.685117163925376,26.23119354248047,17258100
2015-05-22,26.552979551720835,26.9625371582223,26.533476365714527,26.650493621826172,20360300
2015-05-26,26.54323488212071,26.796770786555136,26.357960146513253,26.640748977661133,14966600
2015-05-27,26.748011962181547,27.713397504500666,26.70900558394167,27.430606842041016,23441800
2015-05-28,27.489117008317418,27.908426283899324,27.411106110064495,27.576879501342773,18667000
2015-05-29,27.713401298323483,27.713401298323483,27.235584259033203,27.235584259033203,18451300
2015-06-01,27.26483579839473,27.820665576540012,27.11856558727298,27.71339988708496,20206400
2015-06-02,27.654889837181464,27.703645950125548,27.079558776794155,27.099061965942383,18228000
2015-06-03,27.303845638866356,27.313597235500033,26.338459891254807,26.406719207763672,29623400
2015-06-04,26.23119006444559,26.562736858161152,26.045913477386524,26.318952560424805,22186200
2015-06-05,26.32870589085949,26.32870589085949,25.841137263250978,25.92889976501465,16585400
2015-06-08,25.85088961794284,25.967905050445346,25.158541179250417,25.275558471679688,23252600
2015-06-09,25.265801564185136,25.304807940103757,24.319919267275036,24.563703536987305,39816700
2015-06-10,24.88549869861044,24.953757996541654,24.407681753165562,24.563703536987305,23802900
2015-06-11,24.573457038015153,24.758731758227917,24.349174078930115,24.397932052612305,25793500
2015-06-12,24.271164815369847,24.74898183007209,24.09563981814726,24.505197525024414,21123900
2015-06-15,23.617820190887798,23.647074973831003,23.11075030602397,23.6373233795166,44190200
2015-06-16,23.452046807395842,23.715334274105377,23.28627342390389,23.6373233795166,19173100
2015-06-17,23.695835766329196,24.06638898376944,23.627576452570942,23.871360778808594,17951700
2015-06-18,24.027379996182646,24.202904989649337,23.82260207708924,23.86160659790039,21570800
2015-06-19,24.18340179928046,24.34917519756271,23.851855002715954,23.86160659790039,25589300
2015-06-22,23.53981446401898,24.095642442476315,23.403295833500152,24.01763153076172,26231200
2015-06-23,24.01762784725229,24.24191081147015,23.77384355304177,23.8811092376709,16168900
2015-06-24,23.83235666003626,23.8811127821442,23.4032957177644,23.461803436279297,21243700
2015-06-25,23.530056245659143,23.63732191655222,23.071742500806902,23.422792434692383,38347800
2015-06-26,19.766030233230808,20.08782541436705,18.946914888533744,19.17119598388672,149010300
2015-06-29,18.859152725894084,19.112688609377198,18.137551454408225,18.264318466186523,49126100
2015-06-30,18.420336226998618,18.625115951844514,18.088789518144207,18.371580123901367,34683900
2015-07-01,18.576359696767163,18.625117664273425,18.166802069345973,18.313074111938477,25027100
2015-07-02,18.361832555607705,18.89815724692667,18.342329366123902,18.59586524963379,26178100
2015-07-06,18.37158519301505,18.50810380729665,17.776750899485307,17.864513397216797,37875800
2015-07-07,17.679234493109746,17.903517435701772,16.938131946903827,17.747495651245117,46293200
2015-07-08,17.51346274973903,17.53296593959858,17.055148947598962,17.191667556762695,30898900
2015-07-09,17.42570026870641,17.562218863403924,16.713848793676796,16.723600387573242,47087100
2015-07-10,16.899125060485172,17.211168619974995,16.869870279310632,17.13315773010254,24282900
2015-07-13,17.386696340480817,17.406199531018988,16.957635448274203,17.17216682434082,35788100
2015-07-14,19.268708618481714,19.34671950924778,18.527604226240914,19.122438430786133,103878600
2015-07-15,19.00542025985576,19.16144203395994,18.303322276386947,18.420337677001953,41983200
2015-07-16,18.771388492375664,19.24920543080861,18.61536671084353,19.122438430786133,34717200
2015-07-17,19.044431290480983,19.736777849884323,18.88840947822314,19.619762420654297,34081300
2015-07-20,19.580751249337272,19.580751249337272,18.303322276386947,18.420337677001953,41989300
2015-07-21,18.371584697935987,18.634872184035366,18.049789501567826,18.41058921813965,29340300
2015-07-22,18.06929459242181,18.166806833151995,17.40620093986662,17.552471160888672,43635100
2015-07-23,17.874267635334256,18.4593504200768,17.845012845122714,18.235069274902344,32805200
2015-07-24,18.137551927077634,18.235066017101076,17.620728551901976,17.884016036987305,21567400
2015-07-27,17.649979998513345,18.205807788611395,17.133156721091297,17.669483184814453,27584100
2015-07-28,17.893770715427884,19.58075788180595,17.747500485150788,19.258962631225586,51809500
2015-07-29,19.483238469517996,20.058569497210062,19.180946494605234,19.375974655151367,41557900
2015-07-30,19.258957470054387,19.600255822521643,18.976166822033225,19.405227661132812,31248700
2015-07-31,19.5222426681147,19.531994261046968,18.01077924228461,18.049785614013672,55074900
2015-08-03,18.147304047919246,18.90790988030341,18.127800857364107,18.527606964111328,32958300
2015-08-04,18.693379124565546,18.71288231382758,18.13755125008305,18.537357330322266,19934500
2015-08-05,18.703133553982138,18.98592240143722,18.410591250491233,18.43984603881836,23370800
2015-08-06,18.45934595471724,18.48859887792553,17.991280584120087,18.254566192626953,29928600
2015-08-07,17.991280830351553,18.069291726518745,17.552468376957037,17.981529235839844,23718300
2015-08-10,18.118044834441417,18.48859606480149,17.86450899896298,18.35207748413086,25232400
2015-08-11,18.166798411524553,18.166798411524553,17.240419534544117,17.43544578552246,22959200
2015-08-12,17.211170331098614,17.87426389090199,17.08440331992515,17.73774528503418,20428400
2015-08-13,17.776747267870597,17.92301744756598,17.23067106237558,17.259925842285156,15468600
2015-08-14,17.318432492962913,17.542713545569804,16.401803237184414,16.52857208251953,37248200
2015-08-17,16.060507738544604,16.830866958110356,15.719211233599227,16.791860580444336,33001000
2015-08-18,16.57733175420074,16.57733175420074,15.865482072314485,15.972745895385742,32424300
2015-08-19,15.836228394260514,15.943494084752297,15.485179326197398,15.504681587219238,36874000
2015-08-20,14.968356079570906,14.987858339582944,14.29551090483485,14.37352180480957,54864200
2015-08-21,14.032222632926603,14.870840170023135,13.885951515899293,14.168741226196289,43715800
2015-08-24,13.466645615315887,14.080981254577637,13.16435266348894,14.080981254577637,54532000
2015-08-25,14.802582538796333,14.958604337208618,13.905456267962418,13.915207862854004,38655100
2015-08-26,14.246755241397148,14.383274794573131,13.759186604292973,14.061479568481445,43819700
2015-08-27,14.266258497326252,15.53393714548228,14.266258497326252,15.280401229858398,42971800
2015-08-28,15.845977310916888,16.128767952614822,15.221889254346342,15.563187599182129,34099400
2015-08-31,15.514432223782551,16.265288290962157,15.075620683335261,16.00200080871582,32916900
2015-09-01,15.407168766679307,15.806973961218116,15.290152408041845,15.426671028137207,27914200
2015-09-02,15.689956797302923,15.90448629943056,15.348658424883933,15.884984970092773,23478500
2015-09-03,15.982500172246677,16.78211248169237,15.855733138279831,16.177528381347656,26377200
2015-09-04,15.894734134564656,16.86987124367725,15.855729617361897,16.401805877685547,32420800
2015-09-08,17.113659505786373,17.308687716990818,16.626090837702126,17.094158172607422,26817000
2015-09-09,17.454951739616252,17.523211031291307,16.421307051552148,16.53832244873047,32951100
2015-09-10,16.39205322785915,16.986887421290746,16.294539151241892,16.772357940673828,20814300
2015-09-11,16.596834599459356,16.74310479874089,16.29454074636082,16.38230323791504,22107600
2015-09-14,16.479818270005357,16.49932146034276,15.953245150381688,16.284791946411133,15178700
2015-09-15,16.4408111167208,16.4408111167208,16.05075481213576,16.109264373779297,21319400
2015-09-16,16.05075792552068,16.284792497638193,15.904487712892234,16.265289306640625,22363200
2015-09-17,16.265288290962157,16.39205530467713,15.904486719743858,16.00200080871582,22827600
2015-09-18,15.68020540734752,15.787471089774748,14.97810639404387,15.114625930786133,36698200
2015-09-21,15.231641942402117,15.582690976337448,15.075620149541969,15.358409881591797,19024500
2015-09-22,14.96835729075952,15.426671132705373,14.792832286631874,15.026865005493164,22763900
2015-09-23,15.046367929303342,15.046367929303342,14.43203135575178,14.44178295135498,22567900
2015-09-24,14.432030761263427,15.134129806396054,14.237003507049725,14.95860481262207,32800800
2015-09-25,14.958604481277105,15.202388776135042,14.285759306689762,14.539295196533203,28917300
2015-09-28,14.305261542923873,14.36376924900961,13.57390870710962,13.710428237915039,30448600
2015-09-29,13.905456980461123,14.324765352688173,13.798191291084057,14.022473335266113,25529200
2015-09-30,14.363769204211238,14.948851843023148,14.334515351259608,14.607553482055664,28066300
2015-10-01,14.617305262121207,14.666062304302354,14.13948829466508,14.402775764465332,37460500
2015-10-02,14.841588639445481,15.553438358418589,14.773328402173325,15.514432907104492,49688200
2015-10-05,15.914236413391473,17.39644518089445,15.797221008545954,17.13315773010254,63718700
2015-10-06,17.19166722088519,17.84500918900315,16.908878413152863,17.766998291015625,51249900
2015-10-07,17.93277005497026,18.44959336970839,17.76699667929398,18.157052993774414,41913500
2015-10-08,18.127799185562644,18.625119339294535,17.991280584120087,18.254566192626953,33619600
2015-10-09,18.16680611614697,18.381337501110533,17.454956371321874,17.708492279052734,23392500
2015-10-12,18.0790463171753,18.166806962471835,17.279432174037634,17.58172607421875,22494700
2015-10-13,17.36719146130621,18.098544296037495,17.298932160986183,17.72799301147461,21778500
2015-10-14,18.30332137958454,18.820142783509745,18.059537137000596,18.35207748413086,34627900
2015-10-15,18.400839961823024,18.67387719013281,18.04003837593658,18.196060180664062,20397700
2015-10-16,18.27407564268317,18.36183816223127,17.776755318552965,18.040042877197266,15587100
2015-10-19,17.91327616903239,18.742141531829112,17.864518179503268,18.68363380432129,27543300
2015-10-20,18.43009002227675,18.5763602089761,16.197027126853257,16.66509246826172,67592500
2015-10-21,16.080009241576416,16.50907005128832,15.533933030987072,16.021501541137695,48737400
2015-10-22,15.992250955430107,16.58708528900444,15.670455728726745,16.30429458618164,33986100
2015-10-23,16.47982020005328,16.88937794547143,16.39205769318319,16.81136703491211,22439400
2015-10-26,16.73335368451074,16.821116178584433,16.089763301254674,16.167774200439453,14901400
2015-10-27,16.109267498513393,16.382304732772717,16.109267498513393,16.265289306640625,14697600
2015-10-28,16.382303705168045,16.684597566888552,16.167774197431456,16.49932098388672,15151700
2015-10-29,16.275036809236358,16.323792914542263,15.787468316472516,15.80696964263916,17073800
2015-10-30,15.972746566543204,16.206781131995264,15.797223432344076,16.148271560668945,19248400
2015-11-02,16.538323609176302,16.860120623811746,16.382301828706815,16.66509246826172,18767100
2015-11-03,16.67484681652286,17.542718346237468,16.665095221141875,17.396448135375977,22131500
2015-11-04,17.60122783896005,17.60122783896005,16.67484850318295,17.00639533996582,19246900
2015-11-05,17.084404741902443,17.279431072242332,15.953245702180407,16.099515914916992,26767000
2015-11-06,16.031256400224827,16.3530516080794,15.699709596989612,16.04100799560547,18047800
2015-11-09,15.953244482208467,16.041006975124404,15.407167265155566,15.446172714233398,23643000
2015-11-10,15.348658175395252,15.455923854678742,15.03661459194488,15.163382530212402,24591700
2015-11-11,15.251145467528394,15.397415669066826,15.085372076471097,15.114625930786133,16199800
2015-11-12,14.900095897315577,15.358410633760368,14.900095897315577,14.968356132507324,14296800
2015-11-13,14.919600348498776,14.99761125534357,14.49053943088905,14.627058982849121,21071200
2015-11-16,14.578301222736062,14.822085527229854,14.285759871350848,14.519793510437012,23731800
2015-11-17,14.656312581240844,15.338908469043343,14.568550080101614,14.900096893310547,25249600
2015-11-18,15.007361888123732,15.299902305036849,14.919599391064475,15.221891403198242,20071300
2015-11-19,15.319403932456362,15.875232713799962,15.319403932456362,15.475425720214844,18278900
2015-11-20,15.60219655357066,15.699710654015831,14.958606094530012,15.046368598937988,24068900
2015-11-23,15.153633592744946,15.280401553239694,14.695318801719838,14.939103126525879,14049000
2015-11-24,14.841588881657962,15.27064885311523,14.77332864327181,15.241394996643066,12222500
2015-11-25,15.017114335937489,15.387666628637689,14.968358213973406,15.192639350891113,10003300
2015-11-27,15.1633841619233,15.251146661703528,15.085373257666062,15.173135757446289,5019000
2015-11-30,15.20239062412026,15.611948363664027,15.114628118508968,15.533937454223633,13495300
2015-12-01,15.777721443435803,16.216532102240652,15.719213727580506,16.138521194458008,20138300
2015-12-02,16.080013061335546,16.177527158515105,15.329157860920999,15.426671028137207,16121100
2015-12-03,15.553438200993968,15.797223431693741,15.114626645660987,15.221891403198242,15210100
2015-12-04,15.153631379860599,15.533935205809088,15.017111843118336,15.114625930786133,19068500
2015-12-07,14.96835487410501,15.08537121464326,14.344266794604469,14.480786323547363,23579100
2015-12-08,14.246753991530511,14.334516487304004,14.061478334869028,14.237003326416016,18188000
2015-12-09,14.237002576624631,14.305261878647677,13.885952612018691,13.963963508605957,20917100
2015-12-10,13.934709662645162,14.432029826138669,13.905455808899438,14.295510292053223,14817000
2015-12-11,13.963963740738869,14.080980087565013,13.642168554476156,13.690925598144531,23718100
2015-12-14,14.071230606587127,14.119986724394002,13.174104275483272,13.320374488830566,35155800
2015-12-15,13.427637096879097,14.012718745894547,13.398382316955983,13.82744312286377,26455800
2015-12-16,14.00297027062492,14.090732770010073,13.437390752324298,13.72018051147461,21968200
2015-12-17,14.28575868951924,14.40277596436338,13.895704206582911,13.963963508605957,29024400
2015-12-18,14.022471977040373,14.363769413005805,13.905455633569662,14.002968788146973,38534200
2015-12-21,14.080979658055059,14.422278023359851,13.97371490922712,14.402775764465332,22217300
2015-12-22,14.432031241441225,14.578301454477328,14.158993076457607,14.24675464630127,27101100
2015-12-23,13.378882334027114,13.944461822509766,13.213108939475653,13.944461822509766,59121400
2015-12-24,13.846946501767267,14.227250301922071,13.837194907669225,14.11998462677002,14284200
2015-12-28,14.090732243296824,14.149240884020976,13.700677738346792,13.837196350097656,17658500
2015-12-29,13.993218696896957,14.149240494582685,13.87620141866939,13.983467102050781,16104200
2015-12-30,13.91520999813126,14.080982486909507,13.749436579389597,13.807944297790527,10943700
2015-12-31,13.749436579389597,13.934712260943765,13.68117633463729,13.807944297790527,13249400
2016-01-04,13.486146269423232,14.002968681645587,13.46664401064139,13.973714828491211,22622300
2016-01-05,14.061478801153024,14.70506921821596,14.002970158709427,14.451533317565918,29806700
2016-01-06,14.13949136431827,14.324767048873703,13.759187468698046,13.866453170776367,26835100
2016-01-07,13.51540174994807,13.915208797693124,13.291120632153774,13.320374488830566,26029200
2016-01-08,13.437389600957633,13.603162990044755,12.959572622983343,12.998578071594238,29064200
2016-01-11,13.037584050164622,13.125346545597374,11.906425064505356,12.21846866607666,43159100
2016-01-12,12.403743743896484,12.910814534798616,12.091699250301229,12.403743743896484,25671300
2016-01-13,12.462251809008375,12.647528377767864,11.613882648274043,11.760153770446777,35319800
2016-01-14,11.779656196638125,11.955181173761646,11.24333060095431,11.721148490905762,35810400
2016-01-15,11.067808109692537,11.370100135053082,10.638747200843357,10.804520606994629,37164600
2016-01-19,10.999549135567943,11.087311646563885,10.443721139211576,10.53148365020752,38131300
2016-01-20,10.121923149795032,10.13167474392859,9.078526756547669,9.800127983093262,65210400
2016-01-21,10.19018200974352,10.628993497251487,9.878138450620195,10.58023738861084,52299100
2016-01-22,10.90203594519435,11.282338919120276,10.609494552199708,10.794770240783691,35091300
2016-01-25,10.78501804123955,10.892282800442457,10.20968693377337,10.219437599182129,23874800
2016-01-26,10.287698745727539,10.453472161845458,10.102422137142383,10.287698745727539,26179500
2016-01-27,10.238939512359444,10.560734679779399,10.063414537416486,10.131674766540527,23013500
2016-01-28,10.219435998651662,10.287696225602229,9.468580941900816,9.644105911254883,37390400
2016-01-29,9.741622130762362,10.775268155080502,9.692865076131262,10.755764961242676,38448100
2016-02-01,10.726508308582904,10.824022392464402,10.248691343482657,10.68750286102295,25824800
2016-02-02,10.531482892878765,10.794769476969956,10.219438328447778,10.326704025268555,22090300
2016-02-03,10.404714912487815,10.589990587581081,9.926897865701102,10.492477416992188,18098100
2016-02-04,10.443718630910155,11.262833963524791,10.433967036483022,10.950789451599121,26164100
2016-02-05,10.872778334131826,11.09706035156085,10.492475458870103,10.726508140563965,22658100
2016-02-08,10.443718793112108,10.492475836041795,9.692862749899362,9.917144775390625,27424400
2016-02-09,9.7611235292725,10.08291872870229,9.507587635793481,9.731868743896484,30178600
2016-02-10,9.829383183435443,10.024410443034691,9.575847280974754,9.653858184814453,22090500
2016-02-11,9.478333343904323,9.7026144416792,9.215045867424333,9.449078559875488,27105700
2016-02-12,9.634355437304864,9.985404486855666,9.244300007840689,9.770874977111816,23857000
2016-02-16,10.102421512664659,10.599741730276733,10.053665394437209,10.541234016418457,27494100
2016-02-17,10.697256467699686,11.360349200955454,10.64849941658709,11.145819664001465,34404700
2016-02-18,11.282335613570835,11.457860583934215,11.038551345827553,11.204324722290039,21616100
2016-02-19,11.106811262356366,11.106811262356366,10.677750442355697,10.882529258728027,17907100
2016-02-22,11.087310265373295,11.155569574327492,10.628995503912726,10.775266647338867,20001700
2016-02-23,10.726511110169659,10.804522025664724,10.131677647028917,10.229190826416016,22686800
2016-02-24,9.99515492680774,10.404712568937404,9.809879293445832,10.375458717346191,18551800
2016-02-25,10.404711289455491,10.472970578095437,9.956148257043576,10.453468322753906,16153900
2016-02-26,10.521730084908326,10.72650892893192,10.307199645939969,10.433967590332031,16418800
2016-02-29,10.385207744778974,10.61924131052021,10.25844076453805,10.365705490112305,20720000
2016-03-01,10.502229777752502,10.824025031057571,10.326704755963027,10.794770240783691,15638700
2016-03-02,10.736259771365113,11.399352371756548,10.697254324283264,11.389601707458496,18197500
2016-03-03,11.438356642932497,11.555373902111446,11.31158965042102,11.496865272521973,16323300
2016-03-04,11.506619111145522,11.984436114507288,11.311591857728812,11.584630012512207,35279500
2016-03-07,11.17507215820152,11.487115759280018,10.775266061828873,11.292088508605957,27748800
2016-03-08,11.15556905963923,11.165320654743727,10.385210715686517,10.394962310791016,29648400
2016-03-09,10.492476968227663,10.6387471828367,10.26819491853535,10.541234016418457,15133800
2016-03-10,10.67775160484203,10.785017286501784,10.394961868584664,10.609492301940918,17739000
2016-03-11,10.716755218634265,11.116561232820008,10.580236636207776,11.106810569763184,17261200
2016-03-14,11.058057412362881,11.058057412362881,10.736262169566155,10.872780799865723,13531300
2016-03-15,10.872777760307377,10.872777760307377,10.453469460226199,10.58023738861084,15156500
2016-03-16,10.443716730101611,10.619241677990683,10.28769496751713,10.453468322753906,20471800
2016-03-17,10.453469837257469,10.7265079613382,10.336453498365726,10.599740028381348,19976800
2016-03-18,10.570487186143314,10.89228238133345,10.482724691098134,10.863028526306152,44827100
2016-03-21,10.86302806636276,11.311591187629958,10.80451942882215,11.243330955505371,18083000
2016-03-22,11.165319717149389,11.311590841544026,11.048303375611608,11.15556812286377,13463400
2016-03-23,11.145817666353242,11.175071519792315,10.365707778259807,10.385210037231445,29424300
2016-03-24,10.238941192626953,10.336455290256362,10.073167784634972,10.238941192626953,22822800
2016-03-28,10.238940754499703,10.326703252618117,9.995156450821138,10.12192440032959,22898800
2016-03-29,9.926896147863733,10.268193580808829,9.848885252906957,10.19018268585205,30891600
2016-03-30,10.248692385298366,10.67775235207332,10.141426696132136,10.219437599182129,35166700
2016-03-31,10.053664483198434,10.22918853882755,9.761123150532223,10.209686279296875,48134200
2016-04-01,10.02441193166658,10.794770418954862,9.985406473954393,10.755764961242676,28458300
2016-04-04,10.785019586426142,10.941041414879617,10.511980456669109,10.53148365020752,22475200
2016-04-05,10.365706167152604,10.45346864379243,10.12192192313668,10.141424179077148,20760300
2016-04-06,10.160929235525296,10.219436944080583,9.995155844679887,10.209686279296875,18413000
2016-04-07,10.160930958508496,10.385212095940416,10.131677099270293,10.248693466186523,19470200
2016-04-08,10.375457441461666,10.619241677990683,10.30719722285866,10.453468322753906,18950000
2016-04-11,10.482724006921577,10.648497391195534,10.180431091491648,10.19018268585205,18258000
2016-04-12,10.248691551356604,10.277945405129119,9.800128430337322,9.917144775390625,25679600
2016-04-13,10.043912829426187,10.628994561356985,9.946398742456093,10.609492301940918,26108900
2016-04-14,10.5217279345287,10.5217279345287,10.131673516088458,10.141424179077148,17778100
2016-04-15,10.46322267853455,10.511979729042219,10.199936093734562,10.424217224121094,25325200
2016-04-18,10.365708677140738,10.824023427258238,10.297449369875926,10.619244575500488,26372800
2016-04-19,10.80451728856899,10.80451728856899,10.336452000815546,10.453468322753906,21005700
2016-04-20,10.36570973133949,10.502229289716546,10.238941769267237,10.482726097106934,19268600
2016-04-21,10.531481164353282,10.619243654633738,10.336453924820733,10.385210037231445,15629500
2016-04-22,10.394962310791016,10.541233447468596,10.238940508972233,10.394962310791016,18715200
2016-04-25,10.404715110640764,10.609493981729758,10.219438502055608,10.287698745727539,22500000
2016-04-26,10.550983191666573,11.360346915428618,10.443718444769592,11.223828315734863,47098100
2016-04-27,11.058054499813398,11.321341024590147,10.921534975507898,11.272584915161133,24353400
2016-04-28,11.243331294174121,12.101452114183953,11.233580629259682,11.331093788146973,41186400
2016-04-29,11.340847042698273,11.399354760600291,10.385211993985692,10.482726097106934,40162100
2016-05-02,10.531481056336311,10.58998876261437,10.170680434410864,10.355956077575684,23794800
2016-05-03,10.229187785697889,10.35595571818533,9.995155108781011,10.10241985321045,27847600
2016-05-04,9.995155668258667,10.229188358275497,9.556344141986301,9.751371383666992,40867200
2016-05-05,9.809881210327148,10.141427096393388,9.761124161505734,9.809881210327148,26456300
2016-05-06,9.731866563492591,9.95614855130899,9.60509957511825,9.741618156433105,20963300
2016-05-09,9.751372175029676,9.81963148266662,9.51733946602016,9.624604225158691,20476700
2016-05-10,9.692862143003637,9.858635520607118,9.595348993213063,9.839133262634277,19608200
2016-05-11,9.770871800631813,10.073163706980026,9.761120208823682,9.848882675170898,17808400
2016-05-12,9.897642467975544,10.004908157969384,9.117533431456678,9.390571594238281,41066600
2016-05-13,9.419825520346533,9.546593472210072,9.176041212138959,9.322312355041504,21517300
2016-05-16,9.3710670119574,9.449077904026478,9.273553861852648,9.439327239990234,16247600
2016-05-17,9.410073683240999,9.673361175728166,9.254051878787852,9.429576873779297,22112100
2016-05-18,9.439327369820464,10.024409068385864,9.439327369820464,9.800127983093262,26916900
2016-05-19,9.75137321529364,10.004909142082496,9.663610707561851,9.819632530212402,18852900
2016-05-20,10.05366656807789,10.541235246976724,10.024411777770274,10.53148365020752,31189700
2016-05-23,10.570487186143314,10.89228238133345,10.550983996149593,10.863028526306152,28369200
2016-05-24,11.02880068188984,11.214076316190933,10.882529563265962,11.204324722290039,25437300
2016-05-25,11.301841459530658,11.487117137408017,11.13606804407878,11.311593055725098,29175600
2016-05-26,11.41885561443366,11.730899192568337,11.399352425818634,11.652888298034668,23644100
2016-05-27,11.672390969200547,12.12095405786549,11.535871444837069,12.003937721252441,29838400
2016-05-31,12.345235110733881,12.589019377312239,11.95518065619378,12.403743743896484,49604300
2016-06-01,12.296480043856144,12.764546394348145,12.003939621007385,12.764546394348145,35762100
2016-06-02,12.628026280616266,12.88156217031852,12.432999030831178,12.784048080444336,31941900
2016-06-03,12.696286863708945,12.715789124240661,12.315983018725737,12.540264129638672,28326000
2016-06-06,12.569518600823223,12.715788806022196,12.442750655667913,12.452502250671387,24861200
2016-06-07,12.511010163810239,12.823053769279374,12.491507903450069,12.676783561706543,21409500
2016-06-08,12.754794831799437,12.76454642724308,12.198966910998404,12.267226219177246,25869800
2016-06-09,12.159960577323659,12.384241676482178,11.935678548201881,12.198966026306152,21881700
2016-06-10,12.01369127267728,12.062448323809024,11.750404684507298,11.838167190551758,21439300
2016-06-13,11.701646358416445,12.052695414382152,11.643137717440512,11.75040340423584,15538900
2016-06-14,11.7699054974713,12.01368979314362,11.448110301580902,11.623635292053223,21913200
2016-06-15,11.85766709092342,11.94542957948518,11.652888260933716,11.721148490905762,17491700
2016-06-16,11.574877403500999,11.691893745301503,11.292087678325643,11.652888298034668,22453100
2016-06-17,11.67239303710401,12.042945300341334,11.652889845898358,11.896674156188965,20604200
2016-06-20,12.19896561503057,12.345235811292754,11.984435187877903,12.013689041137695,21481700
2016-06-21,12.228217942681416,12.511007635480116,12.111201614278139,12.43299674987793,25060500
2016-06-22,12.462251447095912,12.715787307528565,12.354986704588178,12.403743743896484,26968200
2016-06-23,13.076587907280311,13.807940706837048,13.076587907280311,13.700675964355469,71203000
2016-06-24,13.164353928246584,13.505652365038346,12.803553228475437,12.881564140319824,77486100
2016-06-27,12.803552198434708,12.910816961100476,11.799161091768523,11.925928115844727,45700500
2016-06-28,12.325733845434518,12.725539926020586,12.306230656155563,12.667031288146973,34838100
2016-06-29,12.969325283165864,13.086341638612428,12.618275286862842,12.862059593200684,36879800
2016-06-30,13.00832907715945,13.437388992449458,12.891312736625812,13.417886734008789,48486100
2016-07-01,12.26722560614493,12.579269205041054,12.003939052067144,12.189214706420898,68847100
2016-07-05,12.072198719279122,12.140458026096182,11.50661921431783,11.613883972167969,37298900
2016-07-06,11.467615003143665,11.55537750994765,11.214079079035132,11.438360214233398,35747800
2016-07-07,11.604132797847567,12.237972562581152,11.594382132208084,11.896674156188965,33457100
2016-07-08,12.081950386434077,12.403745591862968,12.072198791126942,12.306231498718262,27955700
2016-07-11,12.47200434170562,12.657279994444517,12.296479353874782,12.32573413848877,22797100
2016-07-12,12.676784697383198,13.125347885412216,12.657281505312493,12.901065826416016,35226800
2016-07-13,12.910815748162708,13.057086879834252,12.745042356912917,12.959572792053223,23067400
2016-07-14,13.164351632422774,13.213108676313288,12.940070532474975,12.959572792053223,18698900
2016-07-15,12.979077635957106,13.164353310401086,12.715790123366663,12.803552627563477,18046200
2016-07-18,12.920567848708078,13.02783260549547,12.76454604612158,13.008330345153809,17180500
2016-07-19,12.891313552856445,12.930319002170673,12.72554016078016,12.891313552856445,30569900
2016-07-20,12.998579343865817,13.28136910646445,12.910816843410492,13.252115249633789,35666000
2016-07-21,13.144848682054832,13.164351871951208,12.754794183760108,12.85230827331543,16734700
2016-07-22,12.881563535746562,12.901065797810642,12.696287861302581,12.803552627563477,18755900
2016-07-25,13.65192353779188,13.973718803928467,13.534907161920712,13.573912620544434,51357000
2016-07-26,13.65191966772869,14.32476387074007,13.583660366978277,14.305261611938477,38959800
2016-07-27,14.480787678210149,14.519793128705153,13.710429333461366,13.837196350097656,35035800
2016-07-28,13.778687873730853,13.837195581240758,13.359378606735808,13.466644287109375,25504200
2016-07-29,13.56415651713266,13.593410368890908,13.281366803567797,13.398383140563965,21792900
2016-08-01,13.466641713225028,13.5739064431338,13.213105882571854,13.222857475280762,16363900
2016-08-02,13.213109404194634,13.24236326015517,12.696286942396387,13.066838264465332,23707600
2016-08-03,12.940068222906538,13.242360167140204,12.940068222906538,13.174100875854492,17316600
2016-08-04,13.27161566603328,13.846946706854126,13.261865001754021,13.681173324584961,23400100
2016-08-05,13.866451417685298,14.41252773573042,13.84694822705917,14.158992767333984,29098400
2016-08-08,14.16874433385755,14.354020936736624,14.022474114711647,14.061479568481445,16163500
2016-08-09,14.197996449591148,14.334515047110925,14.04197373391209,14.11998462677002,12573700
2016-08-10,14.11998581802088,14.139489007862373,13.681174276183324,13.84694766998291,15003200
2016-08-11,13.895704943086198,14.129737645252249,13.85669949272519,14.071229934692383,14451300
2016-08-12,14.10048496620633,14.617307459092807,14.0712311084861,14.558799743652344,24909900
2016-08-15,14.714820874292823,15.309654246766078,14.70506927885146,15.143880844116211,29105200
2016-08-16,15.192634227760227,15.20238582085006,14.851335909320875,15.10487174987793,21872700
2016-08-17,15.143878280709865,15.368160288080338,15.075618984101236,15.134127616882324,22552100
2016-08-18,15.163383039231311,15.407167329476307,15.124377589990644,15.377913475036621,16590700
2016-08-19,15.758216244309846,16.04100691145577,15.631449232782494,15.845978736877441,35059400
2016-08-22,15.748467293154912,16.021506411412116,15.514434560331662,15.787473678588867,22145800
2016-08-23,15.865482949582919,16.128770444266735,15.738714069952946,15.77772045135498,23741400
2016-08-24,15.797223393532414,15.836227914394188,14.997610256673378,15.124378204345703,26686900
2016-08-25,15.504683628633448,16.138522539692232,15.485181365043854,15.797225952148438,34837800
2016-08-26,15.933742511168418,16.392056340390162,15.884986393565113,16.099515914916992,24243700
2016-08-29,16.499320304812898,16.821115483136715,16.197028315460578,16.48956871032715,34467800
2016-08-30,16.577333132343906,16.587084727965898,16.09951610642637,16.32379722595215,23620900
2016-08-31,16.284793067939123,16.323797591373555,15.738714860443237,16.080013275146484,21963700
2016-09-01,16.197027290722318,16.38230199445034,15.894733460568766,16.226280212402344,15719500
2016-09-02,16.538325981090964,16.548077576259665,16.158023069144615,16.284791946411133,16099500
2016-09-06,16.38230403957221,16.65534312220483,16.333547924068014,16.58708381652832,22998600
2016-09-07,16.78210877266902,16.91862923283798,16.596834060890288,16.733352661132812,23023500
2016-09-08,16.752852569562737,17.415945972211603,16.460310377845026,17.01613998413086,39212100
2016-09-09,16.899127292584655,17.29893338847965,16.275040091173256,16.39205551147461,31389600
2016-09-12,16.197027336649725,16.772358357055467,15.96299466291412,16.723600387573242,28239200
2016-09-13,16.49931713199237,16.723598182255902,16.050753171539192,16.33354377746582,24345800
2016-09-14,16.460315281006388,16.65534346691275,16.236034169162707,16.50907325744629,18591300
2016-09-15,16.479813562611422,17.025889716587987,16.431057460621503,17.01613998413086,24303700
2016-09-16,17.63047946230489,17.63047946230489,16.908878200033712,17.04539680480957,37447400
2016-09-19,17.1916636476278,17.328184085675318,16.431058015321625,16.52857208251953,23999900
2016-09-20,16.626087997565943,16.840619365229085,16.304292805997783,16.49932098388672,17775800
2016-09-21,16.8211145115535,17.259926938434138,16.801611323708503,17.22092056274414,31384900
2016-09-22,17.44520073257245,17.60122250733563,16.977135408282898,17.152660369873047,25278000
2016-09-23,17.01614388088703,17.298932685055092,16.996640691654335,17.04539680480957,17947600
2016-09-26,16.918629371813893,17.162413651350327,16.752855987332058,16.928380966186523,19567200
2016-09-27,17.09415730570577,17.630482069428883,16.9186322965086,17.552471160888672,28621000
2016-09-28,17.708493539074166,17.708493539074166,16.72360462509291,17.00639533996582,42715600
2016-09-29,17.016146036082098,17.328189663621366,16.918631937494396,17.10390853881836,31870200
2016-09-30,17.30868352614038,17.552467801156446,17.142910144732404,17.33793830871582,21363100
2016-10-03,17.542720501588366,17.571975291325654,17.162417534638003,17.2891845703125,26856100
2016-10-04,17.532965937346614,17.591475506917746,17.22092233934013,17.357440948486328,54502800
2016-10-05,17.113653802663528,17.87426134097627,16.850368223182336,17.259925842285156,67739500
2016-10-06,17.201422061027515,17.445206395724284,17.1039098150903,17.2891845703125,21606800
2016-10-07,17.27943065244751,17.357441554673564,16.869872950779065,17.17216682434082,23849000
2016-10-10,17.279427008126056,17.396444266748897,17.055145944019024,17.064897537231445,18857600
2016-10-11,16.967384193831613,17.035643489324276,16.1190160070995,16.440811157226562,38070200
2016-10-12,16.460318572717348,16.616342268599805,16.255540610498425,16.36280632019043,17901800
2016-10-13,16.148266385319058,16.577327137902888,15.76796359321408,16.43105697631836,28593700
2016-10-14,16.606593110348857,16.977144560183707,16.56758671566768,16.704105377197266,23539800
2016-10-17,16.59683405227157,16.743104246730667,16.509071563610828,16.56757926940918,12657800
2016-10-18,16.782106564256544,17.220918950043377,16.77235683117345,16.977134704589844,20185700
2016-10-19,16.577331083060606,16.82111536369385,16.43106088666595,16.791860580444336,18629500
2016-10-20,16.626085895784783,17.06489831059929,16.626085895784783,16.772357940673828,17129700
2016-10-21,16.57733133110524,16.64559063311567,16.382303159709878,16.518823623657227,18710300
2016-10-24,16.645587240157706,16.733349713403882,16.54807317433683,16.635835647583008,13838700
2016-10-25,16.6748476209885,17.172167849851732,16.6748476209885,17.10390853881836,27444000
2016-10-26,16.86987302933598,17.484210514662706,16.7723607960443,17.201419830322266,23610500
2016-10-27,17.376947032934314,17.45495794543072,16.967389277346474,17.094158172607422,21198300
2016-10-28,17.16241238721655,17.230671682870735,16.67484386405657,16.772357940673828,20832400
2016-10-31,17.103905804543142,17.31843529919946,16.733352661132812,16.733352661132812,23267600
2016-11-01,16.77236413770351,16.977142100327146,16.167778127235962,16.557832717895508,27146100
2016-11-02,16.528576805327827,16.59683611389266,16.08976430751582,16.265289306640625,24949700
2016-11-03,16.245782085023194,16.392052261361638,16.148268014155498,16.206777572631836,17255100
2016-11-04,16.05075792552068,16.59683611389266,16.04100818994856,16.265289306640625,18026600
2016-11-07,16.596835481020296,16.996641581591714,16.596835481020296,16.94788360595703,21673200
2016-11-08,16.86986904141391,17.113653286867443,16.63583638896966,16.977134704589844,18062700
2016-11-09,16.52857367909384,16.91862812563656,16.33354552585932,16.772357940673828,33873300
2016-11-10,16.918629224052154,17.31843529020602,16.33354658628934,16.56757926940918,30282200
2016-11-11,16.65534547899255,17.240428247467015,16.479820462457525,17.230676651000977,31043300
2016-11-14,17.32818959808072,17.532967530406307,17.094156878311455,17.26968002319336,26313300
2016-11-15,17.220921593746912,17.718241754010336,17.220921593746912,17.649982452392578,25153900
2016-11-16,17.493960537355775,17.87426342080053,17.4842089429179,17.786500930786133,21629000
2016-11-17,17.893770616432285,18.859156362832476,17.796256510144747,18.703134536743164,45958100
2016-11-18,18.430093609371294,18.849402923466624,18.38133749095743,18.732385635375977,29121600
2016-11-21,18.907910403961978,19.18094949951592,18.868905881698083,19.00542449951172,22744000
2016-11-22,19.151694356581757,19.3077161625881,18.966419624403375,19.249208450317383,22219100
2016-11-23,19.14194087117731,19.434483123499128,18.985919080576256,19.414979934692383,20041300
2016-11-25,19.453987747089954,19.93180474853678,19.297965944981872,19.6295108795166,16308000
2016-11-28,19.678267064389903,19.775781146815238,19.453985976760137,19.492990493774414,22205900
2016-11-29,19.424728988790587,19.69776801659847,18.898154119431,18.93716049194336,37924400
2016-11-30,19.093187806273033,19.268712813693824,18.878658274940257,19.044431686401367,26031700
2016-12-01,19.21020305710567,19.33697007126121,17.727994107374805,18.02053451538086,40713100
2016-12-02,18.001031241642526,18.722634383224115,17.845009443442873,18.32282829284668,25887600
2016-12-05,18.527611355949574,18.527611355949574,17.942528520092072,18.147308349609375,26635500
2016-12-06,18.15705770929538,18.615371579933104,18.118051323746553,18.586116790771484,22267800
2016-12-07,19.015176998495864,20.029320664513822,18.82014879813033,19.931806564331055,44735700
2016-12-08,20.234092356849604,20.468125009111183,19.785530238329798,20.146329879760742,36257400
2016-12-09,20.21459368564559,20.33161096787453,19.629510994354106,19.990312576293945,23978000
2016-12-12,19.795282607810623,20.000062368266658,19.00542206874063,19.522245407104492,28676100
2016-12-13,19.63926247463918,19.961057673977926,19.307715680177857,19.6295108795166,26252400
2016-12-14,19.43448291832711,19.824537390711896,19.28821272367362,19.522245407104492,19489100
2016-12-15,19.600257323514025,19.990311816235756,19.483240045734238,19.785533905029297,19453100
2016-12-16,20.019567157562356,20.47788096676885,19.688020364544354,19.76603126525879,36643400
2016-12-19,19.922052723712234,20.185340206563204,19.688020025597996,19.84404182434082,23555900
2016-12-20,20.21459231712756,20.28285161883724,19.961056439401286,20.136581420898438,23018500
2016-12-21,20.234098453852035,20.312109361445717,19.834292319943554,20.06832504272461,32034500
2016-12-22,22.340389079448574,22.90596847918425,22.20387049121363,22.613428115844727,85870000
2016-12-23,22.496411745965265,22.90596938682493,22.48666015214404,22.68168830871582,27780100
2016-12-27,22.769455381886367,23.052244219986626,22.63293490080274,22.7206974029541,24214100
2016-12-28,22.818205027351844,22.827956620371765,22.19411795348653,22.213621139526367,24026900
2016-12-29,22.018596774803523,22.23312627825142,21.599287502673373,21.716304779052734,19890500
2016-12-30,21.794314980787824,21.84307109276535,21.209232337425284,21.3750057220459,20268900
2017-01-03,21.521280089098536,22.1746221598291,21.50177689655689,21.98934555053711,24962900
2017-01-04,22.106355744579286,22.272129108077834,21.696798132402066,21.80406379699707,20426800
2017-01-05,21.84307054376978,22.008843924223907,21.414009701430913,21.56028175354004,19759400
2017-01-06,21.716304563935953,21.726056158531513,21.433513900444225,21.492023468017578,17782200
2017-01-09,21.39450859473808,21.989340963767273,21.39450859473808,21.784563064575195,21537200
2017-01-10,21.804068029794237,22.12586322612275,21.74555845960609,21.921083450317383,20644300
2017-01-11,22.04785034548871,22.311135947981096,21.999092374711296,22.22337532043457,20907700
2017-01-12,21.901584104582668,21.921087298068727,21.160481351381378,21.755313873291016,27592300
2017-01-13,21.716302522244913,21.75530703703359,21.443263479018924,21.6285400390625,14025700
2017-01-17,21.335998653821463,21.521275221205787,21.043458271573705,21.199480056762695,20053800
2017-01-18,21.140971404674215,21.784561704712065,20.99470122010676,21.765058517456055,19493400
2017-01-19,20.965452915809927,21.745562047776286,20.955701319169485,21.170230865478516,31259000
2017-01-20,21.3555032931468,21.77481256680841,21.345751698419026,21.414011001586914,19978700
2017-01-23,21.4140139359345,21.75531235846834,21.199484402306233,21.345754623413086,16070300
2017-01-24,21.71630565170783,22.515917849331384,21.706554056623816,22.281885147094727,29461400
2017-01-25,22.818208023668127,23.38378747360778,22.613430123138492,22.97422981262207,31611800
2017-01-26,23.208263654767748,23.39354023587324,22.710945340101556,22.935226440429688,19379100
2017-01-27,22.94498339959363,23.50081141293228,22.866972482983417,23.374042510986328,18626100
2017-01-30,23.227767386720156,23.637325077717115,22.84746448076818,23.57881736755371,30508100
2017-01-31,23.354533485495775,23.54955978283036,23.091246031171412,23.510555267333984,22712500
2017-02-01,23.822599976013105,24.23215763800486,23.705582704046986,24.1346435546875,28728200
2017-02-02,23.920114860431504,24.680720643941942,23.85185369787473,24.17365074157715,45499700
2017-02-03,24.28091704718592,24.612463859535005,23.89086252087132,23.98837661743164,25054400
2017-02-06,23.920113143586455,24.115139442828458,23.60806771693179,23.73483657836914,18900000
2017-02-07,23.97862502178294,24.076139118343264,23.608071826839048,23.98837661743164,19879300
2017-02-08,23.6470748432287,23.773841848762917,23.315528078075914,23.608068466186523,21559200
2017-02-09,24.134646288642923,24.27116490479609,23.812851079191415,23.842105865478516,27887400
2017-02-10,24.0956377081978,24.144395680893798,23.305777149787428,23.45204734802246,28578400
2017-02-13,23.471549979444188,23.598318845515422,23.227765701535667,23.305776596069336,16876400
2017-02-14,22.77920250344897,22.788954097320048,22.116108999626796,22.545169830322266,60685200
2017-02-15,22.496412742809948,22.681689313770345,22.22337554342244,22.447656631469727,28215800
2017-02-16,22.467159007985444,22.75969938530684,22.28188244372117,22.408649444580078,23819800
2017-02-17,22.437904386071384,22.79870406334207,22.437904386071384,22.769451141357422,22108700
2017-02-21,23.03274019141889,23.383788298993103,22.993733812840365,23.17901039123535,20256300
2017-02-22,23.266775351357154,23.461801685159568,23.061995561948923,23.159509658813477,16013300
2017-02-23,23.325278166320537,23.37403427454885,22.652433085197224,22.896217346191406,20172900
2017-02-24,22.38914849949768,22.681690766049368,22.07710490311711,22.662187576293945,22019600
2017-02-27,22.77920551819099,23.179011620186074,22.57442573964932,23.169260025024414,17999800
2017-02-28,23.198514264262954,23.354536063322538,22.74019860208969,22.857215881347656,21447500
2017-03-01,23.55931424986273,23.968871942117236,23.471551754384866,23.939617156982422,27989300
2017-03-02,24.261414872887002,24.6222164873064,23.773846229574005,24.085891723632812,45941900
2017-03-03,24.57345403115949,25.041519361676016,24.35892269306136,24.934253692626953,37862400
2017-03-06,24.865996179070887,25.27555383759382,24.544201008797614,25.07077407836914,25527800
2017-03-07,24.924506797071718,25.109783389462745,24.651469566102456,25.002517700195312,20313000
2017-03-08,25.002519299529972,25.187795903772578,24.417438418640494,24.74898338317871,24921100
2017-03-09,24.60270915284464,24.85624502787089,24.232157864684087,24.52469825744629,21786600
2017-03-10,24.651471085369568,25.109784936975686,24.193155373836696,24.553956985473633,28919000
2017-03-13,24.758731762405805,25.178041036510802,24.661219534878008,25.061025619506836,23768200
2017-03-14,24.953757559995584,25.061023231968893,24.622210810192936,24.944005966186523,14587500
2017-03-15,24.524698744142654,25.499835885937006,24.31992083713056,25.470582962036133,29779900
2017-03-16,25.548592279854926,25.577845201947714,25.18779074132407,25.39257049560547,19147300
2017-03-17,25.21704838904682,25.265804504693104,24.768484313409342,25.158538818359375,19126500
2017-03-20,25.34381627458184,25.948402172927224,25.1682912763549,25.558345794677734,26918800
2017-03-21,25.64610965504035,25.782630138644592,24.797741265149153,24.8855037689209,28397500
2017-03-22,25.090277956260707,25.499835626037093,24.992763871089856,25.412073135375977,25092500
2017-03-23,25.704618187618276,25.83138521018443,25.392574569061576,25.81188201904297,47118300
2017-03-24,28.971324650115104,29.127348309644066,27.459862768994387,27.7231502532959,107481800
2017-03-27,27.401356254123122,28.45450437733135,27.37210146794938,28.044946670532227,48190000
2017-03-28,28.015689088057723,28.33748426414327,27.908425269313515,27.9766845703125,24776400
2017-03-29,27.88892262497495,27.966933521914925,27.64513833954672,27.79140853881836,23060600
2017-03-30,27.69389553944787,28.27897821942121,27.62563623443752,28.249723434448242,25092700
2017-03-31,28.37649525649605,28.630031172813474,28.181467056274414,28.181467056274414,32337800
2017-04-03,28.230220868923244,28.31798336007473,27.596380241734416,27.927927017211914,21629100
2017-04-04,27.762152195312165,27.9669319507291,27.459860219143376,27.879169464111328,13957900
2017-04-05,27.927932036676317,28.19121955745122,27.528125887318936,27.55738067626953,22389900
2017-04-06,27.54762471790468,28.064448081300863,27.323343617911185,27.90842628479004,19423700
2017-04-07,27.742651877605766,28.142457949015178,27.64513779337571,27.810911178588867,20325500
2017-04-10,27.74265563669267,27.781660159713873,26.894285406842737,26.95279312133789,27422100
2017-04-11,26.81627411869687,26.855280501088874,26.016661878927636,26.504230499267578,38619300
2017-04-12,26.738260729697434,26.748012324389453,25.997156272442492,26.026411056518555,24621900
2017-04-13,25.88989012629896,26.552983674048523,25.704615410253886,26.075166702270508,26077500
2017-04-17,26.240939635581977,26.543231620679816,26.162928740720393,26.455469131469727,14108600
2017-04-18,26.32870280049948,26.660249577151742,26.23118871443826,26.465221405029297,14407100
2017-04-19,26.767513811162754,26.86502603202744,26.37745748799844,26.582237243652344,21231900
2017-04-20,26.816271260184465,27.381850725093113,26.816271260184465,27.264833450317383,23633000
2017-04-21,27.303842595423983,27.33309738206411,26.48472716876713,26.640748977661133,28361700
2017-04-24,27.050305821201718,27.06980901166802,25.86063910165636,25.909395217895508,44041000
2017-04-25,26.045913477386524,26.34820734572674,25.714368543597555,26.318952560424805,22881400
2017-04-26,25.91914638605098,26.396963385042614,25.733869799527174,26.123926162719727,24670700
2017-04-27,26.49448049031644,26.96254594749092,26.426221176969346,26.943042755126953,24626900
2017-04-28,27.323346447350634,27.49887145158324,26.826026222000475,26.98204803466797,28105100
2017-05-01,27.157569016307455,27.67439049674415,27.03080014983799,27.58662986755371,23938000
2017-05-02,27.57688338473692,27.57688338473692,26.767519503915267,27.07956314086914,25335300
2017-05-03,26.865030045404637,27.40135663991441,26.865030045404637,27.303842544555664,15061300
2017-05-04,27.245332164701114,27.469613260126273,27.030800803923583,27.099061965942383,15544600
2017-05-05,27.10881258625865,27.518370272119608,26.933289457969565,27.498868942260742,15639600
2017-05-08,26.874778096604892,27.372098243412392,26.60174089752139,27.362346649169922,32326800
2017-05-09,27.411105528681773,28.18146290009948,27.362347555853763,28.093700408935547,31073400
2017-05-10,28.200966100952662,28.688534669876514,28.083948826043283,28.591020584106445,29267500
2017-05-11,28.444751872367124,28.581270483625854,27.976686468114416,28.3082332611084,22494600
2017-05-12,28.376495382551262,28.395998574645414,27.966937648207878,28.210721969604492,15902700
2017-05-15,28.356989252191106,28.464254937667633,28.015690865614804,28.113204956054688,21899900
2017-05-16,28.20096309746703,28.356984874111767,27.859664763584316,28.298477172851562,14940800
2017-05-17,27.63538885231699,27.80116225344655,26.289698452576648,26.328704833984375,38027900
2017-05-18,26.474971121897678,27.19657233168896,26.416463418381184,26.79676628112793,26863000
2017-05-19,27.089308548829408,27.459859818083018,27.04055057923922,27.128313064575195,19173200
2017-05-22,27.498867108638095,27.54762321992403,26.96254058486071,27.362346649169922,18032700
2017-05-23,27.38185010630551,27.60613119630356,26.874778360280523,27.58662986755371,21800800
2017-05-24,27.7621561772521,28.395996862609532,27.732903250801336,28.269227981567383,22216800
2017-05-25,28.47400685526336,28.922569072471017,28.46425526011625,28.698287963867188,20714000
2017-05-26,28.542267358415113,29.02983597665961,28.16196257143427,29.020084381103516,17784800
2017-05-30,29.195607782670578,30.10248566053801,29.13709821253769,29.93671226501465,34690000
2017-05-31,30.239007087786565,30.32676959123448,29.5661618479948,30.004974365234375,26402900
2017-06-01,29.985470495964588,30.063481401719624,29.527156657144598,29.995222091674805,20534800
2017-06-02,30.034224437334448,30.599803928039883,29.770938811951616,30.434030532836914,20206300
2017-06-05,30.52179302794005,30.97035709845902,30.29751192264385,30.434030532836914,24360800
2017-06-06,30.268254699064038,30.98010429387369,30.102481327403105,30.785076141357422,33125800
2017-06-07,30.9118484952946,31.740713587436208,30.9118484952946,31.691957473754883,32635800
2017-06-08,32.02350279786325,32.04300598641921,31.087370206368185,31.643199920654297,29156500
2017-06-09,31.85772890158416,32.1112666436749,28.81530203546641,29.839197158813477,53064200
2017-06-12,29.312626213669777,30.902101026923784,28.483759150923216,30.424283981323242,46550900
2017-06-13,30.9606048611143,31.43842370672984,30.004970889736292,30.755826950073242,33767900
2017-06-14,30.989861680597343,30.99961327603871,30.082983763743755,30.287761688232422,28935000
2017-06-15,29.712431285481866,30.199999909621273,29.33212835382967,29.800193786621094,33670600
2017-06-16,29.868453771916382,30.22925538030717,29.078593103726554,29.117599487304688,42881700
2017-06-19,29.751438735102298,30.47304010151496,29.57591372652929,30.424283981323242,24915000
2017-06-20,30.61930635163827,30.794831337451104,29.965964382182996,30.063478469848633,25793300
2017-06-21,30.40477800178391,31.350662270169956,30.287760720154388,31.214139938354492,30579000
2017-06-22,31.24339616478892,31.594446145044344,30.970357084598415,31.097124099731445,23050800
2017-06-23,31.097120951203028,31.282399377497132,30.853336680692056,30.941099166870117,45323800
2017-06-26,31.643201360073558,32.14051967138792,31.155632783554253,31.691957473754883,34750700
2017-06-27,31.701705940330715,31.857727729781157,30.82408476961681,30.872840881347656,33221500
2017-06-28,31.272647907948205,31.477425815406832,30.65831232564583,31.43842315673828,28415900
2017-06-29,31.487180816838105,31.58469304807947,29.87820296238333,30.68756675720215,53948400
2017-06-30,31.321408081520584,31.350664729130923,28.971327408813423,29.117599487304688,73308000
2017-07-03,29.341873951955723,29.52715051203721,27.849913597475727,28.41549301147461,36830400
2017-07-05,28.815298011151633,29.800186618189596,28.815298011151633,29.75143051147461,40444600
2017-07-06,29.195607458433656,29.722180564295673,29.176104268605958,29.35162925720215,27143800
2017-07-07,29.468639968142863,29.74167900232785,29.23460730738127,29.449138641357422,22023100
2017-07-10,29.410135284215297,29.82944454188954,29.010329215252987,29.741682052612305,24907900
2017-07-11,29.790441381497857,30.60955679658965,29.751436859788395,30.590055465698242,28530500
2017-07-12,30.98011156141537,30.989863157321413,30.385277230633836,30.668067932128906,22258600
2017-07-13,30.7655776688616,31.058119942467307,30.073231155188616,30.356019973754883,23773000
2017-07-14,30.570553795865038,31.155636530029902,30.482791292743972,30.999614715576172,28887600
2017-07-17,30.88259649727647,31.067873093848398,30.658315378225904,30.931352615356445,22320500
2017-07-18,30.85334047756779,31.116627968502673,30.619307772267877,31.106876373291016,14045000
2017-07-19,31.253146926774214,31.54568734664829,30.86309241363324,31.028865814208984,19984100
2017-07-20,31.13613026754274,31.223892762008518,30.638810085545515,31.204389572143555,23179300
2017-07-21,31.106876111781244,31.301902434594982,30.833838887856686,31.214139938354492,21146600
2017-07-24,31.20438448077086,31.214134214185997,30.716815973258814,30.88258934020996,17415500
2017-07-25,30.034224031391233,30.063478816005727,28.91281666014063,29.156600952148438,51216400
2017-07-26,29.10784258863027,29.302868891211414,28.942069208476777,29.068836212158203,26387400
2017-07-27,29.5174082479304,30.52179853546269,28.93232546164278,29.4881534576416,38967000
2017-07-28,29.215106978285778,29.23461016690514,28.23996986643496,28.55201530456543,31854900
2017-07-31,28.69828557493957,28.815300987111048,27.17707219722533,27.420856475830078,41112700
2017-08-01,27.51837204169218,28.220472039703342,27.138069116053916,27.63538932800293,28221600
2017-08-02,28.23997570473958,28.698291432414127,27.518374315977994,27.918180465698242,27226000
2017-08-03,27.684143537464767,27.693895132312395,26.92353773861521,27.1380672454834,30288400
2017-08-04,27.1673223682374,27.596381387315216,26.591991284550744,27.225830078125,23947500
2017-08-07,27.235579135531903,27.898672652232253,27.10881027267228,27.879169464111328,16589300
2017-08-08,27.89867801027739,28.610527774067066,27.89867801027739,28.12295913696289,21903300
2017-08-09,27.80115789371917,28.1717091593502,27.654887706231303,27.869417190551758,14181800
2017-08-10,27.596383009026777,27.67439391343677,26.74801465605894,26.806522369384766,26147600
2017-08-11,26.757761273074166,27.342843877252466,26.182430262623576,27.313589096069336,23375900
2017-08-14,28.103450467931115,28.63002538614271,28.005936387529744,28.51300811767578,25254600
2017-08-15,28.766545028207936,29.068837014504613,28.415495069975375,28.94207000732422,23973600
2017-08-16,29.27361615348817,30.0927314653059,29.215106588410897,29.926958084106445,37879500
2017-08-17,29.56616085559391,29.770940643407773,28.87381430710676,28.88356590270996,26152500
2017-08-18,29.215108530849935,29.839197580350092,29.020082214071447,29.624666213989258,31178100
2017-08-21,29.770940382063372,29.839199690759884,28.55201884126376,28.825056076049805,26247700
2017-08-22,29.10784562556872,29.780690810501355,29.029834724411796,29.692928314208984,18821200
2017-08-23,29.22486104734082,29.97571713343038,29.127348815839603,29.692928314208984,21200400
2017-08-24,29.790440292857042,29.868451193351834,29.361381270098967,29.468645095825195,18056800
2017-08-25,29.546656931479596,29.634419429804765,29.302872627226705,29.536907196044922,13929800
2017-08-28,29.673425515253374,30.43403134658219,29.663673919989336,30.30726432800293,22531000
2017-08-29,29.98546744825953,30.74607509700844,29.93671133459069,30.697317123413086,23151900
2017-08-30,30.863089753584738,30.89234453702137,30.599802282434492,30.824085235595703,17467900
2017-08-31,30.824086542324263,31.22389263327486,30.697317668651216,31.175134658813477,25694000
2017-09-01,31.331156846323072,32.062509689571534,31.331156846323072,31.78946876525879,26034000
2017-09-05,31.643204873216963,31.925995571759337,30.86309394821942,31.27265167236328,28866600
2017-09-06,31.272646639227613,31.886984056533024,31.262896904919266,31.448171615600586,29290200
2017-09-07,31.66269934926987,32.082008553797834,31.643196163029916,31.974742889404297,25353300
2017-09-08,31.984496420751345,32.19902777501398,31.50668132061548,31.643199920654297,19649300
2017-09-11,32.08201787037851,32.60858917236328,31.994255366738795,32.60858917236328,31012100
2017-09-12,32.85236969371803,33.681238514467374,32.72560454077827,33.43745422363281,38685800
2017-09-13,33.70073517926107,33.93476597003344,33.174160320244724,33.72998809814453,41588100
2017-09-14,33.573973296857964,33.98352912560942,33.447204422307365,33.720245361328125,23007000
2017-09-15,33.778752099056526,34.12980208712922,33.52521806314469,33.78850555419922,37417300
2017-09-18,34.25657378642476,34.909913980373005,34.149308090139876,34.54911422729492,41330100
2017-09-19,34.61737414709154,35.20245503910095,34.61737414709154,35.05618667602539,26392200
2017-09-20,35.13418944057273,35.69001730450622,34.46134616314086,35.07568359375,42243000
2017-09-21,35.03668077265883,35.34872438689975,34.5198592340448,35.01717758178711,22464900
2017-09-22,34.714883023076275,35.319470768697315,34.714883023076275,35.17319869995117,21559800
2017-09-25,35.143941185256885,35.25120685901751,33.68123556819977,34.003028869628906,35607200
2017-09-26,34.35407810334524,34.49059669627446,33.24242245251856,33.33018493652344,55112600
2017-09-27,35.358469655996636,36.22634480082005,35.02692289276433,36.1678352355957,84593900
2017-09-28,36.226353600184446,37.50378113245351,35.904556493065414,37.016212463378906,52569900
2017-09-29,37.03570138804765,38.38139143780833,36.86992988995767,38.35213851928711,48711400
2017-10-02,38.61542981647079,39.36628587155005,38.381398982592046,39.015235900878906,54244800
2017-10-03,38.93722443482359,39.53205865694002,38.85921168182671,39.36628341674805,27322300
2017-10-04,39.14200120860831,39.42479185032906,37.94258306459066,38.57642364501953,37908400
2017-10-05,38.81045687534238,38.86896644205624,38.27413219995061,38.39114761352539,22501000
2017-10-06,38.030349009717234,38.68368911743164,37.84507428958622,38.68368911743164,25150300
2017-10-09,38.73245919468915,39.97088415430191,38.63494322157751,39.941627502441406,27279300
2017-10-10,40.41943868494281,40.95576341425405,39.45405119629994,40.93626022338867,48214100
2017-10-11,39.82459870989876,41.0240168783587,39.78559233372459,40.57545471191406,53023600
2017-10-12,40.185401543677976,40.71197650379721,39.288277140381254,39.571067810058594,66789800
2017-10-13,39.7660800298368,40.146382810724106,39.317517966218546,39.395530700683594,35371200
2017-10-16,39.8636009038287,40.536444082905085,39.50279754185006,40.45843505859375,33696800
2017-10-17,40.11713303804376,40.370670725065644,39.24926175831574,39.385780334472656,41233700
2017-10-18,40.01962579034483,40.90700036515691,39.79534471317834,40.61445999145508,43528000
2017-10-19,40.15615195428511,40.46819557437879,38.81046151772272,40.282920837402344,47676000
2017-10-20,40.95576164521367,41.12153318062907,40.409683484130355,40.46819305419922,36293700
2017-10-23,40.80948599703437,41.14103275860965,40.370677279529794,40.52669906616211,26844200
2017-10-24,40.70221901763349,40.96550272770061,40.3999252159069,40.565696716308594,26299400
2017-10-25,40.282923118438724,40.5559603715182,39.30778582046508,40.03913879394531,31061100
2017-10-26,40.14638870832004,40.15614216148693,39.30777400873791,39.59056091308594,27453500
2017-10-27,39.58082035729606,39.922116900223806,39.04449562418676,39.834354400634766,31094700
2017-10-30,39.71733196293642,40.81923788106109,39.66857585396156,40.61445999145508,29119500
2017-10-31,41.199548025969555,43.46186610519193,41.150791908371026,43.20833206176758,61972200
2017-11-01,43.676398378881096,44.20297338735261,42.69150767194141,43.27659225463867,38842900
2017-11-02,42.98404533536584,43.63738540960032,42.63299538270433,43.237579345703125,25813000
2017-11-03,43.65689198906483,43.88117309405205,42.272195259328896,42.62324523925781,27694600
2017-11-06,42.75976343145002,42.91578522991023,41.39457362488644,42.1746826171875,28841000
2017-11-07,42.49647722577972,43.140067572409315,42.252692947210136,42.857276916503906,32422900
2017-11-08,42.759758954435746,43.04254959699035,42.369706359050895,42.99379348754883,19519600
2017-11-09,42.60374320539727,42.60374320539727,41.52134403104803,42.4184684753418,32501100
2017-11-10,42.67199714883143,43.73489671892964,42.62324103861372,43.6666374206543,33840800
2017-11-13,43.22782679063643,44.72953500590949,43.09130448029106,44.46624755859375,30522300
2017-11-14,44.44675773443768,44.85631359477337,43.68614814833033,44.661285400390625,29899200
2017-11-15,44.06644825420412,44.60277668430978,43.51062035377931,44.23222351074219,22434500
2017-11-16,44.59302118950983,45.139099329796196,44.16396218490461,45.03183364868164,24192600
2017-11-17,45.382886093102904,45.39263582834866,44.59302362348145,45.012332916259766,22613300
2017-11-20,45.35362980456997,46.670067264298766,45.24636783660975,46.455535888671875,26975000
2017-11-21,47.15763977640974,48.39606457680718,46.952861838983125,48.171783447265625,35756600
2017-11-22,48.61057834682688,48.64958471990021,47.4111602737154,47.91823196411133,28711800
2017-11-24,48.09376660076035,48.63984477411422,47.81097591885281,48.44481658935547,14203300
2017-11-27,46.76758036604404,47.186889669914365,45.91921202279972,46.855342864990234,44469700
2017-11-28,47.24539882469961,47.645204934173776,46.631061337508925,46.73832702636719,30633200
2017-11-29,46.319014163305845,46.416526389392665,42.19418450630328,42.65250015258789,81370100
2017-11-30,43.06206056887651,43.4326137633502,40.8192456504685,41.33606719970703,63895700
2017-12-01,40.69247663840771,41.49208887879039,39.015239392798485,40.946014404296875,73138600
2017-12-04,40.90700869154317,41.238555507850414,38.098612348696754,38.90797805786133,73640500
2017-12-05,38.78120941107855,41.00452118123606,38.439909136982834,40.18540573120117,56540700
2017-12-06,39.80510480199567,40.7022330638947,39.29803295307076,40.54621124267578,39735300
2017-12-07,41.131294049493995,42.155187531210785,40.86800651650617,42.12593460083008,43189000
2017-12-08,42.94504688366007,43.471621909828265,41.80413432696231,42.13568115234375,44717800
2017-12-11,42.34044935632114,42.66224637162497,41.27755353206379,41.940643310546875,32824000
2017-12-12,41.62860244795603,41.78462423886528,40.67296851365529,40.81924057006836,28492300
2017-12-13,41.17029185214626,42.02840986978713,40.92650756352835,41.0045166015625,28565600
2017-12-14,41.23854874395862,41.66760772768995,40.83874268279791,41.18979263305664,24582800
2017-12-15,41.248294005440805,41.50183170640324,40.84848798763304,41.34580993652344,58721700
2017-12-18,42.291698449308626,42.64274842923754,41.921148999253106,42.62324523925781,35075500
2017-12-19,42.99379751255899,43.23758180244199,42.223438263763995,42.886531829833984,51048300
2017-12-20,45.490150888996254,45.63641923393665,43.74465444579445,44.612525939941406,84338200
2017-12-21,44.41749591280179,44.44675255645556,43.247330602681316,43.315589904785156,50486100
2017-12-22,43.08156942648418,43.822672193052256,42.84753482028413,43.0230598449707,30372500
2017-12-26,42.11617834492175,42.1259318009696,40.487700851164696,41.19955062866211,41966200
2017-12-27,41.17029029645566,41.99915535849526,40.98501186340117,41.423824310302734,24175100
2017-12-28,41.76512524768687,41.97965288773331,40.711975357111214,40.770484924316406,28999700
2017-12-29,40.78023002218678,40.799733209037655,39.75633689155749,40.097633361816406,44642100
2018-01-02,40.507200391219854,42.6329997958527,40.165900137534706,42.5842399597168,37097000
2018-01-03,43.39359848334827,43.929923113891036,42.954786069321415,43.861663818359375,43376700
2018-01-04,44.846560272935555,45.81194399216263,43.89092256886086,45.71443176269531,52229500
2018-01-05,44.983082479100155,45.499904032339025,44.25172954005494,44.661285400390625,47381100
2018-01-08,44.18347248759898,44.94407839271686,43.79341607890317,44.417503356933594,32217400
2018-01-09,44.14445238439404,44.41748955371971,41.70660988726505,41.90163803100586,62982900
2018-01-10,40.90700528892992,42.291698293718476,40.36092713106582,42.233192443847656,53348000
2018-01-11,42.43796782029734,42.90603319053905,41.56034292618606,41.75537109375,39402200
2018-01-12,41.755374277424096,42.27219579899907,41.618855665676236,41.74562454223633,28458500
2018-01-16,42.06741373678044,42.76951363642886,41.365313837132014,41.852882385253906,38174800
2018-01-17,42.135675519192596,43.276587923360886,41.91139442022087,43.159568786621094,38077100
2018-01-18,43.110821327520625,43.539884141996005,42.81828086664891,42.89629364013672,25152100
2018-01-19,42.85728008314192,43.10106437972424,41.58960248488451,41.68711471557617,41469200
2018-01-22,41.41406729190213,41.813873291015625,40.64370821170589,41.813873291015625,37879400
2018-01-23,42.17468019253849,43.54962337487684,41.6676084467314,42.857276916503906,41334100
2018-01-24,42.672000987152856,42.85727943043971,41.67736434571577,42.0089111328125,31305700
2018-01-25,43.130311714005614,43.608130510102995,41.79437498347005,41.940643310546875,40519200
2018-01-26,42.14543119331954,42.720762293102794,41.960152743650866,42.5842399597168,27177500
2018-01-29,42.17468151816665,42.34045304727509,41.326313243637514,42.213687896728516,29455000
2018-01-30,40.94601570268851,41.735874512585326,40.438943874684384,40.633968353271484,38861900
2018-01-31,41.91138875778043,42.86702259292627,41.706610875931865,42.632991790771484,45114600
2018-02-01,41.969907035414714,42.9938003771732,41.05327566367489,41.4335823059082,35713500
2018-02-02,40.95576166010542,41.160539575641195,39.600321571768916,39.80509948730469,40657400
2018-02-05,39.142005770913975,40.49744585458316,38.040099717056094,38.420406341552734,45796800
2018-02-06,39.541808415284265,42.837772834359235,39.541808415284265,42.78901672363281,66972800
2018-02-07,42.18443279782358,42.47697692789859,40.70222755671899,40.965511322021484,51354800
2018-02-08,41.46283156973441,41.96014987356612,39.00548553466797,39.00548553466797,53794100
2018-02-09,40.0293796985928,40.16589830590008,36.5871467120335,39.40529251098633,65189300
2018-02-12,39.99037108967029,41.61885199139434,39.86360594415472,41.14103317260742,47941100
2018-02-13,41.00451376624085,41.85288199041058,40.93625446773597,41.57009506225586,30296800
2018-02-14,40.88750381312365,42.54523782626698,40.88750381312365,42.369712829589844,36765900
2018-02-15,42.64274958641524,42.82802431647072,41.20929670275755,42.4184684753418,35072300
2018-02-16,42.213688735244055,43.98843807667897,42.057666937750426,43.11081314086914,49404600
2018-02-20,42.92553538841339,44.14445675773503,42.808519978517296,43.78365707397461,36215900
2018-02-21,44.241971458362784,44.41749644296857,43.41310636872115,43.43260955810547,31618700
2018-02-22,43.666632193188036,43.71539201742132,42.94503292070417,43.149810791015625,24359600
2018-02-23,44.05670082621859,45.636422114371484,43.90067901652266,45.37313461303711,48476700
2018-02-26,45.80219573132879,47.0308669734869,45.538908239469215,46.78708267211914,41966100
2018-02-27,46.47504128833372,47.771975619213336,46.241006711083934,47.372169494628906,44731100
2018-02-28,47.586701163901466,48.2302916556646,47.14788861955075,47.59645462036133,45031400
2018-03-01,47.55743276975008,47.59643914319819,45.60715873557465,46.4360237121582,61278800
2018-03-02,45.207353992268764,48.02549945657459,44.80754795269342,47.888980865478516,52492900
2018-03-05,47.58668560300551,51.05817471664493,47.508676576104264,50.73637771606445,70984100
2018-03-06,52.07233044573046,53.28149854814924,51.887051988208185,52.40387725830078,73096300
2018-03-07,52.01381729015039,53.63254485891628,51.80903937527201,52.62815475463867,61670000
2018-03-08,53.23274272056599,54.090864543644614,52.94995202480036,53.84708023071289,51685900
2018-03-09,54.37364720329688,54.44191022776408,52.28685424543054,53.23273849487305,65504600
2018-03-12,55.09524785862604,59.64913647132289,54.94897580114869,57.893890380859375,138651600
2018-03-13,60.62426988266354,61.84319122069219,57.065021807531515,57.952396392822266,142315800
2018-03-14,57.845135163092934,58.566738287368786,56.128895424056196,58.293697357177734,80306900
2018-03-15,58.28395312364962,58.654506315407005,56.78224088534371,57.3770751953125,50963700
2018-03-16,58.50823302069357,59.18107636128436,57.737873726489646,59.073814392089844,69323100
2018-03-19,58.85928005505493,59.47361751244752,57.289308619414484,58.64474868774414,71373300
2018-03-20,58.60574542976466,59.72715472062381,58.31320500775675,59.629642486572266,53890500
2018-03-21,59.82466916882245,60.185472631843936,59.09331622680822,59.551631927490234,51220200
2018-03-22,58.57649120571069,58.80077231494273,56.66522318976119,57.455081939697266,74274700
2018-03-23,56.25566748263694,57.33807044203919,52.34536868644899,52.86219024658203,118369500
2018-03-26,54.86121625133813,55.30002872743874,51.40923345233729,54.17862319946289,70260700
2018-03-27,53.69104363962473,54.09084965398348,50.3950795945133,51.0971794128418,67785100
2018-03-28,50.63887500712415,52.02356804323029,49.4394566995545,50.209815979003906,62987500
2018-03-29,50.86315782357207,51.370229630108426,49.868517401503055,50.84365463256836,61458800
2018-04-02,50.258575162274326,50.43410016627532,48.327803838116786,48.815372467041016,59875500
2018-04-03,49.536961571481925,50.482845703684944,49.06889623220642,50.268314361572266,52436400
2018-04-04,48.38630847779349,52.16984198479151,48.03525847860715,52.06257629394531,60272800
2018-04-05,50.76563947546536,50.90215807619909,47.966993281012364,48.600833892822266,89203500
2018-04-06,46.53354285265724,49.22491956856158,46.08497696679587,47.25514221191406,79392200
2018-04-09,47.908494464387616,48.591091288064796,46.7285755566635,46.767581939697266,50532900
2018-04-10,48.025507670995054,49.48821348838577,47.430673376746306,49.22492599487305,50346500
2018-04-11,49.029897808583634,50.51210681658861,48.86412626814225,49.22492599487305,38942200
2018-04-12,49.849017683244064,51.60426407747064,49.829514490881664,51.282470703125,46656300
2018-04-13,52.07232411711556,52.16008660741953,50.29757484194917,50.93141174316406,43598900
2018-04-16,50.95090634323943,51.175187398463756,50.04402866958976,50.36582565307617,30879500
2018-04-17,50.56086056724341,51.38972939022386,50.45359860366406,50.96066665649414,33325300
2018-04-18,50.170807477953275,52.92069396345213,49.41995142058614,52.66715621948242,55393600
2018-04-19,51.58475434569996,52.75491589589161,49.712489169658205,50.14154815673828,52635000
2018-04-20,50.219572080183404,50.77540005610393,48.903138183498704,49.3614501953125,38510800
2018-04-23,49.546716200022985,49.61497549779516,47.596442046869036,47.80121994018555,43693000
2018-04-24,48.42531615608495,49.01039702382073,45.28537299026446,45.938716888427734,61915400
2018-04-25,46.377527947062184,47.13813379527459,44.93432529462805,46.41653060913086,43781200
2018-04-26,48.05475686471442,48.932381774927535,47.615948129460826,48.893375396728516,39041400
2018-04-27,49.83926273624115,50.112299961061254,46.01672298949383,46.33852005004883,50049800
2018-04-30,45.88995329038792,46.50428698543178,44.19321309871941,44.8368034362793,54743800
2018-05-01,44.456505444285185,45.70467987968843,44.28098044932495,45.626670837402344,34154900
2018-05-02,44.76854570006041,45.57791130729641,44.544264605487925,44.74904251098633,31640800
2018-05-03,44.602769989279295,45.70467216971683,44.202963950392096,45.46088790893555,30489600
2018-05-04,45.16835491854103,46.51404529944057,44.99282992451704,46.397029876708984,28632200
2018-05-07,47.06011540396924,47.888984181355454,46.91384706903253,47.2746467590332,33996900
2018-05-08,47.32340893146748,47.64520600527653,46.68957195919274,47.3624153137207,25205500
2018-05-09,47.84023417403722,49.76125200093183,47.77197486505308,49.74174880981445,36489100
2018-05-10,50.51210095212092,51.37022264025424,50.31707278847433,51.3507194519043,37146300
2018-05-11,51.07769445561888,51.48725034923964,50.39509757973058,50.5316162109375,27646400
2018-05-14,51.67252031507663,52.374616548520585,51.54575144131953,51.68227005004883,33376300
2018-05-15,52.46237830925131,52.82317801582799,51.379975469668196,52.66715621948242,43307300
2018-05-16,54.207870761824736,55.495051417810906,54.10060508718376,55.095245361328125,59011900
2018-05-17,54.61743518591604,55.03674449678301,52.589151660659084,53.34000778198242,54832200
2018-05-18,52.267354220186235,53.291251291097524,51.536001295165796,52.06257629394531,46088800
2018-05-21,54.78320943988026,55.06600012707838,53.17423153533549,54.10061264038086,70858100
2018-05-22,57.581858234365036,58.99580809804088,56.85050524141412,57.562355041503906,111262700
2018-05-23,57.58185282992416,58.508233944685685,56.704231552665874,58.478981018066406,64066800
2018-05-24,58.68375443976683,60.44875403410408,58.07917044363624,59.961185455322266,74725000
2018-05-25,59.33708890776398,60.556010238817905,59.103058095319135,59.82465744018555,54715900
2018-05-29,59.834423763535504,62.389282381381676,59.824670307671724,61.06309509277344,75591900
2018-05-30,62.11623396664903,63.052368409024005,59.40535030121431,61.01432800292969,84737600
2018-05-31,57.75737015811304,58.752010449448704,55.74858638700147,56.158145904541016,101882200
2018-06-01,57.347827033204325,57.864648621593716,55.465811711138386,57.27956771850586,74761500
2018-06-04,56.00212654341612,57.68911335813914,55.212264116699465,57.6306037902832,64350500
2018-06-05,58.313198538807264,58.644745305597105,57.36731806990765,57.93289566040039,41711300
2018-06-06,57.786631844674694,58.108428922962766,56.85050097668767,57.94265365600586,36749000
2018-06-07,58.36196189633929,58.771521468447446,57.10403769308994,58.14743423461914,42264700
2018-06-08,57.172286106760914,60.06844060683047,56.77248006628787,59.86366271972656,57144900
2018-06-11,60.175706277176126,60.99482154544439,59.551619162277,59.86366271972656,42251500
2018-06-12,60.30247962644708,60.312229360908056,58.449717611217096,59.044551849365234,43633300
2018-06-13,58.80076823040056,59.74665243742248,58.52773102418925,58.556983947753906,33281400
2018-06-14,59.044551145774236,59.064054334316694,57.21129234116473,57.708614349365234,43421900
2018-06-15,57.07477841899919,57.63060631852918,55.875360124231676,56.7822380065918,45854100
2018-06-18,56.167892597529175,57.14302964762415,55.456042997342166,56.996761322021484,36975600
2018-06-19,56.20690688994843,57.98165627353518,55.69008537094828,57.776878356933594,43486600
2018-06-20,58.63499122785379,59.600374813860434,57.33805717976388,57.48432922363281,57497600
2018-06-21,59.931928053491234,60.29273147552303,57.620854060838774,57.96215057373047,70419900
2018-06-22,58.70325971141557,58.90803762900236,55.60232314278953,55.68033218383789,63497500
2018-06-25,54.15911864570998,54.25663087356449,51.10693829974496,51.83829116821289,72196300
2018-06-26,53.05721350590736,53.40826348383873,52.27710451042272,53.23273849487305,42277100
2018-06-27,53.63254412796828,53.97384064811412,50.86315442783907,50.96066665649414,53007500
2018-06-28,50.70713461818426,51.984565694827985,50.502356698067906,51.818790435791016,36878900
2018-06-29,52.35511379538824,52.51113559521631,51.097189661710175,51.136192321777344,32582200
2018-07-02,50.23905704541299,53.17421768280612,50.04402890781275,53.12546157836914,38934200
2018-07-03,53.1937326561125,53.42776721706456,48.854371442290905,50.2000617980957,52190200
2018-07-05,51.321478615160345,51.984572295801065,50.648631478121374,51.5262565612793,51136400
2018-07-06,51.23369675396489,52.08206486732145,50.68761871740139,51.90653991699219,31841000
2018-07-09,52.46237571473317,53.14497243493223,51.789532448740694,52.95969772338867,32579700
2018-07-10,53.300998909029055,54.510170667090854,52.99870503955031,54.354148864746094,34852800
2018-07-11,53.03771325845485,53.632547562966096,52.43312921839489,52.83293533325195,38699200
2018-07-12,53.29125624126402,54.27614330170783,52.99871206819907,54.07136535644531,29647700
2018-07-13,54.12985928894388,55.183009152292264,53.944584577363486,54.948974609375,28799000
2018-07-16,55.19276845504399,55.75834986189755,54.66619715193456,54.75395965576172,25735200
2018-07-17,54.441905745434305,55.70958322370764,54.120108718873816,55.54380798339844,24729100
2018-07-18,55.826601161885726,56.704226074205906,55.50480412075066,56.021629333496094,33729700
2018-07-19,55.82659841715172,56.128892254278064,54.285880029018024,54.822208404541016,39392100
2018-07-20,54.68568902902785,54.744194872905005,53.46676768355044,53.652042388916016,32588100
2018-07-23,52.17958748123837,53.22298765843181,50.92166337948747,52.9401969909668,42781500
2018-07-24,53.63255223272797,54.02260864599835,51.62376802813666,51.84804916381836,39011500
2018-07-25,51.32147363332673,52.871941983164206,50.99967656078814,52.06257629394531,39749200
2018-07-26,52.26735617633984,53.37901578865259,52.12108781777352,52.423377990722656,28862500
2018-07-27,53.10597300667452,53.27174827120216,51.78953922534955,52.618404388427734,30109700
2018-07-30,52.84268258939102,52.90119215949796,51.11668932969414,51.692020416259766,25747800
2018-07-31,52.44286147866935,52.87192409690479,51.45797484289195,51.47747802734375,29301700
2018-08-01,51.350721267422244,52.24784936397364,50.87290243558733,50.98992156982422,28200000
2018-08-02,50.41458533130815,52.21858735374574,50.10254177845249,52.07231903076172,28708000
2018-08-03,51.97480528687714,52.07232122616373,50.96066183741302,51.49699020385742,22958900
2018-08-06,50.92166487643274,51.496995963081844,50.2195649144601,51.3604736328125,28776900
2018-08-07,51.623763190181464,52.11133180114981,51.3897323400345,51.72127914428711,21918600
2018-08-08,51.526251559567655,52.19909491143926,51.155698369331695,52.06257629394531,18074700
2018-08-09,51.340973275896324,51.53599773320647,50.63887332604993,50.96066665649414,34538400
2018-08-10,49.97577329306403,50.658369964939816,49.75149222027747,50.09278869628906,31340800
2018-08-13,50.32682121962613,50.76563361407138,50.0050242237488,50.063533782958984,24609500
2018-08-14,50.443853217848385,50.48285960349108,48.76661583374928,49.3614501953125,32050200
2018-08-15,48.591098236640605,48.62035116817241,45.967976260238956,46.30927658081055,57746200
2018-08-16,47.001612004114996,47.10887768722958,45.79244028516846,45.928958892822266,33663000
2018-08-17,45.06109186697063,46.182501203293214,44.48576073509396,45.938716888427734,34464200
2018-08-20,46.221503477186445,47.40141856347205,45.31462560892313,46.87484359741211,33022900
2018-08-21,47.68421290314443,49.11766212784348,47.654956256211484,48.6983528137207,38572900
2018-08-22,49.1274091044345,49.39069657298787,48.630087090549374,48.99089050292969,26740400
2018-08-23,48.80561383790519,48.990892277962914,48.171776919403044,48.464317321777344,26832000
2018-08-24,48.67884363579186,49.55646853878089,48.67884363579186,49.439453125,24785500
2018-08-27,50.07329069325539,51.1459437800711,49.897765710319234,50.775390625,29134100
2018-08-28,51.116686251167486,51.253208573194904,50.19030895931114,51.03867721557617,26198800
2018-08-29,50.794889129552374,50.863148425526326,50.02452996658618,50.54135513305664,31450800
2018-08-30,50.27807667826374,52.34536655444971,50.12205487100165,51.448238372802734,32416600
2018-08-31,51.389735518647534,51.90655708788793,50.92167006954903,51.214210510253906,29937300
2018-09-04,50.84365962923309,50.999681452742465,49.44921295418208,50.63888168334961,28975100
2018-09-05,50.11229451962407,50.317072416003356,47.849976765717116,48.308292388916016,39125100
2018-09-06,47.00161115275406,47.245395439106666,42.96454396593129,43.53987503051758,94413400
2018-09-07,44.01768899765605,45.3048696983518,43.53987389201675,43.744651794433594,47114300
2018-09-10,44.12495356944355,44.251722433411786,43.286335072173806,43.78365707397461,33078300
2018-09-11,42.56473578289318,42.662248004677025,41.297054580586234,42.51597595214844,48980700
2018-09-12,40.214652405966866,41.13127986708858,39.66857433474504,40.70222091674805,66916000
2018-09-13,41.24830348662667,43.383856370051625,41.24830348662667,42.535484313964844,59922100
2018-09-14,43.013295552482376,43.45210796570676,42.3794549867302,43.198570251464844,40610300
2018-09-17,42.50622876924629,43.218078446583355,42.17468198748695,42.49647903442383,28205300
2018-09-18,42.837778802455894,44.72954368910982,42.78902268493684,44.202972412109375,36507400
2018-09-19,44.641778236340194,44.914819172119756,43.72515064012051,43.93968200683594,29264700
2018-09-20,45.24637227070719,46.04598456022813,44.76855335630878,44.914825439453125,75144100
2018-09-21,43.29610054660491,44.46626241014517,42.71101589498094,43.627647399902344,97053400
2018-09-24,43.10106253235238,44.51501213589659,42.76951575441686,44.037193298339844,36918900
2018-09-25,43.97867918224248,44.32972911314542,42.92553310938628,43.53011703491211,32547500
2018-09-26,43.18882386551752,43.64713578165299,42.86702683092495,43.24732971191406,30299800
2018-09-27,43.130326751017456,44.388254889648245,42.95480172144786,43.87143325805664,26952400
2018-09-28,43.53987963606817,44.4760105019193,43.38385782509299,44.1054573059082,28080400
2018-10-01,44.31024522969504,44.93433633421545,43.89093582064979,44.02745819091797,26693400
2018-10-02,43.78365770200903,45.5291503008269,43.76415451343779,44.62227249145508,32397000
2018-10-03,45.12936085203296,45.26587950244691,43.598395324069294,44.02745819091797,29505100
2018-10-04,43.3936119715152,43.63739630843383,42.42822436058179,43.06206512451172,34579600
2018-10-05,42.98404761231385,43.52037230402227,41.74562297809083,42.49647903442383,35367100
2018-10-08,42.20393486160981,42.75976274215509,41.55059475354373,41.9991569519043,27426600
2018-10-09,41.74561863377668,41.96989970988361,40.9362530931775,41.21904373168945,31576400
2018-10-10,40.468189037361476,41.68711039390851,40.29266406443048,40.57545471191406,48452000
2018-10-11,40.91674877439238,41.852879427873496,40.39992734025537,40.9265022277832,48197000
2018-10-12,42.496480637717966,42.662252174925285,40.87774932699317,41.41407775878906,32851100
2018-10-15,40.985017665549464,41.49208948488142,40.59496499519264,41.28731155395508,27697300
2018-10-16,41.63836277419836,42.27219977693842,41.24830637262484,42.13568115234375,28827400
2018-10-17,42.252695815811805,42.31120166593472,41.06302726527084,41.29705810546875,27759000
2018-10-18,40.994765956824374,41.1605374838756,40.11714104933863,40.273162841796875,33560800
2018-10-19,40.63395863404029,40.946005908818776,39.26876901120269,39.44429397583008,28641400
2018-10-22,39.55155881889452,39.68807740634052,37.67929380860682,38.771446228027344,34441200
2018-10-23,37.20148596533863,38.1376167920575,36.479882794834545,37.71830749511719,46364200
2018-10-24,37.055216746510084,37.34775718738025,34.51986129916396,34.54911422729492,53096500
2018-10-25,34.70513887288885,36.23610423410439,34.18831726122549,35.86555099487305,39625700
2018-10-26,34.40283256493201,35.01716992354937,33.44719874033418,34.51985168457031,41257400
2018-10-29,35.24145458306599,35.29996414885095,32.979136783987855,33.79825210571289,34176400
2018-10-30,33.778751953207696,35.153695253986946,33.63248360537777,35.114688873291016,35319500
2018-10-31,35.67052114056663,37.09422058291267,34.90991158271952,36.78217697143555,44055400
2018-11-01,37.03571930343345,39.20052559764647,36.58715697647976,39.12251281738281,43981400
2018-11-02,39.190766510599055,39.92211948117158,38.65444174281658,39.317535400390625,33645700
2018-11-05,39.102999967988836,39.23952229974358,37.806069435070924,38.92747497558594,22904000
2018-11-06,38.751949477745924,39.55156159157262,38.57642450448126,38.810455322265625,19316600
2018-11-07,39.31753068645825,40.02938037941997,38.96648070749562,39.9123649597168,22957200
2018-11-08,39.65883237257627,40.399938806817,39.33703899654423,39.43455123901367,15609300
2018-11-09,38.898221003910244,38.99573695254079,37.45501844285595,38.13761520385742,26102800
2018-11-12,37.28924505610206,37.57203199343897,35.924051601970696,36.509132385253906,24822400
2018-11-13,36.723672234711444,37.77682235200402,36.50914082862879,36.9089469909668,25870500
2018-11-14,37.65979222651848,38.00109242952866,36.674905432369194,37.0844612121582,23706400
2018-11-15,37.006453006680566,39.17125479926807,36.684655984084195,38.917720794677734,30046100
2018-11-16,37.49402039333755,38.7226914421213,37.377004988656395,38.45940399169922,25445700
2018-11-19,38.2253768173785,38.34239223318724,35.758277311712085,35.914302825927734,31039100
2018-11-20,33.25218037215866,36.0703302879116,33.203424251231866,35.22195816040039,38728600
2018-11-21,36.080074561705665,36.29460592512823,35.4657371154475,35.47549057006836,22728400
2018-11-23,35.036675683213225,36.56764060564814,35.026922229267505,35.494991302490234,11257800
2018-11-26,36.81142877886084,36.8504351590734,34.64662303515495,35.6607666015625,26569700
2018-11-27,35.19271082112115,36.518898352135025,35.12445149701199,36.08008575439453,21397300
2018-11-28,36.362861936476094,38.03034541981084,35.095184499786264,37.747554779052734,42293700
2018-11-29,37.347744373473624,37.74755037345635,36.791916610567206,36.96744155883789,23631300
2018-11-30,36.81142171862592,37.66954331945324,36.021559410152236,37.60128402709961,28176000
2018-12-03,39.200511873395435,39.239518249870976,38.176618669955644,39.03473663330078,35830000
2018-12-04,38.57642628317041,38.87871641340101,35.807036679345295,35.96305847167969,36616300
2018-12-06,34.77339332383018,36.74317096636235,34.25657178450037,36.73341751098633,37494400
2018-12-07,36.68466716892014,36.68466716892014,34.33458623352358,34.43210220336914,30619800
2018-12-10,33.96402531782721,34.831896699215385,33.671481226249156,33.93476867675781,33979700
2018-12-11,34.705128784592894,35.358468841884175,34.22730997922769,34.33457565307617,26238800
2018-12-12,35.04642711521336,35.69977092667717,34.51985589206914,35.13418960571289,26642500
2018-12-13,35.3877320160864,35.46574106246985,33.89576948056011,34.14930725097656,23825400
2018-12-14,33.583716462494465,34.56860690158328,33.21316708606624,33.34968566894531,28922100
2018-12-17,33.310684455356174,34.34433115985451,32.764606319419755,33.03764724731445,30891000
2018-12-18,33.53495807614147,34.071282638051386,33.12540235536188,33.26192092895508,46135400
2018-12-19,30.872843134187068,32.745108464067364,30.492540227141124,30.629058837890625,106669600
2018-12-20,30.814332389300933,32.08201172115899,30.092731166516984,30.502288818359375,60427600
2018-12-21,30.892345423016547,31.253145129450385,29.361380384527692,29.566158294677734,54630500
2018-12-24,29.117592430199565,29.595409353664852,28.2789739857894,28.298477172851562,23771800
2018-12-26,28.610524529514006,30.141489578814998,27.68414348010086,30.121986389160156,45711000
2018-12-27,29.65391865394769,31.214136504526373,29.478393680775994,31.136127471923828,39858300
2018-12-28,31.20438536731898,31.477422548930186,30.61930276969649,30.785076141357422,29873400
2018-12-31,31.194635031392693,31.594442946162953,30.677811708335938,30.941099166870117,21392100
2019-01-02,30.229249619345627,32.2575365406246,29.985465348221872,31.935739517211914,26004300
2019-01-03,31.028864032580447,31.35066107986213,30.092733254793263,30.229251861572266,29145500
2019-01-04,30.87284593610749,32.21853641535327,30.76558024082546,31.88698959350586,28557300
2019-01-07,32.862115122955665,33.59346781685,32.48181231730696,33.15465545654297,44841500
2019-01-08,33.69098551916282,33.729991895300145,31.994249075569744,32.901126861572266,33434100
2019-01-09,34.1005525917324,35.387733530913366,34.05179275082039,34.55886459350586,54147900
2019-01-10,34.383336897942755,35.05618396353055,34.20781561980388,35.01717758178711,24437400
2019-01-11,34.539357777512286,35.81678884640492,34.13955167501203,35.114688873291016,30469800
2019-01-14,33.85676612444804,34.0517905963424,33.40820016747229,33.808006286621094,34612000
2019-01-15,34.14931063490077,34.35408858678431,32.81337349946754,33.144920349121094,30633600
2019-01-16,33.193671785512954,33.47646247142983,32.696349721334556,32.74510955810547,24890900
2019-01-17,32.40380662024277,33.34969083360584,31.847978749670418,33.03764724731445,29398500
2019-01-18,33.37893340435324,35.29020070754093,33.2131619279883,34.87089157104492,44872400
2019-01-22,34.373579357475215,34.373579357475215,32.71584570832152,33.027889251708984,37021900
2019-01-23,33.26193350352323,33.82751119648878,32.6085895859513,33.388702392578125,31011600
2019-01-24,34.432093011983014,36.509132397215986,34.22731138989918,35.680267333984375,65094800
2019-01-25,37.14297239922077,38.33264085514261,36.5676413597007,37.99134063720703,61032300
2019-01-28,36.031314763863854,37.99133859884684,35.738774392652566,37.13322067260742,44213000
2019-01-29,37.32824038007423,38.01083697303366,36.32385053548597,36.46036911010742,30331000
2019-01-30,37.3477552734297,37.79631750776684,36.655408730884986,37.289249420166016,32848100
2019-01-31,36.69441002200662,37.854821828932764,36.35310980595576,37.26974105834961,34130500
2019-02-01,37.35750854227848,38.86897050164516,37.27949577851213,38.61543273925781,36839900
2019-02-04,38.56666793136408,38.62517749100453,37.552524550044545,38.4886589050293,30851500
2019-02-05,38.26438246542476,39.327282081682476,38.196119444332126,38.39114761352539,25094000
2019-02-06,39.3955449623973,40.91675663664546,39.36628831645566,40.48769760131836,47472600
2019-02-07,39.79536006840579,40.02939096972812,37.94259745364251,38.40091323852539,40396400
2019-02-08,36.8601866330009,37.815820674169615,36.51889008967398,37.62079620361328,35573200
2019-02-11,37.640295674786245,37.9035831738613,36.431127589982296,37.62079620361328,30356500
2019-02-12,38.41064038724795,39.756330297954634,38.264372089903866,39.395530700683594,43587900
2019-02-13,39.8343530594286,41.228799550474356,39.78559694348814,40.64371871948242,50101700
2019-02-14,40.360919417133985,42.08691233565421,40.28291039226456,41.18003463745117,41759200
2019-02-15,41.219051641543636,41.34582052448822,40.39018275441782,40.946014404296875,28968400
2019-02-19,40.6632292252503,41.433588643200146,40.46820100654917,40.91676330566406,25575900
2019-02-20,41.25805748921473,42.184434880681735,41.08253249044442,41.16054153442383,28048700
2019-02-21,41.414079344344486,41.8041320043938,40.39018227706341,40.4974479675293,24048800
2019-02-22,41.033777690657764,41.511592864990234,40.78999337563205,41.511592864990234,22834300
2019-02-25,42.72076147223233,42.89628646335985,41.63835860023034,41.68711471557617,25233700
2019-02-26,41.297057217018754,42.07716992050375,41.23855136815452,41.89189147949219,18051500
2019-02-27,41.5603370909199,41.69685567309094,39.9903659562482,40.292659759521484,29522200
2019-02-28,39.200519479331405,40.12690064117755,38.81046307860034,39.86361312866211,25777900
2019-03-01,40.60471710072435,41.501845362623385,40.08789551540923,40.54621124267578,26755800
2019-03-04,40.83875108069542,41.102038597530736,39.62957919447252,40.03913879394531,27047800
2019-03-05,39.249269183590904,39.65882498954245,38.52766607615109,38.99573516845703,28798800
2019-03-06,38.40089943745495,38.46915873579646,36.58714386471714,36.9869499206543,44890400
2019-03-07,36.606655545606266,37.357511721415655,36.21659913328717,36.88944625854492,31567800
2019-03-08,35.97281638542697,37.854831775792846,35.66077272980862,37.68906021118164,34080900
2019-03-11,37.94258161357068,38.56666871636172,37.86457258564808,38.05959701538086,25164700
2019-03-12,38.19611902015023,38.42040383013612,37.864575972012396,38.274131774902344,18623500
2019-03-13,38.42041387997963,38.73245754090533,37.67930739539068,37.864585876464844,22786300
2019-03-14,37.77682182386337,38.64469345291351,37.38676540368515,37.45502471923828,19757300
2019-03-15,37.620780996760644,38.849451775944765,37.47450898311528,38.55691146850586,30702000
2019-03-18,38.615437278319355,39.40529986495841,38.176628450040305,38.62519073486328,22296600
2019-03-19,38.93722443482359,40.029376937810355,38.89821805832515,39.36628341674805,32407300
2019-03-20,39.493062964176545,39.73684730346159,38.634941048334134,39.13226318359375,41714400
2019-03-21,40.66322821707428,43.110821327520625,40.61447209357129,42.89629364013672,84985400
2019-03-22,42.38920696156279,42.3989566949154,40.51694197040207,40.585201263427734,46605600
2019-03-25,40.31217218101369,40.93625939668915,39.06399774966278,39.541812896728516,34516000
2019-03-26,40.14640061243139,40.61446978706895,39.10300400533621,39.317535400390625,24689600
2019-03-27,39.37603243195701,39.83434428466361,38.04009208638133,38.25462341308594,26856700
2019-03-28,38.42040608438962,38.94697733045055,38.04985291728124,38.36189651489258,24584500
2019-03-29,39.24927905639918,40.487703959964925,39.220026125716586,40.30242919921875,35716900
2019-04-01,41.21905382090426,41.69686901134944,40.68272905373262,41.19955062866211,28073000
2019-04-02,41.033765219101916,41.72611157058253,40.71196823554337,41.38481140136719,21438100
2019-04-03,42.46722482941135,43.73490246076553,42.46722482941135,42.80852508544922,39097200
2019-04-04,41.30680225830969,42.2526863007219,41.19953659743585,41.82362365722656,37038400
2019-04-05,42.2234396198592,42.457474182398734,41.65786198348952,42.242942810058594,21119400
2019-04-08,41.13129302641989,42.067423973855995,41.07278344725999,41.83339309692383,24546800
2019-04-09,41.48232451331075,41.5408303464567,40.24390020707675,40.68271255493164,29055900
2019-04-10,40.653467047622144,41.38481992097491,40.477942060429235,41.12153244018555,23252200
2019-04-11,41.15079268164206,41.66761423363413,41.082533371750785,41.22880172729492,18163900
2019-04-12,41.78462670255462,42.125926947691084,40.77048686177566,40.965511322021484,21740400
2019-04-15,41.12152411163168,41.18003366879677,40.175643783169534,40.78022766113281,16932300
2019-04-16,41.20930025133447,41.86264417015919,41.033778961345774,41.696868896484375,19337500
2019-04-17,42.28194540999081,42.954788672371045,41.69686091588149,42.07716751098633,22092000
2019-04-18,42.12592140002812,42.44771469293851,41.72611535741056,42.32094955444336,16193600
2019-04-22,42.06741183774775,42.48672106779209,41.47257764071496,42.32094955444336,19447900
2019-04-23,42.291692369165006,42.38920830504411,41.65785552528753,41.70661163330078,21489400
2019-04-24,41.755369961211905,42.32095125982168,41.326310980091,41.960147857666016,19637000
2019-04-25,42.53548302612375,43.53987685754304,41.62860514524928,41.68711471557617,28346200
2019-04-26,40.45844547396949,41.2288010617138,39.75634547516117,41.05327606201172,26092400
2019-04-29,41.082533434326194,41.550598868516495,40.69247704590757,41.06303024291992,13452800
2019-04-30,40.81924260415237,41.30681119002165,40.54620538641857,41.0142707824707,16342700
2019-05-01,41.375075046532956,41.86264368604444,40.84850002309571,40.858253479003906,17673300
2019-05-02,40.95575677326098,42.12592199646755,40.594957100388626,41.501834869384766,17046800
2019-05-03,41.433577847041036,42.30144928827719,41.35556509194646,42.25269317626953,16577000
2019-05-06,40.370677522361966,41.23854894821533,39.980621193508554,41.08252716064453,25776000
2019-05-07,40.643718507613976,40.88750280589868,38.74220023702265,39.2590217590332,35094100
2019-05-08,38.86897300306339,39.483310537772624,38.595935752016416,38.7617073059082,26190100
2019-05-09,38.12786487040219,38.64469014082122,37.25024357999941,38.29364013671875,27844400
2019-05-10,38.04009920881671,38.31314014479604,36.713915787737065,37.971839904785156,30368100
2019-05-13,36.4311231846231,37.03570715391699,36.13858279431011,36.450626373291016,33092100
2019-05-14,37.0747095155258,37.65004049942759,36.47012561171708,37.55252456665039,24004000
2019-05-15,36.95770631737208,37.73781543787481,36.82118396641211,37.45502471923828,17532300
2019-05-16,36.74316586229376,37.045459699451875,36.17758456435653,36.38236618041992,29479200
2019-05-17,35.699776915978426,36.35311711719925,34.90991436896854,35.1634521484375,31096300
2019-05-20,33.88601186721283,34.32482427565085,33.47645609923906,33.75924301147461,34489500
2019-05-21,34.41259821892325,34.98792940830775,34.27607958412927,34.7538948059082,32501300
2019-05-22,34.32482794301509,34.56861222709921,33.76900007289152,33.866512298583984,20902400
2019-05-23,33.04739672212807,33.05715017654028,32.140518894144634,32.9791374206543,32186700
2019-05-24,33.31067721577967,33.505705344788595,32.75484946600815,33.15465545654297,19706000
2019-05-28,33.300944183751454,33.45696602123341,32.06251922130225,32.12102508544922,26758400
2019-05-29,31.51642673489827,32.589075919473885,31.370154700705072,32.462310791015625,28796100
2019-05-30,32.59883520064891,33.46670666840165,32.20877885296423,32.49156951904297,20957600
2019-05-31,31.78947521187403,32.66710028968771,31.711466160431524,31.79922866821289,18607300
2019-06-03,32.13077318110723,32.394060685396376,31.66270774676656,31.877235412597656,21174500
2019-06-04,32.530574643490276,33.70073992157286,32.277036911315065,33.63248062133789,25076000
2019-06-05,34.32483386240792,34.51986206727885,32.21853743347978,32.511077880859375,27070300
2019-06-06,32.4330586507518,32.97913677164846,32.12101507305453,32.637840270996094,21088100
2019-06-07,32.71585753200838,33.18392301625096,32.39406413902764,33.144920349121094,21430400
2019-06-10,33.73974229846375,34.6563735566037,33.66173326449497,34.0712890625,21728000
2019-06-11,34.909912443199026,35.09519089947954,33.88601908531137,33.97378158569336,19208600
2019-06-12,33.16441534417694,33.25217784311168,31.916240888085778,32.14052200317383,28746500
2019-06-13,32.2575427229555,32.803617214225035,32.18927969169332,32.55008316040039,16586700
2019-06-14,31.643196896732658,32.0234997375987,31.43841901624364,31.84797477722168,19715000
2019-06-17,31.730961046058308,32.03325115605698,31.340904731401878,31.623695373535156,20050000
2019-06-18,32.08201416176916,34.022535033694524,32.08201416176916,33.43745422363281,33727300
2019-06-19,33.82750611575402,33.82750611575402,32.871872163006856,33.096153259277344,20436400
2019-06-20,33.973777105521485,34.38333290672648,33.17416497186642,33.300933837890625,21691500
2019-06-21,32.862117908983855,33.047392601331104,31.916233821003086,32.42330551147461,38858200
2019-06-24,32.37456058547059,33.232682490298316,32.19903556585006,32.36480712890625,27306000
2019-06-25,32.520823259988745,33.037648491629874,31.799223834456768,31.867483139038086,39590500
2019-06-26,34.97817462071421,36.67491519395263,34.81240306187301,36.11908721923828,100271600
2019-06-27,35.933805507814704,37.37701188450732,35.60225870017234,37.12347412109375,51612400
2019-06-28,38.38139880676654,38.42040518551865,37.10396780153249,37.63054275512695,61402700
2019-07-01,40.13664816750828,40.67297289909559,38.75195508887,39.112754821777344,60928000
2019-07-02,38.634935930199404,39.03474204486869,38.05960481690912,38.61543273925781,29774500
2019-07-03,38.63493911664252,38.781211200841675,38.19612658389869,38.60568618774414,13479700
2019-07-05,37.98159888349769,38.57643323644349,37.83532679938347,38.439910888671875,18408000
2019-07-08,38.05960218780171,39.60032068707661,37.97183969455373,39.40529251098633,28148500
2019-07-09,39.1322500266278,40.38042423375538,39.083493919134234,40.32191467285156,28254700
2019-07-10,41.180049149126276,42.90604267587933,40.9947743949005,41.83339309692383,51625500
2019-07-11,42.14542610753807,42.45746967791605,41.384816649870565,42.39896011352539,30392400
2019-07-12,42.6622520178858,43.58863309138766,42.281949109360006,43.40335464477539,33257800
2019-07-15,43.57887994679069,44.14446130595737,42.623245941165486,43.29609298706055,26623300
2019-07-16,42.954794173534516,43.003550290991214,41.86264151912056,41.989410400390625,31238900
2019-07-17,41.930902522916114,42.662255473897204,41.5408461277848,42.29170227050781,19539300
2019-07-18,42.52572901536396,43.81290967431432,42.41846334047597,43.55937194824219,26456600
2019-07-19,44.00794929006244,44.85631773612133,43.520380619017644,44.38825225830078,39328400
2019-07-22,45.34386901983133,46.25074669781615,45.15859433502617,46.0167121887207,46042800
2019-07-23,45.616912897547294,45.96796285295556,45.0805882300526,45.78268814086914,29354400
2019-07-24,45.7826820547605,47.03085620152832,45.65591320552553,46.79682540893555,33169900
2019-07-25,47.19663567444792,47.48917605146812,46.40677330862593,46.582298278808594,28127800
2019-07-26,46.748085433203514,46.93336391918219,45.919220134401286,46.30927658081055,19676200
2019-07-29,45.704678050494294,45.80219399926566,44.7100376921449,45.655921936035156,21939500
2019-07-30,45.71442881847119,46.494537763526424,45.051335285211024,46.280006408691406,21301600
2019-07-31,45.5486560491006,45.62666880776964,43.335094239882984,43.77390670776367,34493900
2019-08-01,43.88116937623923,44.81730009683432,41.77487339497386,42.51597595214844,37906500
2019-08-02,41.57984707309857,43.305840258056136,41.17029125964405,42.984046936035156,31954100
2019-08-05,41.34581704959629,41.45307901246176,40.33167351097964,40.89725112915039,35172900
2019-08-06,41.60910462922141,42.116176445082864,40.653470571585636,41.56034851074219,26857000
2019-08-07,40.96551295267704,41.88214431967326,39.68808557589372,40.711978912353516,35604600
2019-08-08,41.04352014248729,41.69686020527761,40.63396063160525,41.57009506225586,18567500
2019-08-09,40.994769399352165,41.18979758626567,39.853856923812785,40.48769760131836,22900300
2019-08-12,40.029377304652016,41.345814624642664,39.95136827079304,41.08252716064453,23969200
2019-08-13,41.560342281209344,43.959182381268164,41.4530766047212,43.07180404663086,33040200
2019-08-14,41.81388936312312,42.0771768861572,40.6242206412329,40.994773864746094,24657200
2019-08-15,41.287304854860594,41.50183620665267,40.46818954420782,41.18979263305664,16104000
2019-08-16,41.579841951986786,42.789013493939585,41.492079471362366,42.46721649169922,17914100
2019-08-19,43.55937954445473,44.241976369262424,43.23758618352679,43.890926361083984,22613400
2019-08-20,43.73490170732267,43.85192084901566,42.94504296008749,43.13031768798828,13191000
2019-08-21,43.695894917120754,43.881169627512115,42.80852030233629,43.07180404663086,14973800
2019-08-22,43.393600227552916,44.31998120110045,42.95478779588801,43.6666374206543,20599000
2019-08-23,42.79876933541839,43.85191925321131,41.59935107561184,41.89189147949219,27519900
2019-08-26,42.652502149255724,42.68175507448058,42.08692079588758,42.3502082824707,12282800
2019-08-27,42.62323579168096,42.710998267210364,41.29704892583779,41.38481140136719,19122100
2019-08-28,41.05327057625823,42.18442946771283,40.7217238122188,42.07716751098633,11545700
2019-08-29,42.89628215047173,44.095700322682156,42.81826939787944,43.55937194824219,18674100
2019-08-30,43.998194315936765,44.78805687493273,43.929935001933195,44.144466400146484,16391500
2019-09-03,43.49112654741986,44.20298012281544,43.33510471223066,43.87143325805664,17108100
2019-09-04,45.2951215988083,46.319014867702705,45.24636548502343,45.64617156982422,26978100
2019-09-05,46.70907180036829,48.40580838830741,46.69931834557782,47.81097412109375,33075500
2019-09-06,47.645194813662805,48.269281903706045,47.48917304115199,47.75246047973633,19565700
2019-09-09,48.30829531005284,48.756857506346506,47.64520175037829,47.90848922729492,19474400
2019-09-10,48.14251463507852,48.69834245042698,47.29414645162865,48.162017822265625,23111300
2019-09-11,48.77636377030468,50.112300708629284,48.60083877462953,49.22492599487305,31012900
2019-09-12,49.53697839839237,49.84902206390556,48.85438148513706,49.18592834472656,19671300
2019-09-13,49.25417646218874,49.683239194578064,48.815367714758665,49.24442672729492,14733000
2019-09-16,48.29854563366625,48.99089589150489,47.80122728493331,48.903133392333984,17495300
2019-09-17,48.932386897196096,49.644236634506676,48.688602587712204,49.57597732543945,13776500
2019-09-18,49.731997791284215,49.897769331725605,48.45456670494916,49.22492599487305,15247100
2019-09-19,49.89776292437067,50.02453178715843,48.51307004724497,48.581329345703125,16633600
2019-09-20,49.088402416847366,49.195668094453026,47.55743744703703,47.937740325927734,23195000
2019-09-23,48.30828493574694,48.94212171529985,48.24977538015729,48.366790771484375,16198500
2019-09-24,48.503323644456735,48.65934544019891,46.85533947458615,47.30390167236328,24959000
2019-09-25,47.26489886054229,48.4643171089058,46.67006460374386,48.24003601074219,23571800
2019-09-26,48.15227595753744,48.50332594456799,46.93335445804426,47.391666412353516,33341000
2019-09-27,44.75880282722594,44.77830229943644,41.84314071109037,42.13568115234375,75941400
2019-09-30,41.930894241631925,42.38920985741659,41.521338455498785,41.78462219238281,31423100
2019-10-01,42.02840369532184,42.26243821474796,40.711970218125835,41.248294830322266,28087300
2019-10-02,40.78023841631898,41.60910356890423,40.72172884372286,40.93626022338867,26408500
2019-10-03,40.95575635722911,42.408712207589794,40.72172182702406,42.37945556640625,23627100
2019-10-04,42.62323332922348,43.5106077661537,42.21367761364896,43.44234848022461,21860000
2019-10-07,43.19858375800955,43.617893115097885,42.96455287768578,43.06206512451172,14911600
2019-10-08,42.515980054076756,42.75001461673152,41.56034605295507,41.57984924316406,20664600
2019-10-09,42.10641363088,42.30144176407366,41.76511718768027,41.813873291015625,12784000
2019-10-10,41.804127642074434,42.70125573429259,41.55059362549168,42.20393371582031,15572600
2019-10-11,43.28634450518718,44.68079115315889,43.17907880613495,43.97869110107422,27483700
2019-10-14,43.84216401848364,44.20296743114521,43.68614222809182,43.744651794433594,12443300
2019-10-15,44.08594918117276,45.39263309681218,43.920177652997936,45.30487060546875,17767700
2019-10-16,44.846558913832105,45.39263333406496,43.95918426110072,44.037193298339844,16646900
2019-10-17,44.63202755722623,44.973324069914156,44.154208719610125,44.36874008178711,11718700
2019-10-18,43.71540069561599,43.86166903779546,42.15517900673029,42.38921356201172,26215300
2019-10-21,42.86703935777342,44.173723627034406,42.82803296887513,44.0957145690918,15473700
2019-10-22,44.17371645302803,44.563772838956126,43.510622828862296,43.54962921142578,13802400
2019-10-23,42.95479489681946,43.70565102182634,42.85728266026412,43.54962921142578,13959200
2019-10-24,44.758797273016484,45.987468461753785,44.446753678421196,45.928958892822266,25760200
2019-10-25,46.104489176245416,47.06987671532724,45.753439162033835,46.83584213256836,19855300
2019-10-28,47.29414881519135,47.5379330874346,47.0308613547863,47.47942352294922,15240000
2019-10-29,47.58669217123829,47.94749187514312,46.865092763428635,46.913848876953125,12183600
2019-10-30,47.021110502380836,47.13812590871597,46.084976092141666,46.6895637512207,12932800
2019-10-31,46.10448366947033,46.68956819655759,45.3048714969855,46.36777114868164,15445800
2019-11-01,46.299514304897066,47.333161087101445,46.07523319288025,47.17713928222656,18311700
2019-11-04,48.16203127227657,48.6593533848014,48.025512643694434,48.357059478759766,16021500
2019-11-05,48.38630066902106,48.48381660853161,47.40141385900726,47.46967315673828,13682600
2019-11-06,46.95285683442986,47.099125179921366,45.938713271668256,46.49454116821289,21803600
2019-11-07,47.3136516080916,47.85972971250152,46.806579879679404,47.19663619995117,19253600
2019-11-08,46.37751554523669,46.81632420503062,45.78268139947759,46.0167121887207,18518800
2019-11-11,45.55840628400471,45.57790947229358,44.71003433277667,45.109840393066406,14635900
2019-11-12,45.636427970726814,46.494549894100714,45.51941252840205,45.733943939208984,15170700
2019-11-13,45.343881493255445,45.39263761110548,44.671038139276924,45.14885330200195,15423600
2019-11-14,44.97333135494552,45.665681666889384,44.63203478697247,45.63642501831055,11797400
2019-11-15,46.41652658578456,47.31365469296165,46.162992564974324,46.5237922668457,17859200
2019-11-18,46.75783425915763,47.206396524202695,46.2897688017384,46.631065368652344,12631200
2019-11-19,46.91385284879607,46.98211215747996,45.12934992786585,45.42189407348633,18384000
2019-11-20,45.00258547866889,45.34388202749361,44.10545727627428,44.43700408935547,24660700
2019-11-21,44.173719031462106,45.03184089868074,43.92018496970735,44.417503356933594,14192900
2019-11-22,44.78804370962583,45.22685611341382,44.61251874811063,44.72953414916992,11253700
2019-11-25,44.95382329591863,46.36777297560721,44.79780149318526,46.33852005004883,18803600
2019-11-26,46.46528463694099,46.484784105610665,45.382881852984056,45.558406829833984,12849300
2019-11-27,46.17274960108097,47.06987785012291,45.938718732533395,46.96261215209961,15409400
2019-11-29,46.748079004112896,46.75783245985145,46.260510373081814,46.32876968383789,7343600
2019-12-02,46.38728424725474,46.75783748824708,45.197615469247346,45.23662185668945,16053800
2019-12-03,43.998191613390254,44.27123257248687,43.44236367930031,44.1054573059082,20321400
2019-12-04,45.0318378751912,45.44139372895551,44.59302537483419,45.14885330200195,16921700
2019-12-05,45.54865039161091,46.221497332072936,45.10008824453797,45.46088790893555,13003800
2019-12-06,46.260508154140375,47.12838340042391,46.14349272986466,46.73832702636719,20468100
2019-12-09,46.38727668531722,46.58230487088091,45.27562086341339,45.29512405395508,16540500
2019-12-10,45.87045060748223,46.728568587116555,45.55840702946014,46.280006408691406,19263100
2019-12-11,46.562807335401345,48.11327583316488,46.50429775667027,48.03526306152344,22081300
2019-12-12,48.13277206660033,50.053793512194524,48.09376568641951,49.70274353027344,36590800
2019-12-13,49.751492247055744,51.0191696555916,49.4394486917193,49.92701721191406,30039700
2019-12-16,51.44823903766612,52.949951276878586,51.379979728597675,51.62376403808594,38629600
2019-12-17,52.64765748583227,52.657407220804465,51.34097352822559,51.68227005004883,28344800
2019-12-18,51.68227276264485,52.38437275279232,51.06793527126581,51.72127914428711,39099100
2019-12-19,53.64229406324096,53.91533500023049,52.559894929655904,53.17422866821289,55792900
2019-12-20,53.5350296918278,54.53941974100133,53.271742221491905,53.6910514831543,44285000
2019-12-23,53.85683062684613,54.714952460446405,53.7690681243205,54.022605895996094,23693800
2019-12-24,54.07136327651128,54.25663802178569,53.67155713786914,54.04210662841797,8621900
2019-12-26,54.07135773581018,54.26638591708231,53.54478276233139,53.739810943603516,13537400
2019-12-27,53.8665678838297,54.14935477816947,52.55013074182457,52.686649322509766,17176700
2019-12-30,52.433121101796225,52.540386775494056,51.35071835063114,51.88704299926758,15271500
2019-12-31,51.59449912075307,52.559886398706304,51.46773026772128,52.442867279052734,13296400
2020-01-02,53.48627292949614,54.110363850474684,53.154726138916615,54.012847900390625,20173200
2020-01-03,52.81342895701787,53.93483819000497,52.65740715867518,53.17422866821289,16815800
2020-01-06,52.413619306028444,52.7939221811655,51.83828826624723,52.238094329833984,18768700
2020-01-07,54.00310108829503,56.94801598287431,53.98359789722259,56.82124710083008,49908200
2020-01-08,56.645721258878986,56.9382616809098,55.641331112626986,56.08989334106445,29730800
2020-01-09,56.87001131690323,57.026033147847045,55.07575840112237,55.88512420654297,22376100
2020-01-10,56.04113335847699,56.0703862827063,54.87096803121512,55.26102066040039,19122800
2020-01-13,55.59256661198268,56.34342265477817,55.446298273164636,56.021629333496094,16163000
2020-01-14,56.36293057231278,56.850499182315225,55.056246548712075,56.08989334106445,26454300
2020-01-15,55.61207906186103,55.699841567707594,54.45166701331527,54.773460388183594,21638600
2020-01-16,55.38779643106346,56.40194008900498,55.34879004733028,56.24591827392578,22732700
2020-01-17,56.57745989372232,56.67497212423562,55.59256925421342,56.226409912109375,20549200
2020-01-21,55.94361594990588,57.70861548941116,55.84610372512008,57.50383758544922,24821700
2020-01-22,58.04017189565798,58.752021670343616,57.386827977614125,57.69887161254883,22604400
2020-01-23,58.830024896021925,59.054305989759136,57.56234364989856,57.728118896484375,26146100
2020-01-24,58.508234059950844,58.5277372510199,55.816856929928576,56.32392501831055,28555300
2020-01-27,53.77880702023651,54.59792224876095,53.261981880906994,54.03234100341797,27310100
2020-01-28,54.85145530663761,55.36827671739628,53.86656859031126,55.06598663330078,18544900
2020-01-29,54.597926306189606,55.76808781688263,53.915329611716864,53.925079345703125,19278300
2020-01-30,52.832938985703954,53.70081058381684,51.89680807447119,53.66180419921875,30783800
2020-01-31,53.778810862654794,53.82756697215181,51.389724298774034,51.77002716064453,28550800
2020-02-03,51.92604585339986,52.76466427832131,51.682261600566996,52.442867279052734,20471900
2020-02-04,53.91533545821093,54.627185151687044,53.57403521403814,54.120113372802734,19998600
2020-02-05,55.602323882579945,55.83635472869201,54.432158492459926,55.35853958129883,19795300
2020-02-06,56.63596566422098,57.698861553006786,55.98262186008474,57.221046447753906,23358700
2020-02-07,56.52871252756216,56.55796545727308,55.35854698102715,55.46581268310547,20891100
2020-02-10,54.900223466800256,55.914367044808394,54.8027112350066,55.90461730957031,15929000
2020-02-11,56.440944250611544,57.37707510423048,54.92948227906681,55.82660675048828,26776900
2020-02-12,57.572094192265375,59.668636685860605,57.435575596013464,57.7963752746582,47180800
2020-02-13,57.54285298800436,59.12257816235192,57.396584618430246,57.85490036010742,23679700
2020-02-14,58.66425215489177,59.05430851187348,56.81149003900832,57.04552459716797,20920200
2020-02-18,55.651077272810916,56.596961505800785,55.21226480802938,56.314170837402344,21513200
2020-02-19,57.12353473433228,58.75201195229384,57.104031545393156,58.498477935791016,23335500
2020-02-20,58.39122198520389,58.49848768231434,56.255668938723026,57.53310012817383,20797100
2020-02-21,57.17229493495769,57.26980716677319,54.500417376886574,55.57307052612305,27038900
2020-02-24,51.984569266938585,54.08111216811131,51.30197243312632,53.64229965209961,33321100
2020-02-25,53.47652304554499,54.07135731991583,50.268320833846786,50.80464553833008,41894200
2020-02-26,51.340973063747754,52.920694224521405,50.59011700267648,51.06793212890625,28075600
2020-02-27,49.37120103531427,51.53600324581266,48.747113777518216,49.322444915771484,36349200
2020-02-28,47.4404257162326,51.60425823833847,47.186887964063324,51.253211975097656,40121300
2020-03-02,51.87729841774601,53.33025072436371,50.80464529408315,53.23273849487305,33272700
2020-03-03,53.2424873325286,54.02260003471828,49.829507279934376,50.51210403442383,36893200
2020-03-04,51.70177472145537,54.00309910556384,50.91191225136124,53.91533660888672,28222000
2020-03-05,52.12108141956114,54.22737751509397,52.01381573786801,52.384368896484375,26223000
2020-03-06,50.902164989845,51.86754878035575,48.756862304477316,50.19031524658203,30313700
2020-03-09,44.34924180887784,47.391668995911935,43.80316360818827,44.82706069946289,31260800
2020-03-10,46.952857513329654,47.060119480299754,44.163964535336724,46.670066833496094,31652900
2020-03-11,45.05133115886856,45.168346559945945,41.78461990336595,42.632991790771484,38483800
2020-03-12,38.420404760697735,41.48233478167495,37.055211278293115,37.84507369995117,40117200
2020-03-13,40.53645343787337,41.9504031334057,37.39651043784541,41.92115020751953,35264800
2020-03-16,36.42137643112635,38.16687307958414,33.593480511357185,33.61298370361328,36879100
2020-03-17,34.60761782248102,38.15711632327848,33.17416507413862,36.450626373291016,34869000
2020-03-18,33.40820150662351,35.65102022184449,30.356022644935422,33.827510833740234,36519000
2020-03-19,33.798254977816185,36.37261657347209,32.8133680491195,35.38772964477539,31015200
2020-03-20,36.83093154097123,37.63054372677093,34.94891649589671,35.21220397949219,37667400
2020-03-23,36.07032479993616,38.48866448452806,34.80264352959143,37.29899597167969,45286000
2020-03-24,40.78023379099403,43.31558879827798,40.11714025619308,42.194183349609375,45588000
2020-03-25,42.818276030800014,43.76416034331675,39.03474250058643,41.44333267211914,54091000
2020-03-26,43.78366110180431,44.61252622125244,42.2526960186851,43.676395416259766,62450700
2020-03-27,42.17467902980702,44.15420612686472,41.2580515068033,42.39896011352539,39791500
2020-03-30,43.07181614133643,44.43700995659545,42.0771792906194,43.413116455078125,33763900
2020-03-31,43.29609191313304,44.046944261901,40.867998718768675,41.0142707824707,36723700
2020-04-01,39.541818183851625,41.24830851982423,38.35215316484554,38.89822769165039,37452800
2020-04-02,38.800697431045094,40.55594307483305,38.5374100264991,40.06837463378906,31457700
2020-04-03,39.951375591865826,40.81924717675629,39.54181599953284,40.195159912109375,28522400
2020-04-06,42.27220210320488,45.52916096005968,42.2624523665631,45.21711730957031,37899100
2020-04-07,46.8943429135168,47.16738010898471,44.895312618442205,45.38288116455078,34646400
2020-04-08,45.90944830922527,47.47941563703779,45.63640744016261,47.08936309814453,27694400
2020-04-09,48.07425692199545,48.57157891200228,44.22246474231363,44.98307418823242,39799400
2020-04-13,43.78366600674424,45.2366184922903,43.286343903479484,45.02208709716797,30449900
2020-04-14,45.83143980312252,47.177129928262275,45.46088669507049,46.4360237121582,25738000
2020-04-15,45.24636276959395,45.49989677797142,44.50525649306999,45.27561569213867,22389400
2020-04-16,45.85093922388277,46.02646417013003,43.54961545739844,44.39798355102539,26589000
2020-04-17,45.616916524291106,45.72418221028871,43.734901451387266,44.56377029418945,23388300
2020-04-20,43.413102011375,43.959180099767146,42.22343361730942,42.32094955444336,30463300
2020-04-21,41.930904418572794,41.99916373282869,40.16590454459719,40.380435943603516,32482200
2020-04-22,42.038166414707035,43.10106614000983,41.687116418114805,42.818275451660156,21346600
2020-04-23,42.730515000288854,43.60814003382791,42.34045860319294,42.681758880615234,22273100
2020-04-24,42.711015084172296,43.21808695134549,41.911402756667506,43.06206512451172,16581800
2020-04-27,43.881164342015246,44.26146717113633,43.47160859368559,44.15420150756836,16667200
2020-04-28,45.06108133201795,46.50428369222898,44.15420359515149,44.1834602355957,25234900
2020-04-29,45.42189151437137,48.89337748563353,45.17810721999158,48.591087341308594,35743000
2020-04-30,48.249790104511185,48.34730606025281,46.19224993652977,46.69932174682617,28585400
2020-05-01,45.20735957773429,45.75343400958725,43.413107044817934,43.93968200683594,28194000
2020-05-04,43.0913039257017,43.57887243967374,42.525726383817464,43.354591369628906,21377100
2020-05-05,44.31999317254011,45.78269919328497,43.988446325710456,44.28098678588867,21007500
2020-05-06,44.924568902408176,45.94846218188007,44.778296839689446,44.934322357177734,22011900
2020-05-07,45.94845827353645,46.31901140634599,45.18785253974302,45.431636810302734,16372100
2020-05-08,46.114234717341425,47.25514334785677,46.114234717341425,47.05036544799805,17437100
2020-05-11,46.55305139930216,47.51843514075373,46.26050726445919,47.00161361694336,17353500
2020-05-12,47.313660150495814,47.35266653353608,44.505263809104896,44.554019927978516,26738900
2020-05-13,44.72954470711725,44.739298162755034,41.88214571684278,42.447723388671875,35117500
2020-05-14,41.98941058159236,44.641781325186635,41.45308212769425,44.59302520751953,27543500
2020-05-15,42.20394098189406,43.666646925941436,42.164938317141505,43.30584716796875,28803900
2020-05-18,44.69053484214205,45.00257841490329,43.832413157122225,44.77829360961914,20307800
2020-05-19,44.6417784014727,45.08059087144423,43.90067578985097,43.99818801879883,17389500
2020-05-20,45.35362739916371,45.870452620322055,44.94407157998284,45.48039627075195,17876500
2020-05-21,45.34388925500534,45.41214857565036,43.64714853646938,44.0957145690918,17445300
2020-05-22,44.0274478154293,44.18346962482781,43.14007307700275,43.82266616821289,13385400
2020-05-26,45.07084498057972,45.52915695954774,44.31998885011089,44.661285400390625,24303900
2020-05-27,44.80755153402176,48.347300331138484,42.80852117636873,48.22053146362305,56071500
2020-05-28,47.48918419355362,47.57694669369195,44.92457221826977,45.31462860107422,38289300
2020-05-29,45.46089090329904,46.826084341536216,45.06108483807789,46.71881866455078,26337000
2020-06-01,46.309260045265525,46.484781291637354,45.16834776480654,45.18785095214844,21809100
2020-06-02,45.33412860472237,45.68517486074002,44.43700047529126,45.655921936035156,23035600
2020-06-03,46.84559436205276,48.191281088163336,46.270263236012994,47.703712463378906,34662100
2020-06-04,47.645201324809925,50.68762816447206,47.39166358492384,49.94652557373047,34830800
2020-06-05,51.35072217817684,53.45701827370967,51.28246287525448,52.384368896484375,34110700
2020-06-08,53.14498104834273,53.28149967053806,50.93141900600182,52.364871978759766,22850600
2020-06-09,51.34097600777393,52.16984115500561,51.14594782023316,51.82854461669922,17840800
2020-06-10,51.604271364527285,51.97482463203167,50.287837312926655,51.165462493896484,18766700
2020-06-11,49.16641820524497,49.81976209501933,47.001616046535844,47.31365966796875,29897600
2020-06-12,49.03964509721772,49.22491980497559,46.18249312893855,47.47942352294922,24293600
2020-06-15,46.182492154849136,48.49356596541082,45.92895443394625,48.015750885009766,18092300
2020-06-16,49.888021610681506,50.85340912587441,48.62034392839498,49.751502990722656,20987200
2020-06-17,50.02453229620398,50.22931019366224,49.28342973975145,49.69298553466797,13905100
2020-06-18,49.24442918548731,49.77100417251275,48.77636377030468,49.22492599487305,13220200
2020-06-19,49.88801646986675,51.43848468792731,49.48821038696324,49.56622314453125,28081500
2020-06-22,49.82950935974483,50.122053495202856,48.99089449363855,49.87826919555664,15952200
2020-06-23,49.429698951478706,49.62472711817812,48.33754642575598,48.600833892822266,23194200
2020-06-24,48.41554991405637,48.85435855532976,46.8260756814692,47.08936309814453,19346500
2020-06-25,47.04061791935889,48.08401437596648,46.10448342495469,47.96699523925781,14971900
2020-06-26,47.92799129517113,48.12301574475055,46.94310071347155,47.284400939941406,16929700
2020-06-29,47.479439182544795,47.92800521850586,46.39703978146578,47.92800521850586,24666200
2020-06-30,50.492612605093534,51.16545978145199,49.70275370394774,50.239078521728516,47852100
2020-07-01,50.239066645348224,50.278073024292276,48.37655482907975,48.464317321777344,25218400
2020-07-02,49.24442746471692,49.48821175909671,48.24978709726502,48.591087341308594,18562400
2020-07-06,49.48820873062273,50.15130226834541,49.22492126242229,49.65398025512695,16321000
2020-07-07,49.26392255040425,49.332181844013235,47.79146357146196,47.869476318359375,19797900
2020-07-08,48.32779173844925,48.513066431906616,47.742707298313746,48.47406005859375,15311900
2020-07-09,48.61059301713898,49.13716805298797,47.51844028044945,48.737361907958984,18510800
2020-07-10,48.766606126090764,49.449202859543014,48.17177560279034,49.439453125,18128700
2020-07-13,50.034287762449516,50.98016825439958,48.152272793316286,48.230281829833984,23296400
2020-07-14,47.85972641825235,48.55207280521948,46.757820551205114,48.47406005859375,17455200
2020-07-15,48.961636684851804,49.39069942274066,48.181527688489965,49.25417709350586,15911400
2020-07-16,48.58133669673781,49.03965238703735,48.00600557992576,48.854373931884766,14014000
2020-07-17,49.05915136570423,49.176166782169375,48.05475757149827,48.24003601074219,15003800
2020-07-20,48.42531328881803,50.04404089488568,48.30829786617005,49.93677520751953,17604200
2020-07-21,50.33659077228723,51.35073454545512,49.95628778731275,50.239078521728516,16650200
2020-07-22,50.29756636321886,50.48284104713836,49.75148832450813,50.36582565307617,11412600
2020-07-23,50.45360876929207,52.85244578812531,50.287833483353566,51.33123016357422,33399900
2020-07-24,50.005030701873395,50.005030701873395,48.41555986253239,48.77635955810547,25348000
2020-07-27,49.341936083972634,50.42433886699147,49.23467412697096,50.30732345581055,15991700
2020-07-28,49.98553623291175,49.995289689004714,48.79587125946701,48.844627380371094,15614400
2020-07-29,49.137168884277344,49.371203477454095,48.542334524812865,49.137168884277344,14714800
2020-07-30,48.503325037872436,49.488211954316554,47.888987572053075,49.47846221923828,17644300
2020-07-31,49.361446950729956,49.439459716887484,48.035259684879506,48.815372467041016,17433200
2020-08-03,49.137168884277344,49.36145002115099,48.77636911798962,49.137168884277344,15143500
2020-08-04,49.09815507630886,50.20006112119648,49.0396492267496,50.0245361328125,15753100
2020-08-05,49.81976047072619,50.00503520245721,49.37119824452271,49.78075408935547,13198600
2020-08-06,48.7568551949557,48.78610811771976,47.11862456281696,47.48917770385742,32204700
2020-08-07,47.479423784801305,47.95724259776851,46.85533663959314,47.537933349609375,13637300
2020-08-10,47.63546101944525,48.435073398541824,47.06988325562636,47.92800521850586,15881500
2020-08-11,47.79146150179447,48.50331476692189,46.44577515476332,46.572540283203125,21532800
2020-08-12,47.17713453574206,47.518431037113935,46.47503462451663,47.2746467590332,17176600
2020-08-13,45.987472626635444,46.05573193664429,44.78805425381136,44.99283218383789,41051700
2020-08-14,44.46624755859375,44.93431661150125,44.17370719041602,44.46624755859375,18167300
2020-08-17,44.75880830094686,44.79781096999117,43.62764906187422,44.0957145690918,17303800
2020-08-18,43.93968338757765,44.03719561922899,42.9547927365745,43.29609298706055,20118100
2020-08-19,43.19857248128805,43.58862880647756,42.75976004541306,42.95478820800781,19455500
2020-08-20,41.61885633390056,42.57449035133227,41.19954703688366,41.92115020751953,22445400
2020-08-21,41.784620860158036,41.98940246654826,41.34581216610677,41.59934616088867,15476700
2020-08-24,42.04790617412105,42.73050281444997,41.823625111699855,42.671993255615234,14972200
2020-08-25,43.76416342282339,44.40775389728313,43.491122447094,43.97869110107422,21524900
2020-08-26,44.466254103229076,44.6807854740658,43.57887941456783,43.842166900634766,15328900
2020-08-27,43.44236842930772,43.715409418258766,42.58424651519007,43.51062774658203,13777000
2020-08-28,43.510623360698666,44.651535885579186,43.30584542951741,44.554019927978516,13459100
2020-08-31,44.22246104885544,44.68077662492584,44.01768317353342,44.378482818603516,13241800
2020-09-01,44.39799140266514,44.65152913423837,43.93967949072607,44.62227249145508,14079800
2020-09-02,45.27561841490322,46.99185817137216,45.12934635367755,46.640811920166016,24636200
2020-09-03,46.57254312276192,46.640806137429244,44.71003153598988,45.1781005859375,20632800
2020-09-04,45.04158448091391,45.782690812207576,43.773906905636224,45.32437515258789,20608500
2020-09-08,43.8714244324452,45.08059248194976,43.422858491642,43.91042709350586,20893600
2020-09-09,44.739308096543716,44.739308096543716,43.344861218994005,44.02745819091797,17529100
2020-09-10,44.33948667295127,44.80755205088489,43.5788771789378,43.75440216064453,13744700
2020-09-11,44.10545415437509,45.324375627975506,43.84216666969502,44.94407272338867,18365500
2020-09-14,47.147880549759144,48.35705227391433,47.09912443536606,47.81097412109375,26715400
2020-09-15,48.14251843342374,48.42530909016949,47.48917835044516,47.830474853515625,14456000
2020-09-16,47.88899367082853,49.94653398071954,47.74272158705431,48.96164321899414,23542200
2020-09-17,47.93774449411152,50.014787766943584,47.59644796282951,49.712493896484375,20556900
2020-09-18,50.21956484034094,50.872904966326544,48.727606143204206,49.47846221923828,25549000
2020-09-21,48.37656753461291,48.54233910888351,46.69932999804253,47.92800521850586,21257500
2020-09-22,48.0450080477614,48.54232635981241,47.56718920532938,48.464317321777344,10845300
2020-09-23,49.74174708023302,50.32683163385013,48.40581015389843,48.61058807373047,19160000
2020-09-24,48.28879212428158,49.10790747924362,47.86948285210738,48.24003601074219,13842300
2020-09-25,48.33754117501849,48.366794094897244,46.59204503843775,47.91823196411133,17773000
2020-09-28,48.40580530026463,48.53257416548192,46.933349908351296,48.48381805419922,18904000
2020-09-29,48.474062611451984,50.102543444428406,48.35704720520334,49.44919967651367,35676600
2020-09-30,47.73295904663166,48.04500260311601,45.66566955495972,45.79243469238281,55392600
2020-10-01,45.928960638927656,46.9821106006147,45.880204522891006,46.728572845458984,24460000
2020-10-02,45.69492921280641,46.338519607922564,45.343879230042475,45.392635345458984,20277500
2020-10-05,45.8217000241603,46.5432994904507,45.811946568753136,46.41653060913086,16933700
2020-10-06,46.36776710348413,47.615945087132076,46.045973803534984,46.14348602294922,17926200
2020-10-07,47.21613248488059,47.781713739159024,47.118620271313105,47.206382751464844,13889300
2020-10-08,47.77198032549811,48.756867410453616,47.02112412099467,48.65935516357422,14569700
2020-10-09,48.99089359845169,49.34193985885105,48.08401572275046,48.649593353271484,13933700
2020-10-12,49.32244397005952,49.57597801873283,48.83487534427334,49.41995620727539,13108800
2020-10-13,50.59986605889469,51.43848460208623,50.35608177168101,50.56085968017578,22179400
2020-10-14,50.71688199209603,50.95091654694172,50.07329161608667,50.34633255004883,15899400
2020-10-15,49.497962235862516,50.67788106543012,49.06890321047178,50.648624420166016,14000600
2020-10-16,50.853402947238415,51.24345556832221,50.29757507930797,50.32682800292969,14225400
2020-10-19,50.67787799426149,52.657405183972706,50.02453418080348,51.321468353271484,24176200
2020-10-20,51.81878995406579,52.85243672005142,51.43848704314136,52.199092864990234,17343400
2020-10-21,51.974816093677546,52.61840654737586,51.857800662056086,51.98456954956055,12922200
2020-10-22,51.965062039105824,53.48627368332551,51.760284120822895,53.02796173095703,14842600
2020-10-23,52.74517496154194,52.774427889221414,51.07769112644952,51.53600311279297,16175700
2020-10-26,51.0971923957632,51.57500755586734,50.122055164697905,50.84365463256836,11678900
2020-10-27,50.73638445513773,51.019175119903075,50.25856933728885,50.66812515258789,8964800
2020-10-28,49.488211708068846,49.585723937778965,48.33754954219446,48.756858825683594,15463700
2020-10-29,48.474069895563424,49.64423529344664,48.15227655006116,49.22492599487305,12420700
2020-10-30,48.766608555387,49.17616810380163,48.07426205290266,49.08840560913086,15955700
2020-11-02,49.527209818926146,49.527209818926146,48.210772618510646,48.47406005859375,13103200
2020-11-03,48.88362793654777,50.30732732837674,48.76660879650608,49.81000900268555,11429500
2020-11-04,50.44384405565941,51.19470010356066,49.663735083766234,50.66812515258789,13554400
2020-11-05,51.565254208009094,53.41801258533052,51.467738259821814,53.22298812866211,16373600
2020-11-06,53.105966054501685,54.03234705186747,52.97920090864693,53.7885627746582,13922600
2020-11-09,55.06600574140434,56.39219309396413,54.480921116528954,54.56868362426758,20968500
2020-11-10,53.75930383386064,54.549162422895044,53.00844789772554,54.03234100341797,14502100
2020-11-11,54.578422119584936,55.52430253275719,54.46140299477489,54.95872497558594,14765500
2020-11-12,55.192763662340845,55.55356710221825,54.50041714774341,54.85146713256836,13785600
2020-11-13,55.37804072510508,56.7432305299123,55.339034345576934,56.48969650268555,14318800
2020-11-16,58.23518679578466,60.37073563205456,58.12792112330418,60.32197952270508,31397200
2020-11-17,59.483369698800146,60.65353509258326,58.80077290910557,60.44875717163086,17703600
2020-11-18,59.970934287413755,60.49750923733625,59.12256601466284,59.22983169555664,18734500
2020-11-19,58.547232129674214,60.42924702231966,58.16692925745568,60.292728424072266,12723600
2020-11-20,59.95143357035333,61.08259255395045,59.82466469499198,59.8734245300293,14115700
2020-11-23,61.0533434486105,62.89635224479301,60.75104956379064,62.58430862426758,20612600
2020-11-24,62.691570289026735,62.691570289026735,61.32637674703715,62.360023498535156,22625600
2020-11-25,62.07723215273667,62.408778939647675,61.053338867228696,61.85295104980469,12468500
2020-11-27,62.24301549242581,63.18889986146749,61.93096813492306,62.63307189941406,7500200
2020-11-30,62.954844219529306,63.62769115033039,61.99921409722281,62.49652862548828,20373500
2020-12-01,63.62772044548019,66.9236824431349,63.52045472771343,65.41222381591797,36160400
2020-12-02,65.92900309738806,67.6647455019761,65.1001382619021,67.39170837402344,23298900
2020-12-03,68.81543427718978,69.35176273154954,67.82079757239413,68.16209411621094,20462300
2020-12-04,69.3420114816802,72.53070706348784,68.78618353844008,71.51656341552734,31860800
2020-12-07,71.46779625939692,71.57506193153242,69.70280055559446,70.80470275878906,17460600
2020-12-08,70.2098845427367,71.721350310859,70.19038507050149,71.37030029296875,15431100
2020-12-09,71.33128867068736,72.75498810993638,69.02021079590486,69.63455200195312,18367300
2020-12-10,68.39613362008963,70.16112985543155,67.937817871978,69.5077896118164,15610600
2020-12-11,68.63016376214755,69.54679524848078,67.67453332890048,68.77643585205078,15322000
2020-12-14,69.62478055383814,70.40488565938118,69.2639771997128,69.76129913330078,13573700
2020-12-15,70.99973307173907,71.54581493136226,70.53167140886889,71.33128356933594,11538300
2020-12-16,72.34542380520443,72.50144187250466,70.82420487071978,71.17525482177734,13889300
2020-12-17,71.76032835193861,71.90660039006914,69.97583329380173,70.4634017944336,11988100
2020-12-18,70.8924641232876,71.62381694755688,69.29323987606186,69.68329620361328,23912500
2020-12-21,68.25960137988812,69.91733158037438,67.91830486092991,69.69305419921875,13180400
2020-12-22,69.73206381210926,69.99534758474144,68.02557369847851,68.68866729736328,11154200
2020-12-23,68.71791378464603,69.29324111227653,68.15233247159159,68.2108383178711,8524000
2020-12-24,68.56188886378044,68.88368590049289,68.02556790896553,68.82518005371094,4848500
2020-12-28,70.00510060179829,70.31714420874954,68.71791979316112,68.9031982421875,8345200
2020-12-29,69.23472216713492,69.62477842784838,67.42096687856602,68.46436309814453,9403400
2020-12-30,68.66916063804655,70.8437198928377,68.62040824130273,70.13186645507812,11620300
2020-12-31,70.59018760974706,73.79839017669617,70.57068813747846,73.31082153320312,23214500
2021-01-04,74.57849162517323,76.65553105186243,71.91636396362536,72.20890808105469,31155900
2021-01-05,74.53949147593558,76.73355022088936,74.13968164468484,75.33910369873047,33418200
2021-01-06,74.46147246377556,76.49950551143557,74.20793472474072,75.19282531738281,22390900
2021-01-07,76.11921504459538,78.08899655132727,76.10946902821178,77.14311218261719,27945300
2021-01-08,80.48781399407713,82.06753871288629,75.15381307433029,75.49510955810547,51272100
2021-01-11,74.68574804990878,77.80619128102688,74.51997652592564,76.71403503417969,19920800
2021-01-12,77.22110652482274,77.6404157601805,75.88516606805373,77.48439025878906,18231000
2021-01-13,76.98707950788382,78.39127946650787,76.59703057689401,77.9232177734375,15067700
2021-01-14,78.02072814619831,80.166026974325,77.57216593448841,79.27865600585938,17639300
2021-01-15,78.90809054072899,79.84422124254179,77.55265059792349,78.71306610107422,14322600
2021-01-19,79.25914931448982,83.54975442227986,78.94710571245271,83.37422943115234,26602500
2021-01-20,83.79354156557719,85.08072239767291,81.16067404892438,81.42395782470703,21191700
2021-01-21,81.91152505229783,82.98417448766045,80.45857270294036,82.89641571044922,14696200
2021-01-22,81.98952549544019,82.83788997317748,80.18552342886966,80.2342758178711,14229500
2021-01-25,81.12166320173696,81.42395334242202,76.92857041301122,79.25914764404297,19283400
2021-01-26,79.75647672190131,79.94175518045975,77.04559635210035,77.53316497802734,13678000
2021-01-27,75.40737364542777,75.66090400180315,72.48196157275618,73.22306060791016,23513400
2021-01-28,75.28058628316793,78.18649831301133,74.81252460945075,76.44100189208984,18351400
2021-01-29,76.41174845181561,77.39663906652093,75.03680148517397,76.32398223876953,17934400
2021-02-01,77.61114840490559,79.07385386996333,76.5287532052912,78.43026733398438,14900200
2021-02-02,79.23965586266395,79.7077175814168,77.93296806508957,79.59070587158203,11386200
2021-02-03,79.81498629403322,80.47807995376864,77.00659355617523,77.14311218261719,17456000
2021-02-04,77.18211737022807,79.31766295913894,76.99683890591304,79.22990417480469,11519700
2021-02-05,79.73696593491314,79.98075023602719,78.713076334058,79.08362579345703,10958000
2021-02-08,79.71745285936096,81.97001703651614,79.61018719000069,81.9212646484375,12394800
2021-02-09,81.27769653362608,81.91153729828048,80.35131902815951,81.24844360351562,10362500
2021-02-10,81.91151365985907,82.34057635021168,79.2786465538172,80.30253601074219,9869200
2021-02-11,82.30158487837605,84.48589022173414,81.9115284928497,84.32987213134766,18750400
2021-02-12,83.96906103712655,86.12411325755087,83.33522039824737,85.82182312011719,14273900
2021-02-16,87.0017234753417,87.0017234753417,84.88567799166636,85.55851745605469,10312800
2021-02-17,84.53465551856402,85.14898934363602,82.78915884639247,83.91056823730469,10033500
2021-02-18,84.3688721405167,86.52393202385393,83.82279765770194,86.33865356445312,19168100
2021-02-19,88.00613975027824,89.2153078975242,86.60193968269773,88.698486328125,21886500
2021-02-22,87.30403010908819,88.26941382946029,83.78378431128706,84.13483428955078,16077000
2021-02-23,83.12067388657367,86.98221542506177,80.39029481314715,86.03633880615234,23203200
2021-02-24,86.1046084932079,90.29769353928828,85.54878064646006,90.21968078613281,21281700
2021-02-25,89.24455292253329,90.78527147805502,85.4025174285151,85.92909240722656,22546200
2021-02-26,87.5088065710314,90.6292499438508,86.03635481743744,89.25430297851562,22787600
2021-03-01,92.18947557482574,93.36939074262041,90.268454021413,92.40400695800781,19908900
2021-03-02,91.24358453970773,92.5405187590686,88.63997008589148,88.82524108886719,18679600
2021-03-03,88.31818504010424,91.00956607355936,86.19238542666999,86.89448547363281,26424100
2021-03-04,86.60192461359867,87.5185558804057,79.8149712007631,82.23331451416016,31971100
2021-03-05,85.35375484558075,87.09925126335773,81.22892880466436,86.71894836425781,30329100
2021-03-08,86.36789665293256,87.4893058578558,82.75989219156841,82.93541717529297,22708300
2021-03-09,85.81206879611918,87.93786807070218,84.15433862480381,87.07975006103516,22301400
2021-03-10,87.77209795926088,87.77209795926088,83.18894883797833,83.28646850585938,23407800
2021-03-11,85.41225578052385,87.97687113783302,84.69065640319882,87.08949279785156,20716500
2021-03-12,85.39275936065451,86.32889012567115,84.28110361221563,85.58778381347656,21916400
2021-03-15,85.58778031825616,86.6994434610031,83.99830951751962,86.64093017578125,16144400
2021-03-16,88.49369811429706,92.32598748724826,87.86961092111929,89.15679168701172,28539000
2021-03-17,89.05928592676744,93.11585297706826,87.85986384793436,92.40400695800781,24616700
2021-03-18,90.65850616028945,91.15582821258727,87.18702012867998,87.58682250976562,27081000
2021-03-19,88.11340199766676,90.37572010704812,86.67994905806998,88.25967407226562,24963400
2021-03-22,89.54684936195969,90.12217672926606,87.4210500039705,89.0105209350586,19365800
2021-03-23,88.75697629574387,89.00076057274127,82.85740125623015,83.2767105102539,32043800
2021-03-24,84.89544068672976,84.98320690175962,80.85837334830661,80.93638610839844,24232800
2021-03-25,79.12262373701334,82.3308256903265,78.48878313376628,81.99927520751953,23630200
2021-03-26,82.0675524682479,85.94859445946004,81.94077986752204,85.80232238769531,23949100
2021-03-29,85.57802686724052,86.05584192341459,83.6374988429181,84.4371109008789,21772800
2021-03-30,84.1153294977782,85.0514602340197,83.13043892997699,84.38836669921875,13897000
2021-03-31,85.26599338336541,86.86521768805584,84.55414000202722,86.016845703125,25372300
2021-04-01,90.68774642175549,92.03343288391342,88.9812565697332,90.11241912841797,39700600
2021-04-05,91.59463050999058,92.31622989985472,90.17093119930476,91.41910552978516,19795100
2021-04-06,91.50686964609326,93.71068176193444,90.35621491271856,91.16557312011719,22847000
2021-04-07,91.90667677585812,92.70628894464869,90.23919313507677,91.62388610839844,17621500
2021-04-08,92.63803907668715,93.99347926379055,91.4483704371387,92.92082977294922,17815600
2021-04-09,91.99443430749879,93.00857782686622,90.99004424265867,92.93057250976562,14080200
2021-04-12,92.82331470972514,94.5493043222965,92.39425195056785,93.21336364746094,18818300
2021-04-13,93.89595378342757,94.41277526450523,89.12753388181993,89.85888671875,27102100
2021-04-14,89.3810787393189,90.22944333636619,87.28453228506997,88.41568756103516,19117400
2021-04-15,89.46882563523987,89.67360352594552,87.22600741182582,88.02561950683594,16017000
2021-04-16,88.19141344331092,89.05928498265139,87.8403634454084,88.40594482421875,12358700
2021-04-19,88.41568826344839,88.42544171857998,84.36886738978681,86.21188354492188,21361600
2021-04-20,86.18261777966312,86.73844565203456,84.37861555808608,85.30500030517578,17396900
2021-04-21,84.8954312615915,87.33327394601308,84.18358536397545,87.2650146484375,14781300
2021-04-22,86.00711695782184,86.163142515156,81.814030540525,82.60388946533203,34044100
2021-04-23,83.12069296422294,84.31036154028403,82.46735282481444,83.89105224609375,18118600
2021-04-26,84.32011086724671,86.10461364397214,83.96906089675298,85.65604400634766,14757700
2021-04-27,87.10901364247535,87.94763228530637,85.84133222246375,87.23577880859375,17681000
2021-04-28,85.48053064578795,85.57804287798668,83.22795865155345,83.89105224609375,19433500
2021-04-29,85.53903949154349,85.8998355072794,83.42299347596065,85.8705825805664,16463300
2021-04-30,84.76867225019824,86.28013779972088,83.43273168423498,83.9300537109375,14548100
2021-05-03,84.80769599051054,84.84670237703197,81.78477171232018,82.90617370605469,16300400
2021-05-04,82.04803389355382,83.31571508235913,79.99049404509451,82.31132507324219,17850500
2021-05-05,83.3644638615149,83.81302600927584,81.94076466913316,83.03292083740234,13172100
2021-05-06,82.75987916487851,83.00366341280647,81.20940747941016,82.69161987304688,13716900
2021-05-07,83.77404110806917,84.17384349469097,82.87690922255656,83.84230041503906,12746100
2021-05-10,82.83788888223741,82.88664871030203,78.79107610285155,78.83982849121094,24862900
2021-05-11,75.34885803656235,78.75209266676391,74.91004921498815,78.67407989501953,23227800
2021-05-12,77.17235858835909,77.98172426221737,74.51023815804368,74.89054107666016,23472600
2021-05-13,76.03144933814683,76.89932085854728,74.62724937718139,75.27084350585938,20153800
2021-05-14,76.8310586083229,78.15724575627462,75.16357493840705,77.71842956542969,18241100
2021-05-17,77.1333457046523,78.4205264221617,75.7876591398898,78.39127349853516,15011500
2021-05-18,78.54729251441303,78.90808846224132,76.84080267341453,76.91880798339844,20893800
2021-05-19,75.29034406983514,78.27426159050911,74.2664544498522,77.94271850585938,27300000
2021-05-20,78.49855071591521,79.46393453601162,77.54291291198952,79.11288452148438,17123000
2021-05-21,79.73695556882002,79.95148691626356,78.37176961182561,78.71306610107422,13076900
2021-05-24,79.39566849726148,81.54097478646162,79.33716264636634,80.83887481689453,15730400
2021-05-25,81.49221322607889,81.62873183508228,77.72818314422828,79.21039581298828,26272100
2021-05-26,79.55168015681672,80.39029859214153,79.00559836469738,80.19526672363281,12609800
2021-05-27,80.40981640628046,82.64288159221546,80.28305124260453,81.84326934814453,22286500
2021-05-28,82.12604742118353,82.62336942329569,81.15091032511572,82.04803466796875,11330300
2021-06-01,82.80864499563222,83.62776407031065,81.54097116440745,82.05779266357422,11067200
2021-06-02,82.29182471447707,82.71113399278757,81.37519339916896,82.2430648803711,10314200
2021-06-03,81.59947923309285,81.97978213677924,79.85398279426508,79.9905014038086,14742100
2021-06-04,80.90713098870323,82.2723244944544,80.79011185173962,81.677490234375,12591100
2021-06-07,81.12165077111126,82.13579416088298,80.59507588951605,81.95051574707031,9006400
2021-06-08,82.85741328225674,82.86716673786987,78.02073341739131,78.52780151367188,29666500
2021-06-09,78.17672849530942,78.5570313154945,76.56775101930084,76.70427703857422,21434900
2021-06-10,77.42589517991006,78.83008768912676,76.5775231374846,77.30887603759766,22683300
2021-06-11,78.07923163082353,78.75207864785524,77.24061308312507,77.36737823486328,12675700
2021-06-14,77.52340865887487,78.92760863038322,77.39664349911068,78.4887924194336,14303000
2021-06-15,78.63503757639816,80.8486024649721,77.93293783094218,80.13674926757812,22308600
2021-06-16,80.67310513949248,81.04365460321539,78.12799641098687,78.4887924194336,18116400
2021-06-17,77.71843936362407,79.41518361194146,77.38689625469061,78.63507080078125,16003900
2021-06-18,76.93832619379565,77.30887564969937,74.23719199669547,75.03680419921875,39881500
2021-06-21,74.93928487015296,75.3683475761361,73.82762916802002,75.15381622314453,19810100
2021-06-22,75.68041190852878,76.33375216113765,75.13433736183573,75.72917175292969,16771800
2021-06-23,76.15819650537952,77.88419312293526,76.12894358638786,77.0553207397461,16662200
2021-06-24,78.43026605387817,78.88858161580193,77.93294412075831,78.5765380859375,15721000
2021-06-25,79.54193919535045,80.78036013612552,79.07387007712538,79.9905014038086,19603800
2021-06-28,80.57557770060079,81.52146189915327,80.11726950268174,81.30693054199219,18365500
2021-06-29,81.46296018521177,81.7554968727854,79.83448289462937,80.86812591552734,18530800
2021-06-30,82.74039201121867,83.27672046057849,81.35569893795265,82.8671646118164,40670800
2021-07-01,80.19528771101696,80.20504116692118,77.92322350599761,78.11824798583984,53299000
2021-07-02,78.60580086479334,78.87883805771166,76.9285638914887,78.332763671875,22685500
2021-07-06,78.78133438349121,79.51268727516153,77.77694426928366,79.06412506103516,21126500
2021-07-07,79.65895756820649,79.77596926685696,76.01193920633891,76.27523040771484,23026900
2021-07-08,74.35420678340336,75.9436776402823,74.07141612057717,75.19282531738281,23114500
2021-07-09,75.48536850349643,76.98707313076989,74.82227496015109,76.78229522705078,15441100
2021-07-12,76.79204291812651,77.74768050346685,75.77789949031613,77.58190155029297,12639300
2021-07-13,77.30887739461157,77.52340877276346,76.1582151806477,76.49951171875,14263400
2021-07-14,77.37713944473829,78.75208654087731,76.37274926570689,76.53852081298828,15952300
2021-07-15,76.39226170652532,76.50928087490588,74.4419868717644,75.007568359375,16616800
2021-07-16,75.24158100961436,75.68038972174861,72.97925583150108,73.14503479003906,19132100
2021-07-19,72.00412404380909,72.8232431236763,71.38003685900838,72.7257308959961,23436900
2021-07-20,72.80375603297884,74.03242370213316,71.9358769718514,73.5156021118164,14855800
2021-07-21,73.47658717354724,75.31959590246116,73.4668337183443,75.27084350585938,15945800
2021-07-22,74.33473080317205,74.35423027862593,72.608733357025,73.65213012695312,19042200
2021-07-23,74.04214931832519,74.14941497859152,73.0377594446537,74.0519027709961,12345200
2021-07-26,73.92515436884784,75.55363927077289,73.6326176504419,74.4029769897461,12023900
2021-07-27,72.93051512443277,72.93051512443277,70.70720340599854,72.37468719482422,23940500
2021-07-28,72.69649349493434,74.12019315425279,72.53071448880159,73.671630859375,14348300
2021-07-29,74.18843705692825,75.2025805979876,74.06166446447949,75.16357421875,14529400
2021-07-30,74.23720001478918,76.16797514340688,74.16894070133692,75.65115356445312,12528900
2021-08-02,77.0748261035703,77.5136347590759,75.54386137609566,75.70963287353516,14904200
2021-08-03,76.9090582996554,79.05435673580584,76.00218058698078,78.84957885742188,25807600
2021-08-04,78.4497684587094,81.02412953646429,77.5623976597925,79.94173431396484,29176900
2021-08-05,80.09774581887238,81.00462344985556,79.14211580583031,79.46390533447266,14821000
2021-08-06,79.18113757021833,80.81936836186384,79.03487294215692,79.96125030517578,14612600
2021-08-09,79.69795654116933,80.00024665419889,78.08897887689515,78.21574401855469,13363300
2021-08-10,77.83544141528766,77.83544141528766,73.88613326605108,74.02265930175781,40705000
2021-08-11,74.1494492742107,74.15920273139278,71.88713078898795,73.16455841064453,31624900
2021-08-12,70.38539468244073,70.40489415055659,67.09918004686007,68.50337982177734,72492400
2021-08-13,68.30837355791803,69.46878193207357,68.14259455614655,69.15673828125,25301400
2021-08-16,68.45464269935373,69.97586210669374,68.18160541692828,69.16649627685547,18135900
2021-08-17,68.42538353878312,69.67355811036697,67.87930902364201,69.02021789550781,17545800
2021-08-18,69.4785382774228,70.0928721481073,68.82519801880005,68.86420440673828,14004300
2021-08-19,68.39611232811494,69.05920582199397,67.32346305735027,68.53263092041016,18022600
2021-08-20,68.39611288519068,69.2639842745812,67.85003851156212,68.48387908935547,14603100
2021-08-23,69.078712053195,70.09285558075962,67.18695104343378,69.95633697509766,22265000
2021-08-24,70.3463943592056,70.8827227748567,69.90758561164098,70.19037628173828,18092700
2021-08-25,70.98022123841405,75.11479992553377,70.38538708902905,72.19914245605469,36552100
2021-08-26,71.40930884756352,71.41905486412381,69.91734250632955,70.96073913574219,20315100
2021-08-27,70.65845893867899,72.30644361465396,70.356168709011,72.16017150878906,14994200
2021-08-30,72.27717238997498,72.89150615148581,71.01924450141867,71.3410415649414,12810700
2021-08-31,71.84808476461643,72.76471580165999,71.49703489679992,71.86758422851562,14807400
2021-09-01,72.47219630979433,72.47219630979433,71.20451497560178,71.88711547851562,14007100
2021-09-02,71.38978489127759,72.16989753287805,70.51216002940343,72.150390625,14803300
2021-09-03,72.16013955972986,72.86223940525842,71.77008326335788,71.97486114501953,9222500
2021-09-07,71.92611642333353,72.63796235835038,71.34103563627293,71.80909729003906,12028400
2021-09-08,71.38004538056693,71.41905176423693,69.34201205183147,70.4731674194336,17375500
2021-09-09,69.84905994377841,71.44828401285162,69.6442820685598,71.05823516845703,14638100
2021-09-10,71.9358759628669,73.74963195155831,71.63358577798742,71.67259216308594,18240600
2021-09-13,72.70623515585399,73.34982934888407,71.69209146483237,72.50145721435547,15796700
2021-09-14,71.95537831733486,72.27717539423335,71.09726021864569,71.66283416748047,13945100
2021-09-15,71.13625473993957,72.0918924556517,69.97584654764682,71.98462677001953,15258800
2021-09-16,71.47755597349443,73.09627977164178,70.97048048994994,72.77448272705078,12867700
2021-09-17,72.55997108298364,72.64772987015654,71.49706754241006,72.45270538330078,20449600
2021-09-20,70.79494843710913,70.95097393637714,69.42000906340986,70.57067108154297,23228300
2021-09-21,71.10700322973453,71.31178115009654,69.87833570756244,70.34639739990234,16026800
2021-09-22,71.2240196579601,72.72573178975004,70.83396330273959,72.13089752197266,16996100
2021-09-23,71.77983325959812,72.93049518663906,71.42878335374124,72.19914245605469,17304500
2021-09-24,71.47755522718731,72.64771681749274,71.25327041186402,72.20890808105469,14804300
2021-09-27,71.81886267446752,73.99341465821055,71.68234404946604,73.31082153320312,18435200
2021-09-28,72.647725381034,73.12554055210006,71.24352535537896,71.28253173828125,27311500
2021-09-29,69.39076401211548,71.49705641317995,68.47413269922018,69.85882568359375,38169200
2021-09-30,70.50332836084846,70.89393002450362,69.1948213552268,69.31200408935547,16923300
2021-10-01,69.66353573876047,69.8881341113184,68.45267731525345,69.32176208496094,17813800
2021-10-04,68.9409150420076,69.88812146116426,68.70655707183762,68.96044921875,19525700
2021-10-05,69.53657594275602,69.53657594275602,67.97417716681957,68.84326171875,14512100
2021-10-06,68.15970782262356,68.72607220078352,67.40779859714412,68.29641723632812,17899300
2021-10-07,68.7456376310708,69.98579000499974,68.47221867934522,68.8823471069336,15236100
2021-10-08,69.2631690023858,69.2729360917575,68.06207031328037,68.47220611572266,13666200
2021-10-11,68.2573737863918,68.70656303910768,67.55429236471262,67.59335327148438,12700200
2021-10-12,67.75935355837515,67.79841446342945,64.12677133949114,65.152099609375,36911700
2021-10-13,65.17163197334499,65.83565251648521,64.6736221535697,64.8200912475586,17532400
2021-10-14,65.69893415415619,66.48013731667369,65.23997785493506,66.20671844482422,15541600
2021-10-15,66.48991516210424,66.85122302747557,65.89425671395212,66.08955383300781,11786100
2021-10-18,65.43528776464936,66.04071318790729,64.73220635044754,65.67941284179688,11849300
2021-10-19,65.78681964375029,66.29459645803135,65.07397123609071,65.98211669921875,16930300
2021-10-20,65.62080225805695,67.57380241395275,65.43527230931781,66.66565704345703,19457800
2021-10-21,66.35317486732646,67.08554989875437,66.07975604761003,67.02696228027344,11140700
2021-10-22,66.90003852087966,67.46640304026465,65.50364277546868,65.92353820800781,17892100
2021-10-25,67.98394819733332,69.44869853161862,66.92932616862258,67.14415740966797,23341300
2021-10-26,67.73982644458,68.17924858624941,66.86097471113534,67.31993103027344,14267900
2021-10-27,66.90977898569092,67.07578965338635,65.86492424834483,66.63636016845703,13541900
2021-10-28,67.66169930376967,68.69678712487875,67.55428368647284,67.94488525390625,16966000
2021-10-29,66.78284393713284,67.91558767487994,66.44107037836598,67.47615814208984,11440900
2021-11-01,67.34923272526645,69.30223349468066,67.3199389057423,69.03857421875,11988400
2021-11-02,68.83350869792925,69.18504942561923,68.39408651337006,69.09716796875,9761100
2021-11-03,69.0580939140563,69.65375961979949,68.60890472531808,69.57563781738281,10266900
2021-11-04,70.6693310967495,70.77674672834758,69.37058387841357,70.5423812866211,15936600
2021-11-05,71.28451218223498,72.00712021969672,70.65955267144022,71.20639038085938,13019300
2021-11-08,71.59699551728912,73.26680999212742,71.40169845419082,72.80785369873047,18742300
2021-11-09,73.33516141103445,74.47766482399771,72.80785042425792,73.81364440917969,20127300
2021-11-10,72.41726597358257,73.38399918654905,71.47981912755354,71.68489074707031,15228300
2021-11-11,72.2805291687291,73.19844158383464,71.88993511559008,72.79808044433594,12192600
2021-11-12,73.25705523614977,76.18655637641356,73.18870050754788,75.48348236083984,26553200
2021-11-15,75.9326508790984,76.44042765985377,74.79990717187586,74.97567749023438,12650700
2021-11-16,74.76084172243054,75.33698062813066,73.99917287261019,75.00496673583984,11807600
2021-11-17,74.68273321820296,74.77061465385005,73.42304715652823,73.68669891357422,11600500
2021-11-18,75.09287721815448,75.67877592887288,73.9699003433822,75.21005249023438,16848200
2021-11-19,77.07515500205939,81.88930090618283,77.07515500205939,81.07880401611328,47216100
2021-11-22,81.69403089375977,85.60979231839897,81.69403089375977,81.88932800292969,34775200
2021-11-23,83.04159287461819,85.64884709068733,82.34827850162452,83.40290069580078,31823300
2021-11-24,82.75839262169133,85.1117616988425,82.62168318859017,84.18408203125,21666100
2021-11-26,81.17644696331728,82.07483267680661,80.05347785913793,81.45963287353516,16487200
2021-11-29,82.39708777296406,84.2426726351205,82.1822639777214,84.11573028564453,18889800
2021-11-30,83.56889610165602,84.8774029063047,81.97719587049852,82.0260238647461,27301000
2021-12-01,84.51611174071097,86.95736271588913,83.00253315605781,83.14900970458984,31633400
2021-12-02,80.68820984686802,81.6256491565072,79.43829076734912,80.93233489990234,22994500
2021-12-03,81.74283194251893,82.44591328794999,78.74497658638204,79.70195007324219,19167200
2021-12-06,79.90703329275335,81.27413540732103,78.6375797327747,80.51245880126953,15094900
2021-12-07,82.43614986118781,84.9945832151157,82.34826841415838,83.81301879882812,21716900
2021-12-08,83.4321707614602,84.31101488962196,82.05530204715896,83.99853515625,12908500
2021-12-09,83.29546606398642,84.5063241681574,82.64120529913713,82.93415832519531,11964300
2021-12-10,82.35804874853673,83.66656329504879,82.15298453716473,83.52985382080078,11955900
2021-12-13,84.57466708834912,85.32656882357095,82.22129847077355,82.3677749633789,13054400
2021-12-14,81.26435554363431,82.77792652712763,80.96164283695684,81.33271026611328,12082500
2021-12-15,81.51822519633515,83.77393786538345,80.13158950162594,83.6469955444336,13971500
2021-12-16,83.861833830994,84.291496299631,80.19995810994288,80.7468032836914,16503200
2021-12-17,79.70195470950833,81.33270837217977,79.03793422798682,81.04952239990234,23165900
2021-12-20,80.2097181590024,81.29363387332172,79.00862719995963,80.10230255126953,22346800
2021-12-21,86.89876145145496,88.99823863094234,85.2973015215451,88.5490493774414,58363600
2021-12-22,87.8850116594449,88.35373499967469,86.83038973150641,88.2170181274414,18593900
2021-12-23,88.56856697630334,92.76752090245671,88.22679338931538,92.2011489868164,36400100
2021-12-27,91.51761550467388,92.69918005366489,90.55088222824608,92.21092987060547,17110100
2021-12-28,91.54689848784649,91.68360792691323,89.8966106804051,90.75593566894531,13683800
2021-12-29,91.79102281170762,94.4763984790714,91.70314136591732,93.91002655029297,32234600
2021-12-30,92.18164157014263,93.26555763743228,91.23443496628529,91.68362426757812,19327800
2021-12-31,91.88889980037442,92.29946543508247,90.94068336446558,91.05799102783203,13660600
2022-01-03,91.80092142271874,93.6875692671092,91.38057829964512,93.59959411621094,18705500
2022-01-04,93.45295962270943,94.42072355436333,91.43922665472978,94.17633819580078,19725000
2022-01-05,93.23790901407517,96.23896123112168,92.23104242533401,92.27992248535156,28613100
2022-01-06,92.96418033221357,94.538022492857,92.00619399150368,93.5018310546875,22320300
2022-01-07,93.93194064598951,95.00724205054283,91.83023280156769,92.32877349853516,14857900
2022-01-10,92.14304213668372,93.52137144827476,88.99535805610614,91.7813491821289,20290000
2022-01-11,90.38347642443088,92.15282396158557,89.59167028160236,92.08439636230469,14924900
2022-01-12,93.02285619530004,94.0688253410566,91.6738441017476,92.9739761352539,13339200
2022-01-13,94.33276043725796,95.90660294378785,93.15971354975568,93.47252655029297,23679800
2022-01-14,92.31901229554171,95.24185899623131,92.27990974453645,95.17343139648438,18385000
2022-01-18,93.3845274498835,93.79509304224143,90.46168079278932,90.78427124023438,19900500
2022-01-19,91.61517663884443,92.65136808466632,87.75388382630773,87.97872161865234,19043800
2022-01-20,88.25242842583893,88.30130847464262,83.02258389992171,83.15943908691406,24701300
2022-01-21,82.32854432534761,83.22788069359066,79.6891778645696,80.08997344970703,29716300
2022-01-24,78.46724767781218,81.17504162830022,75.89631638958048,81.0870590209961,29757100
2022-01-25,79.10264028674573,80.56895223824122,77.86116611602077,78.90713500976562,22128400
2022-01-26,81.38033371177809,82.88574858771875,78.79962462675131,80.12908172607422,21018700
2022-01-27,81.6344808839258,81.82020867044788,76.62946644673704,76.95205688476562,22694000
2022-01-28,75.63238514654847,77.4994854495926,73.82392748624756,77.48970794677734,24434600
2022-01-31,77.18665826749972,80.4614200508934,76.26776708137119,80.42231750488281,21898200
2022-02-01,80.3538988363513,80.53963408601355,78.61387636493309,79.62074279785156,15237400
2022-02-02,81.05772027387788,82.79774254023299,80.68625727637951,82.61201477050781,19862800
2022-02-03,80.81335782511536,83.26698919404883,79.87491883583745,80.12908172607422,19598200
2022-02-04,79.39589542282584,80.3441115558161,78.0468838282429,79.34701538085938,15657500
2022-02-07,79.53277282342233,80.19750130653057,78.67253903389086,79.05377960205078,11799800
2022-02-08,79.32748253444235,82.50449194157983,79.18084983942627,82.23078155517578,18315700
2022-02-09,82.700017720403,86.78614189941312,81.68337356325615,86.1409683227539,22386900
2022-02-10,87.18691972800904,92.51451736717773,86.49286622996654,88.97581481933594,33820700
2022-02-11,89.22996961764906,92.45585892510252,86.95229657454608,87.74411010742188,31000000
2022-02-14,89.92402591194677,91.07752499318248,86.71769150527088,87.84186553955078,23499100
2022-02-15,88.96603468547741,94.33273426691692,88.96603468547741,93.84396362304688,27069700
2022-02-16,92.3190137167749,94.32296914481401,91.46854999992811,93.90262603759766,15573600
2022-02-17,92.90554648049493,93.84398543992822,91.39035414902614,91.62496948242188,17943300
2022-02-18,92.4069745576741,92.5536072389869,86.90341992237762,88.76074981689453,19530500
2022-02-22,87.82232586290216,91.85957708082951,86.6786040837331,88.53593444824219,24825700
2022-02-23,89.41572010667198,89.80673818913523,85.11453611567549,85.3491439819336,19135400
2022-02-24,82.24055030834505,86.94252922859374,81.90818983236976,86.83499908447266,24472300
2022-02-25,85.98454653755645,88.44795521076675,85.31981804171157,88.07648468017578,15008700
2022-02-28,86.46353853086903,87.73434540293351,85.20251661963738,86.86433410644531,17269800
2022-03-01,86.57106413747985,87.82231593821629,82.75865863775131,84.32272338867188,20794800
2022-03-02,85.21229362168648,91.95733168941405,85.0754384037426,91.20462799072266,28398700
2022-03-03,89.56233476271987,90.11953299402423,86.40487314662985,87.17713165283203,22099800
2022-03-04,85.4566751753147,85.4566751753147,78.71163740985207,80.07042694091797,28211500
2022-03-07,79.9237918797809,81.10661615173946,73.93145795518524,73.99988555908203,26715500
2022-03-08,74.5375423838752,78.44770854171783,72.26964631064847,75.42710876464844,28343200
2022-03-09,78.17397948831402,78.68229768624525,75.79855381476496,77.6558837890625,19647900
2022-03-10,75.99406230939704,75.99406230939704,72.15232451322628,74.0194320678711,21692000
2022-03-11,74.9383254441346,74.97742053608125,71.00860493715022,71.18456268310547,22786500
2022-03-14,70.13859814495784,70.85220667591861,67.41125663919844,67.84137725830078,24893400
2022-03-15,68.47678128643658,71.87862134255127,66.80517885042664,71.46805572509766,22851000
2022-03-16,74.75259252912237,77.91982459711427,74.43977957744477,77.88072204589844,35742800
2022-03-17,76.44374339075665,78.77029696659481,75.46620187702294,78.71163940429688,21612200
2022-03-18,77.32352112871293,79.37635652082855,76.3068772056164,77.6265640258789,28601200
2022-03-21,77.21597302677442,78.09576154969825,73.83368155690914,76.59034729003906,30878200
2022-03-22,75.95495665823,77.93937177848791,75.76922888115877,77.34307098388672,16768000
2022-03-23,76.11140090869796,76.46331653375643,73.39383604923115,73.95103454589844,28059800
2022-03-24,74.19538838561496,76.7760968983278,73.6284126246883,76.45350646972656,23348000
2022-03-25,76.51217331442524,76.54150582548704,73.44269346503198,76.34599304199219,22491000
2022-03-28,76.8249703477845,78.37926495691465,75.5346160770201,78.06645202636719,26605300
2022-03-29,80.25613271803637,80.6960307421261,77.47991923145106,80.20726013183594,41290700
2022-03-30,82.40675760894996,84.3031831895981,76.83476616654373,77.38219451904297,70087000
2022-03-31,75.9256409863176,78.16421175327541,75.1045097659746,76.14070129394531,34588600
2022-04-01,76.66855329822724,77.13777633547313,72.396695754098,74.46908569335938,33536100
2022-04-04,75.17294782691718,76.42419983660955,74.79170721327812,75.92565155029297,24305700
2022-04-05,74.98720760766234,76.267784586729,72.63133646966605,72.93437194824219,21171400
2022-04-06,71.53647776813425,73.20807261617712,69.86488292009136,72.12300109863281,28080100
2022-04-07,72.0154721112501,73.00279099928925,70.51005748195792,71.63423156738281,22658600
2022-04-08,70.96859971102637,71.31120525046595,69.33387651695703,70.61620330810547,20562600
2022-04-11,69.05978051783346,71.36993100858912,68.60949049200465,70.50851440429688,21127900
2022-04-12,71.25246459268557,72.03556178720822,70.05823334268102,70.43999481201172,18658500
2022-04-13,70.83156099421733,72.1921998239484,70.3421223513431,70.85113525390625,18892000
2022-04-14,71.02734655265957,71.27206591919241,68.60951801639612,68.64867401123047,18543500
2022-04-18,68.7661265988353,70.57704801206039,68.57035413673988,69.6471176147461,17476700
2022-04-19,69.46112404765022,71.85937762826185,69.27513499294116,71.19374084472656,15139000
2022-04-20,72.25092428771795,74.61981280546772,71.35035904929562,71.65380859375,19042600
2022-04-21,72.40756079983393,72.916573750046,69.15768820565677,69.42198181152344,17645300
2022-04-22,69.14788532721542,69.48070746118727,67.84597684910985,67.9438705444336,18682400
2022-04-25,66.97478944870309,68.68782488676057,66.49514161715472,68.63888549804688,20072100
2022-04-26,67.23907886462004,67.69915235453269,65.62392995237546,65.6630859375,18628700
2022-04-27,64.73314922923836,67.0335167191317,64.46885566031482,65.06597137451172,17123600
2022-04-28,66.2210505832249,69.31429895580845,65.64350909496717,68.6976089477539,21058400
2022-04-29,67.64039263018599,69.82329141398425,66.58320378059118,66.74961853027344,16843500
2022-05-02,66.72027129221831,69.24576870739537,66.15252074294034,69.10872650146484,15342800
2022-05-03,68.98147737672245,70.44000231145435,68.71717635089941,69.75479125976562,13539100
2022-05-04,70.25402006808653,72.33903348290447,68.6780344963419,72.06494903564453,17201900
2022-05-05,70.78262373890679,71.02734309352145,68.87381576020925,69.78417205810547,16603600
2022-05-06,69.0597936046049,70.39106727420506,67.4348537700303,68.864013671875,15159800
2022-05-09,67.73831105017149,69.89184574618051,66.05464824626262,66.4951400756836,21770900
2022-05-10,68.10048467764153,69.0989361088201,66.18188631332025,67.45442962646484,17662700
2022-05-11,67.20970404100322,69.38280488992022,65.40856632647447,65.54560852050781,17237300
2022-05-12,64.6058908932341,67.4446360776454,64.47863955428349,66.27976989746094,27022900
2022-05-13,67.64042223690934,71.0958580285156,66.58323292457479,70.4008560180664,22872000
2022-05-16,69.99953221590219,70.51833609672299,68.83466559940386,68.98149871826172,13394700
2022-05-17,70.723891809495,73.1515110358335,70.62600556361467,72.90679168701172,17671500
2022-05-18,71.63423050520323,72.65226364264282,68.60949621261754,69.54922485351562,20635100
2022-05-19,69.26536345561271,70.18550308725138,67.59148408140452,67.93408966064453,17558000
2022-05-20,69.10872937929969,69.19683221148959,64.71357280724078,67.44464111328125,20313300
2022-05-23,67.31738474090008,68.71717949765653,67.07266543005623,68.12006378173828,12356200
2022-05-24,66.91605106781452,66.9649979188253,64.61569096688496,65.21280670166016,18764500
2022-05-25,64.53736970900675,67.39568914638816,64.50800458992076,66.43639373779297,16241200
2022-05-26,64.98765452429069,69.53943484481229,64.9484985414191,69.10872650146484,14902500
2022-05-27,70.24422482156257,71.88873869592155,70.12675687759413,71.77127075195312,13078700
2022-05-31,71.91810891279947,72.90677697362311,70.41063713209263,72.28028869628906,15453000
2022-06-01,72.92635990450965,73.79756011664786,71.01755212920489,71.99642944335938,13595400
2022-06-02,71.5852940950721,73.81714060723911,71.5852940950721,73.77798461914062,11373200
2022-06-03,70.17572782371164,70.17572782371164,67.65022217278423,68.46269226074219,30306600
2022-06-06,69.24578176125921,70.61621154715112,68.53120547680456,68.96190643310547,13198700
2022-06-07,67.19994113021721,69.37305035125667,66.68113725583694,69.26537322998047,14328000
2022-06-08,68.36476825686212,68.91294447259725,66.32870970834577,67.15096282958984,16363000
2022-06-09,66.50491517471268,67.23907302853453,64.60589113632338,64.6254653930664,15073700
2022-06-10,63.47039570294027,64.17518850006635,60.964472396039106,61.29729080200195,26626900
2022-06-13,58.75221290313284,59.67235617244059,57.34263100957454,57.597137451171875,24278600
2022-06-14,58.106153277758445,58.60537902468743,56.500795209522096,57.4600944519043,17036000
2022-06-15,58.076786687131225,58.810944594952986,56.33438271336583,57.871219635009766,19726200
2022-06-16,55.79600120411571,55.79600120411571,53.104088865320655,53.8480339050293,22706200
2022-06-17,54.719228375282334,55.13035494230183,52.46780818176556,54.57239532470703,24139800
2022-06-21,55.61980153311759,56.69656494645707,55.149940930890175,55.600223541259766,15502800
2022-06-22,54.777969905601026,55.93304535704888,54.425573498837906,55.14994430541992,13513800
2022-06-23,55.414236008515545,55.629590176237905,53.799087218837826,55.032474517822266,13366600
2022-06-24,55.94283665779471,57.753758087220405,55.923258664585944,57.20558547973633,15647600
2022-06-27,58.321511197638124,58.78158098842058,57.13706682932106,57.53840637207031,16159900
2022-06-28,57.734174006857494,59.3101668198554,56.58888953080014,56.63783264160156,19393600
2022-06-29,56.02114873319264,56.30502405298064,54.1514931960948,54.836708068847656,17351400
2022-06-30,53.828459835227285,55.218463691748354,53.074723929631396,54.11233139038086,29572400
2022-07-01,52.16436918945,52.82021515005563,50.31429179715014,52.51676559448242,43681700
2022-07-05,51.07781687708267,55.68832797943807,50.98971777233165,55.531707763671875,33745900
2022-07-06,55.64917501845499,56.892349682387135,55.26741345514525,56.1581916809082,23565000
2022-07-07,57.85163762055401,58.05720465838336,56.61825406417771,57.60691833496094,22945500
2022-07-08,57.10182180250628,59.26937541396832,56.98412384119635,58.004150390625,19283000
2022-07-11,56.99393300306616,57.48432994339001,56.601613954234395,56.6996955871582,13941800
2022-07-12,57.29797154532232,58.92609283217362,56.98411783112798,58.04337692260742,21523100
2022-07-13,56.27794835422752,58.27876482941376,56.258332029582476,57.729522705078125,13987600
2022-07-14,56.82719434596671,58.51416096593379,56.219103206312006,58.210113525390625,14803800
2022-07-15,60.2991971465228,60.514972961071074,58.2591481649585,60.348236083984375,20317800
2022-07-18,60.89749528252643,61.132887472030575,58.98494637013802,59.28899383544922,13233000
2022-07-19,60.2893957430725,61.55461689444555,60.20112415191332,61.201534271240234,19103700
2022-07-20,61.02499596666331,62.30002725309614,60.66209953987395,62.084251403808594,15176200
2022-07-21,61.39769803235648,62.456957264206146,60.74056790037825,62.417724609375,12924700
2022-07-22,60.11286163330078,61.71155306573232,59.83823678522918,60.11286163330078,22201700
2022-07-25,60.17169670069608,60.642481005946024,58.553389214088,58.994747161865234,14479400
2022-07-26,59.151681503027746,59.52438049149369,58.406276043232246,58.514163970947266,11044800
2022-07-27,59.32822664581708,61.191732873419745,58.46512693728646,60.70133590698242,14589800
2022-07-28,61.05441182923677,61.10345076916677,59.033975327811824,60.87786865234375,10120300
2022-07-29,60.17170236390585,60.897491473163576,59.60284386545559,60.67190933227539,14199700
2022-08-01,61.299615462174295,62.76099994102243,60.8092185384769,61.33884811401367,13347200
2022-08-02,60.56401467354692,62.08424425309868,59.71072515003859,61.27018737792969,11535800
2022-08-03,61.29962461003998,63.29063522011578,61.240775623498756,63.016014099121094,12290100
2022-08-04,62.88850163953889,63.741787463151134,62.42752735269126,63.60447692871094,11338400
2022-08-05,61.6526988074558,62.00578517374594,60.613056033538314,61.260379791259766,15047100
2022-08-08,60.799412598626034,61.41731003223533,59.80880871181406,60.26978302001953,11454300
2022-08-09,57.86682979253336,59.377253027434485,56.63103134488862,58.01395034790039,33107200
2022-08-10,58.847624717299254,60.37766430686427,58.24933993404438,60.22073745727539,17418400
2022-08-11,60.809212249095815,62.86887761902496,60.809212249095815,61.12306594848633,18298500
2022-08-12,61.45654212292396,64.16353148646623,61.034800470637684,63.79083251953125,16194000
2022-08-15,63.457359313964844,63.869298419317836,62.662918687325615,63.457359313964844,9689100
2022-08-16,62.88851148531635,63.320055739892254,62.00579542367278,62.63350296020508,9275400
2022-08-17,61.603658992254054,61.603658992254054,59.59302873954926,60.4365119934082,14728400
2022-08-18,60.5640174407621,62.20194129873854,60.07362053840775,61.77039337158203,11303900
2022-08-19,60.65228928770524,61.054414599668284,59.12224959901509,59.34783172607422,14050300
2022-08-22,58.41609027286469,58.46512922313935,56.85662770896531,57.19009780883789,13096800
2022-08-23,57.229308877241586,58.15125731719671,56.65064046502137,56.748722076416016,12769100
2022-08-24,56.7683561018981,57.44510259512535,56.2583427878911,57.19009780883789,9961300
2022-08-25,57.4745230640623,60.09324481467339,57.454910477832776,60.02458953857422,12171600
2022-08-26,59.89708094102668,60.044201517115496,56.50353507146446,56.52315139770508,15754000
2022-08-29,56.20929546195675,56.88604185434306,55.434467442204024,55.91505432128906,11607600
2022-08-30,56.37602592244411,56.68987963215627,54.512519988707055,55.21868896484375,12743700
2022-08-31,54.91464529087518,56.06217221554958,54.7381021114743,55.444271087646484,14172200
2022-09-01,54.1986631059217,56.29756495610018,53.737692569503096,56.209293365478516,17594500
2022-09-02,57.18028464225654,57.67068160100905,54.924459380281355,55.24812316894531,12809700
2022-09-06,55.24811831827841,55.60120095477754,54.07116497231999,54.16924285888672,12133300
2022-09-07,54.24771200698292,54.649837356704204,52.972676942637186,53.94366455078125,17030600
2022-09-08,53.44346714205543,54.8459991313753,52.70787163605674,54.32617950439453,18415300
2022-09-09,55.09119466428069,56.57219563174279,55.09119466428069,56.3368034362793,13925600
2022-09-12,56.35640983264081,57.02334990391489,55.934668206940096,56.82719039916992,10711500
2022-09-13,54.630221112153855,55.15985071739531,52.11938737508578,52.59016799926758,22361800
2022-09-14,52.854983882570636,53.18845396586324,51.45244827414279,52.0899658203125,19984900
2022-09-15,51.68784195609677,52.423437419206024,50.98166911425364,51.67803192138672,15620800
2022-09-16,50.89339211309748,51.99188017394013,50.50107681922661,51.83495330810547,24901700
2022-09-19,50.97185329433848,51.75648756005384,50.88358170560605,51.0993537902832,19251400
2022-09-20,50.54030460479892,50.59915358121405,49.61835975621779,49.82432556152344,19373800
2022-09-21,48.784696529068746,51.50149269027666,48.76508019956497,49.137779235839844,31117300
2022-09-22,48.84354455116685,49.40259687877371,48.4021864658371,48.706233978271484,21317000
2022-09-23,48.33352843334647,49.18682193031543,47.51947133681736,49.137779235839844,24591700
2022-09-26,48.971036857427514,49.490856396716566,47.87254880138152,47.94120407104492,19266800
2022-09-27,48.86314941721531,49.677210110427254,48.45121779517912,49.60855484008789,17297500
2022-09-28,49.147571525070816,50.206826745772126,49.13776149314499,50.020477294921875,17784300
2022-09-29,49.078922054838046,49.33392679351616,48.27467144790449,49.049495697021484,25582100
2022-09-30,49.56933100205834,51.06013837145471,48.853351811615816,49.137779235839844,38917700
2022-10-03,50.030302694617816,52.070356108403104,49.66740994480438,50.72666931152344,24632400
2022-10-04,52.53131829269729,53.757310566450606,51.64860235902231,52.92363357543945,24275500
2022-10-05,51.86437741080794,54.13981873711068,51.16801096637683,53.6788444519043,20418300
2022-10-06,53.35518128915269,54.05154395100206,52.2763059234881,53.570953369140625,17149400
2022-10-07,52.64215466742272,53.71347571202337,51.610145301577845,52.003292083740234,21977700
2022-10-10,52.16054521882793,52.21951835549148,49.8999608039449,50.499507904052734,17227400
2022-10-11,49.77218439709019,53.841236836051,49.46749925027066,52.789573669433594,32813700
2022-10-12,52.681471119493565,52.84855982931596,51.492207432218706,51.846038818359375,18131900
2022-10-13,50.47002057419684,54.961704809359794,49.870477210191055,53.91987228393555,27605000
2022-10-14,54.29336702301977,54.48993667154369,51.69860492019089,51.816551208496094,20403000
2022-10-17,53.66432356552621,54.04764332256833,51.944313146767996,52.58317565917969,18261700
2022-10-18,54.067306377559504,54.19507965139444,50.77471595052504,51.64946365356445,19774800
2022-10-19,51.1973448249634,52.514381678036585,51.16786012840953,52.12123489379883,14786100
2022-10-20,52.58317744813521,54.155756956199795,52.258830815601414,52.77975082397461,15711800
2022-10-21,52.57335397303766,55.31553943878867,52.42592299399355,55.089481353759766,20199200
2022-10-24,55.26639912644876,55.83646160110808,54.12627792645581,55.27622985839844,15293600
2022-10-25,55.70868382788901,56.05268443180706,54.39164705252003,54.91256332397461,17313000
2022-10-26,55.11895676113845,56.45564724129898,54.018147543136145,54.499752044677734,23511300
2022-10-27,54.42113216736916,55.26639508560645,51.22682689455291,51.315284729003906,27335800
2022-10-28,50.94180291418345,53.50707279019584,50.57814082025709,53.113929748535156,19171100
2022-10-31,52.9861470790125,53.98866784378153,52.25882676951633,53.172889709472656,15932500
2022-11-01,54.145930355477134,54.48993095362187,53.18272493134655,53.91987228393555,11729700
2022-11-02,53.801936872362134,55.30571647072672,52.504553910853964,52.53404235839844,17302700
2022-11-03,51.80672100123919,53.438273846063886,51.02043115120182,52.56352615356445,12769200
2022-11-04,54.31301911845695,55.934744908224545,53.880560657537536,55.19759750366211,18882700
2022-11-07,55.462974558496335,55.846290633437356,54.50959598797321,55.59074783325195,11411300
2022-11-08,56.396687160219386,56.87828799182937,55.51210884802208,56.50480270385742,14190100
2022-11-09,55.25657626964432,55.67920779122042,54.558740472813994,55.010860443115234,19952500
2022-11-10,57.59578752263811,59.34528673531653,57.06504419342139,59.2371711730957,24982500
2022-11-11,59.61066264497063,62.09730567762582,58.85385742865686,61.44861602783203,17579400
2022-11-14,60.87854090977865,61.674661394670146,59.94482393593312,60.721282958984375,13988200
2022-11-15,62.4118159253156,63.33570977322732,61.35032182328743,62.01866912841797,16325000
2022-11-16,59.492713174120986,60.328149212215095,57.12401281788038,57.86116027832031,25901900
2022-11-17,56.31806900428164,57.979110459426416,55.541606060712546,57.733394622802734,14212300
2022-11-18,58.53934318751675,58.63762802398131,57.104359829581426,57.57613754272461,9703700
2022-11-21,57.02572873042029,57.02572873042029,55.8462920285282,56.18046569824219,9968400
2022-11-22,56.56378077808445,57.67441732966081,56.00354901076846,57.61544418334961,8955700
2022-11-23,57.241964929957376,58.04791260202035,56.760360223809386,57.92013931274414,8996800
2022-11-25,57.664588985710324,58.116708960837734,57.38938845684443,57.4090461730957,4360500
2022-11-28,56.33771927881831,56.770177744390054,54.5194238277336,54.79462432861328,15512600
2022-11-29,54.755316006212425,55.55143666478155,53.831425812410544,54.1754264831543,12874200
2022-11-30,52.66181431746779,56.691552110812246,51.70843577273661,56.66206741333008,31461400
2022-12-01,56.83898165176449,56.927435741962086,54.15576176933528,54.53908157348633,21764200
2022-12-02,53.40878444335477,54.47027471006279,52.465236706430886,53.742958068847656,15946500
2022-12-05,53.438272664172075,54.322851069228534,52.779756100994454,53.113929748535156,13806900
2022-12-06,52.93700935422427,53.69381442242842,52.327635256844765,52.760093688964844,17988000
2022-12-07,52.209696219724556,53.31050578937999,51.541348891478705,52.897701263427734,11367300
2022-12-08,53.62502310977156,54.74548667421988,53.12376072610197,54.25405502319336,13609100
2022-12-09,53.74296010046108,54.90273897693616,53.58570213836237,53.92970275878906,9932200
2022-12-12,52.60283269076254,54.43095862637894,52.42591703574642,54.40147018432617,13250600
2022-12-13,56.209941793024356,56.897946742923466,53.71347225953094,54.29336166381836,14210500
2022-12-14,54.29337703624831,55.13863642903767,53.133597899297804,53.65451431274414,11235300
2022-12-15,52.64215740429895,52.79941537547466,50.96145838503416,51.1482048034668,17785000
2022-12-16,50.85335326017689,51.639643219402835,50.73540695429829,51.177696228027344,22951400
2022-12-19,51.27597997297456,51.3939262763368,50.22431647194813,50.83369445800781,16470000
2022-12-20,50.46019775249452,51.07940262952791,49.585450088533015,49.81150817871094,16942000
2022-12-21,50.05722424056644,50.86317178337139,49.88030856050431,50.312767028808594,20400800
2022-12-22,48.65172400700182,49.113670869074596,47.60006077790759,48.582923889160156,40959600
2022-12-23,48.16028909325635,49.68372605960661,48.15046211253214,49.339725494384766,17425700
2022-12-27,48.75985270372975,49.447857817083936,47.68853147346678,49.16282653808594,15159100
2022-12-28,48.98590292038921,50.214481942520436,47.99321272021046,48.27824020385742,12518700
2022-12-29,48.55344533902827,50.057224889732424,48.49447219513422,49.78202438354492,13204300
2022-12-30,48.71318880431817,49.27469542360999,48.39795714990374,49.23529052734375,11989800
2023-01-03,49.806640028891486,50.20067763712084,48.811687270559155,49.619468688964844,12422800
2023-01-04,52.25954399739573,53.70764191585702,51.944312359859026,53.39241027832031,25077300
2023-01-05,53.087028179033936,54.564677894573684,53.087028179033936,53.89480972290039,18030900
2023-01-06,54.60407666445675,56.43636270747323,53.22493558149503,55.924110412597656,21069800
2023-01-09,55.97337053261336,56.662941146614806,54.82080556632349,55.520225524902344,15715900
2023-01-10,55.32320515561562,56.426515890143456,55.02767596431357,56.35755920410156,10571300
2023-01-11,56.49547297232132,57.59878747244295,56.0718797506038,57.19489669799805,12143000
2023-01-12,57.24415194902033,57.3722159796271,55.589183927444516,56.41666793823242,14888100
2023-01-13,55.88470918446104,56.12113478137849,55.28379772690919,56.081729888916016,12520600
2023-01-17,56.308312019556666,57.72685457023748,55.707400459173755,56.0029296875,10962700
2023-01-18,56.65308761957452,57.18504241134794,55.5202251087876,55.66798782348633,10035300
2023-01-19,54.87990914950296,56.23934793049352,54.456315933381674,55.520225524902344,12034200
2023-01-20,56.6136928631268,57.6973012577855,55.91426907311902,57.58893966674805,13826400
2023-01-23,58.04207767398389,60.98752769197765,57.98297409176445,60.898868560791016,20175400
2023-01-24,60.2881177824518,60.80037020816696,59.963032994689875,60.34722137451172,10183200
2023-01-25,59.766011043587824,60.75111097514147,59.519736060699415,60.623050689697266,10787200
2023-01-26,61.64754984693826,62.11054421681538,60.376770150298746,61.8642692565918,12219500
2023-01-27,61.21410501586815,63.38132171279526,61.03678673952208,62.91832733154297,15895800
2023-01-30,61.82486619704502,62.337118580465024,60.77080963661504,60.79051208496094,16169000
2023-01-31,58.2194029511201,59.44092848822034,57.776110999632856,59.40152359008789,23856300
2023-02-01,59.716754256414305,62.287865569573306,59.490181732745214,61.66725158691406,20902200
2023-02-02,62.61294421220073,62.96757698117271,60.93827381209348,62.22875213623047,15877600
2023-02-03,61.0761926644001,62.839522354500104,60.97768417937484,61.48008346557617,12187100
2023-02-06,60.03198728041624,60.26841291273784,58.849870392382044,59.0862922668457,11484300
2023-02-07,59.19464957362456,61.46037845549642,58.81046123703703,61.204254150390625,12713100
2023-02-08,60.53438494483365,61.40127384227496,59.33256195687121,59.352264404296875,9510500
2023-02-09,60.28811224570187,60.89887310733113,58.800609351168575,59.28330993652344,10094700
2023-02-10,59.59854870600647,59.8546730469879,58.367173732741875,58.928680419921875,11429700
2023-02-13,58.928672002593885,59.381817026142386,57.96327461239407,59.22420120239258,11466200
2023-02-14,58.633148947330284,61.38157868498437,58.15044832271632,61.1451530456543,12496200
2023-02-15,60.41617601342029,61.01708376938927,59.55913643245872,60.918575286865234,10457400
2023-02-16,59.87436533126357,60.43587192310376,58.95822220608061,59.155242919921875,12683400
2023-02-17,58.94837580743811,59.283309910349715,57.63819118909463,58.130741119384766,10874900
2023-02-21,57.470724338820226,58.82031005621647,56.63339098491443,56.74174880981445,12667500
2023-02-22,56.86981396316329,57.6972979885486,55.9832263517304,56.13098907470703,12260300
2023-02-23,58.25880688606821,58.859718420150436,56.58413632170575,57.87461853027344,16094600
2023-02-24,56.84026286808727,57.50027797277423,56.49547566119272,57.3131103515625,9867400
2023-02-27,58.28835449988036,58.6725465859792,56.96832434965968,57.03728103637695,8514000
2023-02-28,56.78115873420161,57.86477089989843,56.54473685802417,56.95847702026367,10493300
2023-03-01,56.99787859973468,57.67759615148504,56.367415289498226,56.485626220703125,9141400
2023-03-02,54.67304816685647,55.85516887879256,53.90467139513417,55.58919143676758,16625500
2023-03-03,55.6187359428502,56.0226267260524,54.61393365730525,55.93396759033203,13769200
2023-03-06,56.426518706271104,57.77610821840626,55.69754691520179,55.98322677612305,14472200
2023-03-07,55.658139692480205,55.884712199577486,54.48587226240537,54.732147216796875,13278300
2023-03-08,55.007973826556004,56.071879672798524,54.52527326369039,56.042327880859375,11515700
2023-03-09,55.79604618120343,56.70233985562571,54.71243801872645,54.771541595458984,10200000
2023-03-10,54.830656545684256,55.667989900457094,53.717492682372395,54.111534118652344,14180700
2023-03-13,53.16584619261408,53.73720221692803,51.97387238170359,53.09688949584961,17365200
2023-03-14,54.15094306159426,54.5942350132229,52.89986572942462,53.46137237548828,14657000
2023-03-15,52.535376683923744,53.46136918797371,52.09208100086771,53.323455810546875,14643600
2023-03-16,52.89000440124806,55.86500610712318,52.811198375070774,55.72709274291992,14791800
2023-03-17,55.95367113019788,56.85996495279144,55.382315167181325,55.815757751464844,26655200
2023-03-20,55.855162128356945,57.007727146645905,55.24440127484975,56.78115463256836,10610200
2023-03-21,57.51013371426483,58.63314700877244,56.74175323024021,57.75640869140625,14613700
2023-03-22,57.52983709276806,59.5098862875151,57.22445476335042,57.303260803222656,16949300
2023-03-23,58.298209849399186,60.859467974961795,58.24895560811101,60.426025390625,23903100
2023-03-24,59.608394184630434,60.48513626530809,59.598544838941,60.24871063232422,18735600
2023-03-27,60.278261756005826,60.504834282919255,58.28835949954161,58.89912414550781,15901000
2023-03-28,58.90896943716075,58.977926125047375,56.95847221295835,58.3967170715332,20496300
2023-03-29,60.002436413984704,63.46013550491545,59.963031515011735,62.5932502746582,51939800
2023-03-30,63.07594060294568,63.14489729007878,61.54903662550794,62.14994812011719,23038300
2023-03-31,59.450771127940435,60.74125321228064,59.0074792264553,59.440921783447266,35416500
2023-04-03,58.91881864886171,58.91881864886171,57.0077226883355,58.721797943115234,23610800
2023-04-04,58.79075838761023,59.20449851407537,56.10143629201394,56.41666793823242,21303200
2023-04-05,55.97337797370054,56.25905785657125,55.17544567398311,56.1703987121582,19456200
2023-04-06,56.214811070595516,58.386411168699254,56.06674597270931,57.80402755737305,21496500
2023-04-10,60.39020462900926,62.94676949373215,60.21252801559594,62.453224182128906,43280100
2023-04-11,62.81845900152156,63.46006953885591,62.22620601740726,62.74936294555664,23090200
2023-04-12,63.529164222080844,63.529164222080844,61.04169496473534,61.1601448059082,16694100
2023-04-13,60.71594364637632,62.55193284036068,60.005240945653185,62.186710357666016,23286500
2023-04-14,62.36439421845391,62.40387875237282,60.97259640415784,61.821495056152344,14953000
2023-04-17,61.41677825181266,61.959677327969764,61.17987485134224,61.73264694213867,11546800
2023-04-18,62.512448183910266,62.63089799907974,60.68632835324316,61.13051986694336,12175200
2023-04-19,60.19278813140182,60.41981853186225,59.600535240240006,59.86705017089844,11652600
2023-04-20,59.106994061128674,61.15027157425589,59.09712104515961,60.666595458984375,14382200
2023-04-21,60.36059691033501,60.65672336282506,59.94601686448723,60.34085464477539,9606200
2023-04-24,59.32415156657992,60.094084899080066,58.58383351658706,58.74176788330078,13402600
2023-04-25,58.36667535804268,58.57396350564109,57.28087330621106,57.38945388793945,15987300
2023-04-26,58.81086761803371,60.390211283000596,58.57396418556252,60.232276916503906,25385000
2023-04-27,59.96575822437001,61.16013703179711,59.353763063073394,61.100914001464844,13524600
2023-04-28,61.62406674833052,63.60812097229124,61.49574391540202,63.529151916503906,18094700
2023-05-01,63.06522559531508,63.272513743125316,61.50562421335176,61.54510498046875,12823400
2023-05-02,61.42665196464856,61.77213595854581,60.459303559550015,61.100914001464844,12237600
2023-05-03,60.69620594533029,61.377297140736616,60.03485324939776,60.12369155883789,10818100
2023-05-04,59.768339663795295,60.17304669023623,59.12673298382666,59.72885513305664,13357900
2023-05-05,59.82756856504583,60.942982122221956,59.334023209802695,60.4395637512207,12312700
2023-05-08,60.459301121378125,60.55800867825267,59.5314372842209,60.084205627441406,11510400
2023-05-09,59.10698445585439,60.59748956151901,58.78124275995219,60.143428802490234,11895200
2023-05-10,61.12065393133032,61.50562246475767,59.01815346539625,59.215572357177734,14548700
2023-05-11,59.80781489007319,61.012066532088724,59.29452736668052,60.81464767456055,15536600
2023-05-12,61.18975839657786,61.387173537917384,59.373511231905994,60.133567810058594,12131400
2023-05-15,61.42664989277865,64.03257233761319,61.002200617604004,63.805538177490234,22227200
2023-05-16,63.716705406774054,64.3780543445818,62.482838310678844,62.90728759765625,15259000
2023-05-17,63.74630963633689,64.47675453594351,62.62102324441715,64.08191680908203,15947700
2023-05-18,65.12823777097833,67.70453717679658,64.23985477022899,66.69770812988281,30688000
2023-05-19,66.6977174912913,67.50713155426813,65.57243470936996,67.28997039794922,16812100
2023-05-22,64.9011932980674,65.88828369043344,63.92397591827759,65.375,37491000
2023-05-23,64.99992167399013,66.68784588247738,64.86172957721838,65.1578598022461,15896200
2023-05-24,64.11151513167697,65.86854227821003,64.04241910850837,65.6711196899414,15806600
2023-05-25,68.84956444717524,68.97788350491224,66.63848376928082,68.71137237548828,29021500
2023-05-26,68.97789606921357,73.62709240728233,68.89893453594041,72.97561645507812,33410000
2023-05-30,73.42967584799587,73.80476759917947,70.65595341817809,70.76453399658203,24454700
2023-05-31,68.01055576717565,68.94828898918152,67.04320349601906,67.31958770751953,30403600
2023-06-01,68.05003202638548,68.88905757523835,67.22087196181151,68.19808959960938,18153000
2023-06-02,69.08646009016154,69.6392358760037,67.4084092985794,68.27704620361328,13468200
2023-06-05,68.60279638656907,68.60279638656907,66.63848821019657,66.89512634277344,12441100
2023-06-06,66.1646877187538,67.9513194570353,65.95739957764691,66.66810607910156,12476600
2023-06-07,67.52688400012225,67.78352218114757,66.07585934588096,66.19430541992188,14610800
2023-06-08,65.64153589804177,65.66127439975129,63.18368200088876,64.47676849365234,25856800
2023-06-09,65.07888773892448,65.54282155566518,63.63773627407504,64.58534240722656,14649300
2023-06-12,64.9900377727956,66.66809621538019,64.94068776415979,66.57925415039062,14731100
2023-06-13,67.67493048527761,67.9907991823853,66.72732439395456,66.99384307861328,11911900
2023-06-14,66.66810190973548,68.31654145085373,66.64835587987203,68.22770690917969,11085800
2023-06-15,67.70455302610347,68.62254775329204,67.47752636387368,67.93158721923828,11842600
2023-06-16,69.24440587106014,69.58988606876693,65.2072014724193,66.78655242919922,32259700
2023-06-20,66.45094561023525,66.74707583254117,64.92095201316195,66.03636932373047,13261600
2023-06-21,65.88831001730179,66.332497858989,64.49650839311313,64.95057678222656,10427200
2023-06-22,64.68406115571072,65.7994786180591,64.66432265262647,65.39476776123047,8639500
2023-06-23,64.60508235668455,65.10850071496668,64.00295643602858,64.4372787475586,12663600
2023-06-26,64.78275626807202,65.8389429561356,64.56560265230618,64.6050796508789,13815900
2023-06-27,64.42740572166582,65.97713779648855,62.96651572459823,65.92778778076172,18305200
2023-06-28,64.80249583020456,66.85564597263992,64.54585017967435,66.20416259765625,27100100
2023-06-29,66.96422493634499,67.07280550846102,62.72960898198355,63.499542236328125,51141900
2023-06-30,63.667355107390584,64.25960806732485,62.08801137059755,62.2952995300293,31549600
2023-07-03,62.62103155458792,63.489672409685845,62.44335493046671,63.075096130371094,12921300
2023-07-05,62.6802593477753,62.927032022372835,61.21936556601212,61.25885009765625,16553000
2023-07-06,60.20266408935724,60.992335904655825,59.71898798441998,60.4395637512207,15607300
2023-07-07,60.7510802837692,60.81041852612359,59.959922581731476,59.97970199584961,15028100
2023-07-10,60.157712447833966,62.13560857267421,59.910475432228935,61.78947448730469,16953100
2023-07-11,61.90814291782624,62.966316969644986,61.62135086668321,62.897090911865234,13454500
2023-07-12,63.7574802269753,63.98493404694128,62.43228972573282,63.08499526977539,13953600
2023-07-13,63.47067653715482,63.93548325746439,62.84763830371344,63.81680679321289,11384700
2023-07-14,63.58935778653212,64.81565116244853,62.97620732603677,63.371788024902344,13860200
2023-07-17,63.09489872155109,64.94423092574554,62.63998342384135,64.43987274169922,11333600
2023-07-18,63.65858994132679,64.40030099335141,63.04543942209277,64.2222900390625,10393100
2023-07-19,64.90466653084094,65.0332346234731,64.08384527324934,64.24207305908203,9463900
2023-07-20,63.68825603947641,64.8255478079639,63.53991232270415,63.97505187988281,12745100
2023-07-21,64.56843176386303,65.42881945247304,63.628926404905286,64.92445373535156,24540200
2023-07-24,64.63765589550789,65.90350840270261,64.49920374910073,64.75633239746094,10272700
2023-07-25,64.67719734411814,65.27056460423272,64.36073430238542,64.9541015625,8610900
2023-07-26,64.28161400765045,67.12978126591672,64.28161400765045,66.63530731201172,14920600
2023-07-27,69.70106253572186,71.54049898445659,69.18680531967028,70.28453826904297,25068300
2023-07-28,70.78889863032458,71.3328154954388,69.87906829425857,70.41309356689453,11932900
2023-07-31,70.33397768103985,70.97678778287637,70.0867407049262,70.60099029541016,11193800
2023-08-01,70.21531172857642,70.29442938359561,69.1175787866786,69.97796630859375,13141100
2023-08-02,68.97912758425181,69.07802088180922,66.59575912422089,67.41658782958984,14004400
2023-08-03,66.82322115653623,68.62310635205716,66.41775636903965,68.4154281616211,11075200
2023-08-04,68.73188730977807,70.14608327853044,68.36597382657828,69.13735961914062,11255500
2023-08-07,69.07801937340186,69.45382445901879,68.06929568822311,68.61321258544922,10537500
2023-08-08,67.94072703099108,68.00006904378078,66.2199595615844,66.90233612060547,14767800
2023-08-09,67.03088750405188,67.21879001961355,65.88371186264709,65.96282196044922,10043200
2023-08-10,66.31885745748045,66.71443820820086,64.21240071162646,64.71676635742188,12775300
2023-08-11,64.18273351246884,64.58819831200992,63.36190477464205,63.658592224121094,11823100
2023-08-14,63.65858500865653,67.72316186240829,63.49045811563482,67.5253677368164,21954000
2023-08-15,66.84299601260155,66.88255484056371,64.5980872275415,64.60797882080078,13808500
2023-08-16,64.28162842544602,64.50908981509232,63.38168200585355,63.510250091552734,9895400
2023-08-17,63.77725835683525,63.99482813752034,62.699308591718115,62.857540130615234,9933300
2023-08-18,61.62135472679591,63.15422345907156,61.067542457328514,62.88720703125,9576500
2023-08-21,62.9762123598489,63.48057797984429,62.165275257638115,63.253116607666016,11311900
2023-08-22,63.58936109549944,64.36073934863627,62.59052147652948,62.70919418334961,8876000
2023-08-23,62.86741470166593,64.89476081796664,62.47183405152514,64.46951293945312,10747400
2023-08-24,65.40902269312026,65.50791598800119,62.669636172500276,62.98609924316406,12661600
2023-08-25,62.758641356933964,63.678363330718966,61.9378164501103,63.015769958496094,9409000
2023-08-28,64.99366045234217,65.37934954906493,63.94537804023152,64.58818817138672,9904900
2023-08-29,64.1827279328644,66.28918449680394,64.1530606995106,65.94305419921875,9955000
2023-08-30,66.44741624562376,67.94072224173279,65.78481537419063,67.33746337890625,16892200
2023-08-31,67.21879401756044,69.76038997179096,67.21879401756044,69.16702270507812,18420900
2023-09-01,69.43404957584217,69.83952194405752,68.78134771210554,69.612060546875,10772000
2023-09-05,69.13736315541043,70.37354824219655,68.76155806017944,69.5131607055664,11144300
2023-09-06,69.35491654612439,69.87906529392592,68.87033416653705,69.63182830810547,9192800
2023-09-07,68.6824373038264,69.51315756809113,68.33630700416387,69.0978012084961,12043200
2023-09-08,68.99890843912051,69.82962880053486,68.84068066008835,69.40438079833984,9805000
2023-09-11,70.04718863958257,70.0768558723659,68.54398345458199,69.25602722167969,9310400
2023-09-12,69.1868057821554,70.89768925592615,69.0186864217772,69.5329360961914,11062100
2023-09-13,70.26475731975383,71.06580277280923,69.58238079599592,70.06696319580078,14525500
2023-09-14,70.87791316463418,71.43172926760677,70.49222398394518,70.99658966064453,11170300
2023-09-15,70.50210153066337,70.83834021808352,68.87033587476017,69.10768127441406,16416100
2023-09-18,69.86918417684873,70.26476492248278,69.1373647017246,69.72084045410156,12735700
2023-09-19,69.83951849405474,70.27465053335884,69.19670071124206,69.92852020263672,10399000
2023-09-20,70.1658652575395,71.51083528827412,68.88023724394704,68.90990447998047,15522100
2023-09-21,68.23742338161051,68.52421925485535,67.08035583943615,67.14958190917969,14978600
2023-09-22,67.83194803582437,68.9791314784644,67.04079406562556,68.11874389648438,15487200
2023-09-25,67.53525619197397,68.42531085310341,66.86277128635106,67.82205200195312,14900000
2023-09-26,67.2187999246113,68.28686562559832,66.84299483811134,67.18913269042969,12752500
2023-09-27,67.3671445365059,68.08907239477546,66.01228297862036,67.45614624023438,20852300
2023-09-28,65.24089474977154,66.34851157876376,63.12454682857711,64.47940063476562,46749800
2023-09-29,65.62658826908519,67.97039768765048,65.62658826908519,67.27812957763672,24315500
2023-10-02,67.48581232581756,68.51431919570449,66.31885333354919,67.20890808105469,14880500
2023-10-03,66.42762829212009,68.88022239139698,66.36829383284743,67.08033752441406,12481500
2023-10-04,67.55505592899206,67.74295852033434,66.37821258315961,67.35726928710938,12912800
2023-10-05,67.85173326278306,68.77145534527453,67.58471303669567,68.28687286376953,14045000
2023-10-06,68.06398341247166,69.66875479277627,67.36065978341723,69.30223083496094,15113400
2023-10-09,68.9555114396593,69.2923110541011,67.93519694481819,68.82673645019531,8588700
2023-10-10,68.83663486948522,69.45080818933788,68.24227773673222,68.42058563232422,9007600
2023-10-11,69.0644749510575,69.60929916801012,68.28190183736758,69.54986572265625,11165300
2023-10-12,69.72817445515345,70.05507352385389,68.64842654404474,69.09419250488281,11408700
2023-10-13,69.21307094117122,69.4012793837831,68.44039830946781,68.55927276611328,10287900
2023-10-16,68.36116991709751,69.3715765490794,67.49934693859609,68.43051147460938,11294100
2023-10-17,67.42999341837013,68.97532360171444,66.98422742168592,68.35124969482422,11843000
2023-10-18,67.37057144951042,68.89609326178774,67.34085471902173,68.48994445800781,11201000
2023-10-19,69.02484412397673,69.1239023768271,66.54835001441623,66.89505767822266,18111000
2023-10-20,66.92478945412073,67.87576249920943,66.50874016395603,66.5879898071289,11506100
2023-10-23,66.19174148009495,67.5191463976336,65.60729243414735,66.25117492675781,9762000
2023-10-24,66.65732759261824,67.70735885356679,66.49882831521994,67.42999267578125,8450700
2023-10-25,67.84604342984862,68.5493669839842,65.28039867142425,65.874755859375,11924300
2023-10-26,65.82521703289159,66.80591424047819,63.2793849132188,63.92327117919922,16697900
2023-10-27,64.30962075020217,65.64692654707154,64.26999592303366,65.03276062011719,9980300
2023-10-30,65.73608107734678,66.91489506545756,64.55726708923602,65.44880676269531,10667700
2023-10-31,65.45869887029805,66.43938849274103,64.6464090456932,66.24127197265625,8268400
2023-11-01,66.37006839081452,69.00506279341178,66.37006839081452,68.74750518798828,16777500
2023-11-02,69.65883550671694,70.36215902278403,69.09419507507653,69.7777099609375,11926000
2023-11-03,70.62964164331586,72.50187129104887,70.4810504292161,71.8976058959961,14457900
2023-11-06,71.8976058197945,72.3037470763961,71.34286579158753,72.23440551757812,10073900
2023-11-07,71.79854088787641,72.44242349262437,71.0357762537763,72.11553192138672,8248400
2023-11-08,71.9372176560477,72.0957093800108,71.0456780910623,71.60041046142578,9917600
2023-11-09,72.85847200880313,75.38449189179471,72.80893909519757,72.87828063964844,22435900
2023-11-10,73.74010294503782,75.09721709955606,72.87828013483679,74.65145111083984,12306000
2023-11-13,73.45283795171693,74.49296124263793,72.6999814094819,74.07691192626953,9116000
2023-11-14,75.28543743609629,76.72180131148336,75.19628725628388,76.4444351196289,12972700
2023-11-15,76.7713267985996,76.7713267985996,75.5925130396276,76.41471099853516,9954000
2023-11-16,76.16707521268354,76.75153192888479,75.76093398614456,75.94914245605469,12989000
2023-11-17,75.87979176688826,77.20719678033292,75.75101677059429,76.83076477050781,9376900
2023-11-20,76.6128343682196,78.16808025369598,76.40480972588716,77.88080596923828,11424100
2023-11-21,77.11804287203071,77.1972925156793,75.59252124127458,75.98876190185547,12016700
2023-11-22,76.47414218539373,77.71238935521981,76.12743448937462,76.37508392333984,8579500
2023-11-24,75.95903133449787,76.28593038673786,75.65194846839033,76.14724731445312,4349600
2023-11-27,76.14726791017789,77.55391519961678,75.93924324548587,76.78125,11005600
2023-11-28,74.37408192307974,75.5231713991524,73.29432643050839,75.40430450439453,19225700
2023-11-29,76.72181266732285,78.27705123698416,75.66187310147293,75.96896362304688,14062900
2023-11-30,76.09771991601932,76.27602781581729,74.26511556444424,75.40430450439453,21701600
2023-12-01,75.2953369750224,75.8203525724695,74.38398130263577,75.2160873413086,14354700
2023-12-04,74.71087968263592,74.88918757801271,72.64053403521862,73.59150695800781,11659300
2023-12-05,72.7792215108069,73.27452041036851,72.35326415487748,72.99715423583984,8800500
2023-12-06,74.59203983570401,74.6910981340154,72.24431962163892,72.44243621826172,8883900
2023-12-07,73.32404349808178,73.51225949254601,72.30372900576533,72.95752716064453,10641300
2023-12-08,72.7891453085482,74.64155875564683,72.73961238484118,74.2552261352539,12007100
2023-12-11,76.46424422935736,77.77183298250362,76.24631151088944,77.05860137939453,18547600
2023-12-12,76.6921000042134,77.52420630473783,76.37510892726681,77.4251480102539,10262100
2023-12-13,77.56382137291084,79.51529295741429,77.29635569803418,79.03981018066406,11629900
2023-12-14,80.05022151759128,81.6252762588408,80.03041288307284,81.41725158691406,17342800
2023-12-15,82.11064988816292,82.20970815524421,80.34738703806747,80.64456939697266,19547800
2023-12-18,80.82286857939913,81.09033421009498,80.05020352656437,80.79315185546875,12416600
2023-12-19,80.90211628700008,81.49647342442715,80.40681741286737,81.39741516113281,14316400
2023-12-20,80.69410233626637,80.85260162462312,77.890708524168,77.95014953613281,29085000
2023-12-21,84.20082497064674,85.211231544923,82.32859546708889,84.67631530761719,53969700
2023-12-22,85.34001155615238,86.66740912940067,84.81499587247471,85.67681121826172,22531800
2023-12-26,85.88483161379146,87.04383685617417,85.61737351641817,86.24144744873047,11203900
2023-12-27,86.65749709138292,86.66739762766355,85.40934177284664,85.84520721435547,9186300
2023-12-28,85.93436995217967,85.93436995217967,85.03292221318779,85.19142150878906,9606200
2023-12-29,85.14677235720329,85.44435265361825,84.34331615177672,84.65081024169922,8549200
2024-01-02,83.3216546947371,83.40101046785716,81.08982465827093,81.67505645751953,13597100
2024-01-03,80.54423552344016,81.92300944492989,79.92924741236962,81.5956802368164,12915600
2024-01-04,82.79592546574311,83.57954659864478,81.9428699320923,82.04206085205078,19134200
2024-01-05,80.82200026563252,82.8554406650516,80.35579460510854,82.77608489990234,15483700
2024-01-08,83.21253204560307,84.8194521963327,83.15301900705897,84.26396942138672,16219800
2024-01-09,82.4586616921143,83.51010656251117,82.23052334838309,82.65705108642578,12138700
2024-01-10,82.29004727707868,82.3495603193602,81.00055009835604,81.71472930908203,10748600
2024-01-11,82.13133628005644,82.77608103035278,81.15924712187629,82.71656799316406,10579300
2024-01-12,82.08173323473181,82.37931354245374,81.05013108715245,81.72463989257812,10187500
2024-01-16,81.87342912573014,84.53178643865654,81.6651259397799,83.92671203613281,13713500
2024-01-17,83.01413731081632,83.29187487125773,81.96269253056978,82.6074447631836,10245400
2024-01-18,84.53180395258813,85.1269571168659,83.3613327834692,84.1350326538086,15077700
2024-01-19,85.36501915830975,87.0810518552434,84.92857752895269,86.80331420898438,18156800
2024-01-22,87.55716499006303,89.22359831393001,87.2992700903544,88.51933288574219,14371200
2024-01-23,88.28125759409355,88.45980426047825,86.17837547531609,86.82312774658203,16850900
2024-01-24,87.69601965426298,87.85472358649207,85.9105531180554,87.36868286132812,19752800
2024-01-25,88.43006072604216,89.31287282616204,87.78530836012317,88.47965240478516,15892400
2024-01-26,86.53546448021774,87.78529108240352,85.5931395239597,87.33892822265625,14934500
2024-01-29,87.78531138970874,88.84667021905379,87.30918433709269,88.3507080078125,12108100
2024-01-30,87.36869575536215,88.07296111308614,85.06743164005914,85.46420288085938,12980400
2024-01-31,84.27389681473872,86.21806774672757,84.10527148160816,85.0575180053711,11396700
2024-02-01,85.37492440770414,85.49395804839759,83.93663719628891,84.91864013671875,10459000
2024-02-02,84.382984314902,85.91054836293368,84.25403690411677,85.78160095214844,10450000
2024-02-05,86.03950536844981,86.5156323274408,84.9186337158532,86.27757263183594,8409300
2024-02-06,86.1287961608843,86.48588954488645,83.04391071828842,83.91680145263672,12990300
2024-02-07,83.4605121486644,84.59130527440014,81.80400034121774,84.48219299316406,16374800
2024-02-08,84.81943610022024,85.33523332787827,83.84734710437385,84.19451904296875,12524500
2024-02-09,84.37307928844986,84.92856204749333,83.28196406227953,84.8690414428711,12161500
2024-02-12,84.8392787487735,86.20813903871353,84.70040996106674,85.00790405273438,10366000
2024-02-13,81.80401639009357,82.87529668815606,80.11774016511738,80.8716049194336,21207900
2024-02-14,81.51633089127758,82.50825508924017,80.83190077299345,81.16915893554688,12870900
2024-02-15,81.57585385883365,82.04205949951306,80.85175334407022,80.97077941894531,11527600
2024-02-16,80.30619510454301,80.68312363612975,78.61000536072929,78.85798645019531,15553100
2024-02-20,78.68935942048465,80.11772531876535,78.5108127372268,80.05821228027344,12627200
2024-02-21,80.13756519601282,80.84183054167767,79.29443105361304,80.8319091796875,9913300
2024-02-22,84.3135623294243,85.61298069187004,83.20260443079994,85.21621704101562,17510900
2024-02-23,85.85105764896468,86.11887390028312,84.36317108706083,85.30549621582031,10232800
2024-02-26,88.9557810376968,91.604217385595,88.18208121181935,88.73755645751953,28920100
2024-02-27,91.14792372992096,92.0009792371652,89.75922819014322,91.10824584960938,21422700
2024-02-28,89.72947794833969,90.05681480797068,88.57884960994615,88.98553466796875,14190700
2024-02-29,89.91794326273805,90.096489947301,88.10271989764516,89.87826538085938,17027000
2024-03-01,91.17768795178819,95.28425431372581,91.17768795178819,94.38160705566406,23446200
2024-03-04,96.14723323665056,96.59359619344623,93.85589027427623,94.99659729003906,20913200
2024-03-05,93.48886011097066,94.59981799000631,92.52669238227269,93.70708465576172,12887500
2024-03-06,94.28240835427614,95.65126117276247,93.79635999531737,94.78828430175781,14232400
2024-03-07,98.13106482366153,98.88492936087462,96.68285634939775,98.1806640625,24843300
2024-03-08,99.07340878951247,101.02750111652122,96.53408468461484,96.8316650390625,22379000
2024-03-11,95.12554701202407,95.68102222828101,92.77468356988139,93.74677276611328,15673300
2024-03-12,94.56015196388269,96.71262602950232,92.88379735768096,96.63327026367188,14993700
2024-03-13,94.55021771516952,94.57005287003267,92.34814470407593,93.39958953857422,16732600
2024-03-14,92.54653621706484,92.69531880140869,89.57076344568374,90.69163513183594,16718900
2024-03-15,91.73316223460783,93.93522781504808,91.27687039874661,92.49694061279297,29579500
2024-03-18,96.0381100708248,96.2960125068572,92.93338974762072,93.02265930175781,23140300
2024-03-19,91.83235220384086,93.39959439181257,90.26511001586914,93.24088287353516,21054700
2024-03-20,94.2228754444979,95.89922972514427,92.83418008328547,95.47270202636719,39807400
2024-03-21,112.45446864837204,112.5834160921817,107.90153185089513,108.962890625,89554100
2024-03-22,108.42725098517941,110.44085625513146,106.18550734698681,109.31998443603516,37281400
2024-03-25,109.34973189047614,120.42953198964642,109.2703836985872,116.18408966064453,55766100
2024-03-26,118.03898851699087,121.47104559430907,117.21568955392411,117.84060668945312,44295100
2024-03-27,118.33657892029908,119.14003522847867,116.13450563499563,118.28697967529297,29320700
2024-03-28,118.58980447395277,118.77844686466763,116.51467757539362,117.05083465576172,21047800
2024-04-01,118.35151114388216,126.47328481888768,118.15293780785343,123.41521453857422,44309400
2024-04-02,121.83652740943742,122.79962398832362,120.05926803991012,121.8762435913086,25026400
2024-04-03,121.330152229134,127.36687535628535,120.46634991617918,127.09879302978516,40130100
2024-04-04,129.253341917242,129.61077996147418,122.7698327276466,123.20669555664062,36009900
2024-04-05,123.51449540119184,124.79531381111195,120.33726914845678,122.70033264160156,23326500
2024-04-08,128.14132222505415,128.77676596877146,121.73723766802416,122.07481384277344,27955800
2024-04-09,124.00100260993567,125.24210481203293,120.40676790563076,121.75708770751953,19212900
2024-04-10,119.14580997013299,123.59392354205605,119.07630855065388,121.33014678955078,22242300
2024-04-11,122.02517776862757,126.65200313260766,121.21101497539054,126.60236358642578,21745300
2024-04-12,124.35845132938717,125.09318177509921,120.96279723086917,121.64788055419922,24808200
2024-04-15,122.7499727560668,123.89178832758795,119.75147308854726,120.50606536865234,17732600
2024-04-16,118.67916038911767,121.67766766835719,117.51749050067721,120.90321350097656,17452400
2024-04-17,121.15142197136723,123.53433957170304,115.37285076747314,115.5019302368164,25546500
2024-04-18,115.17428343981064,116.782754607984,110.6864612457113,111.13325500488281,32146900
2024-04-19,108.87943009591497,110.09073962086846,104.96747308268488,106.00999450683594,33787500
2024-04-22,106.83407718282851,109.44536109199309,105.87098065169835,108.34326171875,19820900
2024-04-23,108.92905250604599,112.08641667615254,108.13475167572597,111.65947723388672,17887500
2024-04-24,111.91763286991994,113.13887318907817,108.4524776587397,110.98432159423828,20505900
2024-04-25,108.59149098611962,112.25521987251138,107.30074154722652,110.78575897216797,18342800
2024-04-26,111.20275668023801,114.24097242979536,110.80560246279126,114.02253723144531,20630700
2024-04-29,112.99986387810577,113.93317510034095,111.31196801776483,113.54595184326172,14419100
2024-04-30,113.36724659878584,115.45229690739026,112.12614432282045,112.15592956542969,14845600
2024-05-01,109.73328348950203,112.92044045145522,107.975886192103,108.91912078857422,16686200
2024-05-02,110.94459899538182,111.60983549119794,108.65104469326928,111.53040313720703,15439200
2024-05-03,114.21119009835162,114.65799144501777,112.64243506577478,113.88353729248047,15564400
2024-05-06,118.92737236520694,120.50605825439199,117.1798984000025,119.2748794555664,22538700
2024-05-07,119.29475391425116,120.54578714657842,118.3316573229009,118.36144256591797,12508300
2024-05-08,117.45792123476642,119.61247294594473,117.37848887189024,118.47065734863281,10867900
2024-05-09,118.4706587015862,118.77844964238753,116.60404360320165,116.97140502929688,11524800
2024-05-10,119.18552854892161,120.98264212812809,118.33164962093596,120.37698364257812,13922400
2024-05-13,122.05494926669597,123.22654999089163,120.7840618862301,122.12445068359375,16643200
2024-05-14,122.1145253271917,124.14993596165634,120.80392170929392,123.92156982421875,13887700
2024-05-15,125.331482797485,127.03923326463284,124.54710520482628,126.90023040771484,14265100
2024-05-16,127.01936858567323,129.20371308399572,126.1456353313964,126.97965240478516,15874700
2024-05-17,127.44630187812275,128.11153083177786,123.97121575742779,124.39815521240234,13774700
2024-05-20,126.22503475991056,130.08735114316522,125.73852489817195,128.08172607421875,19123200
2024-05-21,123.31591712880021,127.90304136919406,122.40246768638528,126.5924301147461,15717800
2024-05-22,126.88035704731388,126.95978940364797,124.34850560854095,125.381103515625,11190100
2024-05-23,130.8320270177281,131.010738453239,123.77263746176989,125.37117004394531,20747400
2024-05-24,126.91013442188175,129.47176336666436,125.69881757566083,128.56825256347656,14048900
2024-05-28,130.82210560466618,132.35115212026395,128.34983952257332,131.7256317138672,14143000
2024-05-29,129.07461672990866,132.15255595815216,128.97532250312457,130.64337158203125,11242500
2024-05-30,129.37249492172634,130.7327380697693,124.80523281636329,125.39103698730469,12639700
2024-05-31,125.45061074389378,126.41370727756293,120.14862570195692,124.11022186279297,24153800
2024-06-03,127.21794367872764,127.92288123825647,124.25915272596421,127.25765228271484,16134300
2024-06-04,126.44349343508733,126.94986526498133,124.52723129263588,125.7385482788086,12995500
2024-06-05,127.88315679596279,132.9170587749642,126.74134140803558,132.75820922851562,22301800
2024-06-06,132.88730345472527,133.1752476759445,128.26047038769877,129.14414978027344,15505000
2024-06-07,129.2831503319897,131.59655167414365,128.69733853552174,130.00794982910156,12139500
2024-06-10,128.78670951945432,134.70427677358904,128.78670951945432,133.86033630371094,14652100
2024-06-11,134.35677147359027,134.88299761175963,130.84196144298588,134.10855102539062,14125000
2024-06-12,137.52404731066756,140.70128106712951,135.85601322368106,139.74810791015625,16973600
2024-06-13,141.77357907581444,143.19340786300813,139.261589448645,142.12109375,16312900
2024-06-14,140.7906301440261,141.47572095104846,138.65592536777947,140.353759765625,14028500
2024-06-17,144.54371101149508,147.691143993195,141.1281957448687,146.77769470214844,23909000
2024-06-18,150.65987728023148,156.4185791220795,150.43150357706287,152.35769653320312,42192600
2024-06-20,155.8923393621831,156.28950110451504,141.89271746120858,143.16360473632812,41285000
2024-06-21,136.670161327346,141.58493791219678,134.73404502279672,138.5467071533203,49893500
2024-06-24,141.42605371028912,141.81327691782937,136.9084395222061,138.0204620361328,32410100
2024-06-25,139.07294957262224,140.12540177013076,136.7694567137809,140.11546325683594,31160600
2024-06-26,142.02180150041983,143.04448366013625,138.54671531066356,141.34664916992188,55490300
2024-06-27,134.82339846961526,136.41201523899343,130.1469341781826,131.2887420654297,68172700
2024-06-28,131.87452985979942,134.45601270410566,129.819257855324,130.5937042236328,38140600
2024-07-01,129.5710728661683,131.13982790356496,126.36406136946935,130.5838165283203,24749000
2024-07-02,128.98527850140098,131.76535057633615,128.4987609644808,131.6461944580078,20776000
2024-07-03,131.71569299155897,135.84608459472656,131.48731928717518,135.84608459472656,14507100
2024-07-05,135.8460822409681,136.1538731456962,129.9781477244552,130.66323852539062,30104600
2024-07-08,130.4694557374617,132.43709203078845,129.27695854247318,129.8732147216797,20500700
2024-07-09,130.92657696746633,134.36495901931517,130.0620192242271,130.3203887939453,21850900
2024-07-10,132.2681361840527,135.64688024943908,131.8706270706164,135.53756713867188,22460200
2024-07-11,135.50778585585823,135.57734048897208,129.25710340178844,129.4160919189453,25401500
2024-07-12,130.926578776196,133.58982182883588,129.90301736202525,132.71533203125,20726900
2024-07-15,133.07310283033263,134.5041056510383,129.217346914923,130.05209350585938,20416000
2024-07-16,129.6049028871612,130.15146854512395,126.44477685955948,126.6932144165039,21312600
2024-07-17,121.81390342812996,122.26108799312676,118.48484171728582,118.7531509399414,31414100
2024-07-18,119.74689877608789,120.8797733944865,113.37695637209649,116.71595764160156,30404900
2024-07-19,115.96070390242156,116.47745062875018,113.13844961977705,113.54589080810547,18038900
2024-07-22,114.63902637361281,114.85765263582651,112.92977477635563,114.55952453613281,23837800
2024-07-23,114.41046244795669,115.61289932903644,113.11859168446291,113.53596496582031,14707700
2024-07-24,110.77333974013318,113.32727753693234,109.3125256838298,109.59077453613281,25261000
2024-07-25,106.13251848354047,110.00813798238757,104.38351610604029,106.77845001220703,29068400
2024-07-26,109.3125128481482,109.93857269231684,107.10638637577534,108.72620391845703,18547900
2024-07-29,109.84914716958052,110.33608264094109,106.47039499932785,107.17595672607422,13517700
2024-07-30,108.31877554166024,108.56721310024204,101.53145962159473,101.91902160644531,23915100
2024-07-31,109.16346302771014,110.64414877165478,107.07658902705212,109.13365173339844,26503600
2024-08-01,106.51014941955977,107.18589987583329,99.32533195680287,100.8755874633789,31643700
2024-08-02,96.55276033625809,97.07944665971607,90.50081847399717,92.1206283569336,36039400
2024-08-05,87.08232502067159,91.67345355409807,84.37933091595319,89.85488891601562,36977600
2024-08-06,88.64252602416379,90.29215520413022,86.60534240540544,88.44377899169922,26460000
2024-08-07,92.79640151069822,92.99515612235221,86.03890393043955,86.25753021240234,29483800
2024-08-08,87.9270234528779,92.26970709415059,87.47983130153781,91.49458312988281,24760700
2024-08-09,91.21632196796665,93.93919510055493,90.8784429937763,92.49826049804688,21627200
2024-08-12,92.518139150862,95.92670253134328,92.05107535869476,94.04851531982422,18886600
2024-08-13,96.01615685539694,97.1689032625867,94.31684474972512,96.8310317993164,23565500
2024-08-14,100.36877973761753,101.31283948464257,97.45709107166367,99.782470703125,22459000
2024-08-15,102.863082621376,107.37470932060444,102.10783036634648,106.28157806396484,29128000
2024-08-16,106.16232493320074,108.78582458894853,104.69157145020922,107.31507110595703,18383300
2024-08-19,106.5797002581268,108.04051414606731,104.10526458480342,107.9510726928711,15744600
2024-08-20,107.65295008222614,108.50757577420431,105.49651418624683,107.31507110595703,16075500
2024-08-21,107.48402601539834,107.72252394217016,105.54620856295426,107.65296173095703,13658900
2024-08-22,108.26908174074596,110.30627269252714,103.3102703434839,103.6083984375,17967000
2024-08-23,102.3960140470518,103.75745445113834,99.68307286303299,102.20719909667969,25465100
2024-08-26,100.04082679307814,101.55133128211976,96.99995372945915,98.29183197021484,26752300
2024-08-27,96.48320590654912,97.87445774078307,96.0658326307927,97.24839782714844,17234600
2024-08-28,96.75151088402137,97.06951061453263,92.12063175288239,94.26713562011719,25564300
2024-08-29,95.95651255710654,97.36764353954963,94.39632511675747,94.97270202636719,18984300
2024-08-30,96.31426205835244,97.79495523053794,94.3963239787275,95.63851165771484,18819400
2024-09-03,93.04483184674382,93.29326940568903,87.75808089565824,88.02639770507812,28897200
2024-09-04,87.8077760403654,90.16296695197055,87.26121034936641,88.73196411132812,16356500
2024-09-05,87.54939820333541,90.13314741651793,87.21152674715819,88.83133697509766,13890700
2024-09-06,88.81145202030561,89.08970084417308,84.72713837152233,85.84013366699219,23587100
2024-09-09,87.30095448388427,87.41026761358603,84.47870752503401,85.73082733154297,20526400
2024-09-10,86.42645795616316,86.64508421791463,84.33958400785707,86.30720520019531,17019000
2024-09-11,87.64876538611652,90.26233328763523,85.54201979569297,90.08345794677734,20879600
2024-09-12,86.55563438945558,87.47982230916942,83.59426326208813,86.66494750976562,30900000
2024-09-13,87.5394369920128,90.89831696445287,87.32081835283002,90.6498794555664,21267200
2024-09-16,86.69476968357606,87.68851993353542,85.38301965689818,86.63514709472656,26494300
2024-09-17,87.50964240246319,89.01020736535182,86.99289562132746,88.17546081542969,17744800
2024-09-18,87.44008434563126,88.64252126543019,86.16808521003281,86.80408477783203,20130600
2024-09-19,88.79157320436622,89.82507425641604,87.03263879823042,88.69219970703125,25208900
2024-09-20,87.84751102266007,90.40144849576306,87.77794881840092,90.3318862915039,28711000
2024-09-23,92.10076952594677,94.2075226950706,92.00139602154833,92.9852066040039,23394100
2024-09-24,94.1379546755126,94.40626387900494,92.18026567463195,93.41251373291016,23043200
2024-09-25,93.57152450175707,95.57889661336432,93.34295861484368,95.17145538330078,54762900
2024-09-26,112.39312893165696,114.08250856257226,106.85794146661988,109.19325256347656,107965900
2024-09-27,109.80938284230787,110.27644658873811,106.36106888296429,106.82813262939453,42960200
2024-09-30,105.4170192317123,106.08283002207602,101.62089390796129,103.06182861328125,39544700
2024-10-01,102.75376685195057,103.54876242157414,98.32164210027813,99.68307495117188,34309800
2024-10-02,99.9613251453572,101.48176926168799,98.70920540020767,99.2259521484375,26334900
2024-10-03,98.8483282004424,101.88920121997013,98.77876599351568,101.18363952636719,22176700
2024-10-04,103.00220603082491,103.58851498845351,100.76626816148013,101.61095428466797,21911200
2024-10-07,101.63583665811288,104.05336142145346,100.29275722481349,102.38198852539062,21749300
2024-10-08,101.65570918216704,102.41181170621995,100.74043157372009,102.01386260986328,18858300
2024-10-09,101.72536555078455,101.76516122564405,99.80526788274413,101.17818450927734,18442700
2024-10-10,100.84987869942803,106.03314555803443,100.33254254099887,105.14771270751953,27605600
2024-10-11,104.50104781048559,107.09765668510934,104.4513013209876,106.37139892578125,19133900
2024-10-14,107.25683163213589,108.15221531004939,106.25201933993444,107.78411102294922,15021900
2024-10-15,107.30657390107713,108.92820768322697,102.18299689198942,103.78473663330078,23419100
2024-10-16,105.4760170956703,109.0674951012275,105.06812471758073,108.67949676513672,20450900
2024-10-17,110.76872625896287,113.55436288340806,110.44042521178294,111.47509002685547,26584800
2024-10-18,111.17662423904255,112.32072524590578,109.29632220812564,110.57970428466797,16700400
2024-10-21,110.52994143495131,110.56973710472003,107.13744218233266,108.52030944824219,14829400
2024-10-22,107.68462786289282,107.9631899928422,105.8242275277671,107.26678466796875,13758100
2024-10-23,106.01323297900535,106.55046312332098,103.0087320869969,104.510986328125,15174700
2024-10-24,106.232109657337,106.97826140067689,105.0084250487985,106.30175018310547,13206300
2024-10-25,107.78411730849174,109.31621667110112,107.16730330904122,107.35633087158203,12265000
2024-10-28,106.23210687068197,107.6249249397633,105.7744680576013,105.84410858154297,12381000
2024-10-29,106.04309315739151,108.19201404519481,105.05817487893941,107.62493896484375,15164600
2024-10-30,105.71479739903295,106.2520276477871,103.10823750846625,103.54598236083984,14321800
2024-10-31,101.67561391700453,101.96412685245664,98.56167652167386,99.13870239257812,19830300
2024-11-01,99.48691118621589,100.09378195167173,98.86014637823236,99.21829986572266,13623400
2024-11-04,100.97921509409623,103.2574662765072,100.48178053698246,101.20803833007812,15765800
2024-11-05,101.47665447896962,105.07808357630124,101.26773286587225,104.94874572753906,12071900
2024-11-06,107.82390746893114,111.74369404796384,106.45099087979341,111.25621032714844,20304500
2024-11-07,111.98245735080516,113.2757901462648,110.79856834783665,112.8281021118164,13569800
2024-11-08,111.56461789408205,113.71353874769937,110.00267374391062,111.32585144042969,13045700
2024-11-11,110.38071588317676,110.93784770155143,106.2221630326306,108.09252166748047,14479700
2024-11-12,104.46124820853973,104.5507827779707,101.54628164539625,103.56586456298828,21859700
2024-11-13,102.27253811627284,102.80976070673078,99.30782510206053,99.40731048583984,18416200
2024-11-14,100.7702863500327,101.76515539376064,98.05429052094611,98.67111206054688,18459700
2024-11-15,97.04948618696841,97.69614504606659,95.14928251475948,95.84568786621094,18518300
2024-11-18,96.05460833915046,97.56680593222872,95.03983767318815,97.00968170166016,14236400
2024-11-19,96.50230361179568,97.67624946449759,96.01481987345942,97.22856140136719,14160300
2024-11-20,97.47727419437605,98.02444762522451,96.03470949796045,97.86527252197266,10490600
2024-11-21,99.58638708109896,102.76002167412709,97.55685337564117,102.23274230957031,18915200
2024-11-22,101.83479542749724,103.17786711194242,101.12843932071863,102.11335754394531,12063700
2024-11-25,103.31715157726957,105.85407074618621,103.27735590357202,103.94392395019531,22837900
2024-11-26,103.46638847107087,104.1826954518489,99.79531898970801,101.27767944335938,19275700
2024-11-27,100.4220831031253,100.52156848885436,96.14414320454074,97.69613647460938,17046400
2024-11-29,96.74106211415653,97.69613546977932,95.60691202996396,97.44741821289062,13729400
2024-12-02,97.09921950182571,99.57644135544432,97.02957897068781,98.04434967041016,16525600
2024-12-03,100.60115938053193,103.14802167691934,99.1187990559251,99.32772064208984,23479700
2024-12-04,100.25295427205342,102.87941563728981,99.28793763621793,102.67048645019531,16306200
2024-12-05,103.34699799580864,103.71510229038397,100.09377942194921,100.35244750976562,13448900
2024-12-06,100.36238885386503,101.66567249439869,99.51675166405987,100.6509017944336,12381000
2024-12-09,100.13357815922109,103.96382274219971,99.85501602085887,102.29244232177734,14141900
2024-12-10,104.42145124217215,104.46124691373099,96.7709060631347,97.59664916992188,23548500
2024-12-11,98.98948375475659,102.13327401782541,97.79564377069853,101.53634643554688,15248400
2024-12-12,100.8797290498746,101.45675495406351,97.25840610467003,97.7359390258789,19334900
2024-12-13,100.25294856012164,102.67048060052416,99.15859414793597,101.97407531738281,23926000
2024-12-16,105.06812422652396,110.5597982126223,104.00361461371828,107.70452880859375,42741200
2024-12-17,109.18689436850215,109.9230954489971,107.12751543436454,108.04279327392578,35811500
2024-12-18,109.68431464063167,111.46513118145452,102.2029025962363,103.36689758300781,63024300
2024-12-19,89.61780665141963,90.53308436398932,84.17587168455105,86.64314270019531,91396800
2024-12-20,84.97178260777942,89.78694592603297,83.11137445831798,89.6576156616211,49578400
2024-12-23,89.53821329990868,90.63256772219121,87.94642435929332,89.25965118408203,26041500
2024-12-24,89.12037079278859,89.23975022032246,87.77729910129347,88.82190704345703,13021300
2024-12-26,88.04591163577804,90.16497999689543,87.64796249451577,89.35913848876953,14468200
2024-12-27,88.54335149851798,89.03083524104909,87.1306391726733,88.17524719238281,19422600
2024-12-30,86.65609574285745,86.71587060713004,84.25535023096653,84.9825439453125,22022900
2024-12-31,85.11204540902175,86.06835958663768,83.76722123414328,83.83695983886719,18691500
2025-01-02,84.65381102425273,87.31356051237222,84.41472678254287,86.99478912353516,18860000
2025-01-03,87.61241122053084,89.85377485994294,87.17410527689839,89.5250473022461,17484600
2025-01-06,95.20317393449923,101.13033304491114,95.11352302901604,98.87901306152344,42903300
2025-01-07,103.01307944385016,106.33029194839695,100.77171574072142,101.51883697509766,53570000
2025-01-08,102.42533418748853,103.08280448370681,97.92268715319071,99.02842712402344,33516900
2025-01-10,97.74337609591927,100.39316192308443,96.49817413199908,98.95868682861328,20512600
2025-01-13,95.47212661764208,95.63151612590475,92.52348911577323,94.69512176513672,22699100
2025-01-14,96.67748993191996,97.03610872932677,95.01389422168444,96.98629760742188,18613400
2025-01-15,99.05830890907222,103.5310722283655,98.96865041575482,102.79391479492188,27568100
2025-01-16,103.9195914088668,104.39775238349627,101.47899820948884,102.20619201660156,16243800
2025-01-17,104.2383532954708,105.47359159978241,102.10656799604989,105.3440933227539,18908900
2025-01-21,105.02531644295033,109.81685124536773,104.82608716555337,108.96015167236328,23533600
2025-01-22,108.75096274430655,110.24520518135427,107.34637880553892,108.81073760986328,20004300
2025-01-23,104.38778040081759,105.77244448876675,102.9533051902359,104.43758392333984,22677600
2025-01-24,105.09504558857017,105.31420234989089,102.32571764121117,102.79391479492188,19743800
2025-01-27,94.49589044193067,95.7311287038858,88.02084001055293,90.76028442382812,50696200
2025-01-28,92.25453576737112,93.09130794842788,87.70207709633738,87.91127014160156,34793600
2025-01-29,89.53499828352741,90.10281006876595,87.42314064023792,88.66834259033203,25342800
2025-01-30,90.31201711372799,92.80242119120635,89.95339831856231,92.14495086669922,22497100
2025-01-31,91.29821568642997,93.90815431516894,90.7901711227759,90.88978576660156,20492100
2025-02-03,88.30973006307066,91.04917454692158,87.68214337179072,89.5748519897461,18607900
2025-02-04,88.70819847455941,91.09898036800107,88.45915806065004,90.31201934814453,12827500
2025-02-05,90.04305225432242,93.2905414089182,89.87370659536852,93.24073028564453,15660000
2025-02-06,94.51582299580775,96.239186147151,93.22081729605767,94.17713165283203,16141100
2025-02-07,95.2230896687795,95.56178858608139,91.23844301884404,91.94572448730469,15602800
2025-02-10,92.8323021739496,95.89051798978292,92.812374685837,95.56178283691406,16217900
2025-02-11,93.88823298100907,95.47212631374994,93.20087902900679,93.71888732910156,12124000
2025-02-12,89.2560840164085,92.2844164019792,87.0147202613084,91.3281021118164,22874700
2025-02-13,91.70662855316337,95.70123843972806,91.66678117971848,95.29281616210938,16579900
2025-02-14,98.03227563306413,100.31347921674487,97.62384569181063,99.13800811767578,21284500
2025-02-18,102.24602434316174,107.46590891372935,101.65829265683024,106.38009643554688,29641900
2025-02-19,105.35405466265513,106.77856607789737,103.22226941188845,103.95942687988281,17875900
2025-02-20,103.58089078800093,104.44754655170729,101.94717870445812,102.7839584350586,14488000
2025-02-21,103.24218018240396,103.26210766903068,97.37478938887342,98.46060180664062,18650800
2025-02-24,99.83533614810413,100.313489552862,94.91429445679384,95.0438003540039,14883700
2025-02-25,95.13343759299399,95.56178740657941,92.40395679950859,92.86219024658203,18608200
2025-02-26,95.63151031326899,99.33723255392569,95.13342953038737,97.33494567871094,21335200
2025-02-27,97.46444130435351,99.50657549885794,91.13881705324111,91.4675521850586,22386300
2025-02-28,90.65071216240254,94.09743063590481,89.52505220895311,93.27061462402344,23359100
2025-03-03,95.44225085408566,95.83075331237038,89.04689450989495,90.1924819946289,20281800
2025-03-04,89.85377581090553,93.23076312201779,86.46683235559195,90.84993743896484,23611500
2025-03-05,91.79630108561403,94.685171501352,90.08290176593039,93.97789001464844,14010300
2025-03-06,90.58097722805496,92.9319192804799,88.68826861295216,88.9273452758789,18708100
2025-03-07,89.94343773679316,92.98172625808233,89.14650536393448,92.60318756103516,19133900
2025-03-10,89.24611831887294,91.01929243486785,85.43082498642534,86.74575805664062,21897900
2025-03-11,87.56262618415334,90.7503409930873,85.73964821524191,88.70821380615234,21962100
2025-03-12,92.1150727084865,96.61772020412596,91.88595217569267,95.27290344238281,23584700
2025-03-13,93.88823662397353,97.74338499115146,93.63919620852532,94.51581573486328,18824700
2025-03-14,98.3709664563253,102.38549683341132,98.3709664563253,100.40313720703125,24623600
2025-03-17,100.67209887531325,104.04908642712938,100.57248422542904,102.7142333984375,17095100
2025-03-18,101.50886107556089,102.91344487594085,99.90504040980515,101.32955169677734,18434100
2025-03-19,100.43302031135866,103.20234856678226,100.10428513280854,101.66825866699219,16633100
2025-03-20,101.190104651969,104.28816806559803,100.96098412293884,102.60465240478516,29204400
2025-03-21,97.82306824227742,98.1219197689273,93.34034094318936,94.35643005371094,63239600
2025-03-24,95.73112953336016,98.04222417257996,94.96408843504534,96.56790924072266,35406600
2025-03-25,95.81081983852707,96.01004911192578,92.89206614258931,93.81849670410156,22191700
2025-03-26,95.63152333747638,96.26906621838404,90.62083119529089,91.77637481689453,27107200
2025-03-27,90.74036575489575,91.85606959677928,89.26605069252138,90.81010437011719,15658700
2025-03-28,90.12273932230596,90.54112536171105,87.26375285281839,88.10053253173828,17118000
2025-03-31,85.78145178185744,86.8686781574524,83.88627865072212,86.669189453125,21089500
2025-04-01,88.30500762573703,88.6640933264114,86.03080326146944,88.48455047607422,15337100
2025-04-02,86.90858177088367,89.70146943131421,86.47967418610341,88.37484741210938,14520400
2025-04-03,82.70926636745803,83.13817387546845,74.02140276101908,74.15106964111328,44839500
2025-04-04,70.4704569869439,71.1586982986341,63.6977116631705,64.55552673339844,50737700
2025-04-07,63.777504968778274,72.27585315770102,61.38360648211167,68.19625091552734,50181800
2025-04-08,71.41804084337186,72.7845619913617,63.35857658856257,65.37344360351562,40822100
2025-04-09,66.0317627282051,78.36035283767754,63.53811978954464,77.67211151123047,63132600
2025-04-10,72.31575720947801,72.86436254955235,67.32846360882435,69.87198638916016,44882300
2025-04-11,68.864546821092,69.99167236764173,66.66016409500473,69.37325286865234,30807800
2025-04-14,74.48023355257027,74.58995460990005,69.79218106850001,70.83950805664062,32634700
2025-04-15,70.93926507467582,72.61499598541637,70.37071392335343,70.85946655273438,19132700
2025-04-16,67.75736499076972,70.2709573881299,66.99929430172234,69.15380859375,28475000
2025-04-17,70.2609840321713,70.30088328812997,66.82972411977528,68.62515258789062,20694100
2025-04-21,67.58780863407782,67.82719660895465,65.48317001285237,66.57039642333984,19826100
2025-04-22,67.36836502255505,70.22109766204483,67.2686206693574,70.03157806396484,20351200
2025-04-23,73.50273783518452,75.20839138709395,72.31575948566604,72.74466705322266,26385500
2025-04-24,74.38048819858878,77.39280985057572,73.41295212986954,77.2232437133789,23875600
2025-04-25,77.35292657103581,80.09593804362565,76.70457688278609,79.57725524902344,19746200
2025-04-28,78.56981697235834,79.40768622179748,76.72451993407756,78.3603515625,16882400
2025-04-29,77.74193513715193,77.9912998173609,76.27566959992218,76.68462371826172,17098000
2025-04-30,73.43290877658995,76.95393660422904,73.31321099862284,76.75444030761719,19779300
2025-05-01,79.19822746451409,79.68698012857162,77.44269790727874,77.5723648071289,15349200
2025-05-02,79.37775982790828,81.46244471774389,78.89897633574209,80.51486206054688,18899700
2025-05-05,79.20820173530328,80.9437778020025,78.84911598219225,80.21562957763672,12513600
2025-05-06,78.83913161900634,81.01359175309604,78.34040230027023,80.3053970336914,13173800
2025-05-07,80.78418671138904,82.65941414042183,79.99619334004116,82.41004943847656,14889700
2025-05-08,84.03588711668117,85.99090506103182,83.14814957077718,84.93360137939453,17580500
2025-05-09,85.35253600631037,86.05075401428313,84.46479842045694,85.64179992675781,13017600
2025-05-12,92.5741332091324,93.96060009893799,91.716318176734,92.05545806884766,27765300
2025-05-13,92.314803770247,97.162453558189,92.314803770247,96.68367004394531,28009100
2025-05-14,96.05527162038139,97.40183928403044,94.08030013302533,95.0777587890625,28044400
2025-05-15,93.77110016816496,95.36703266232985,91.93577209237054,95.20743560791016,24196100
2025-05-16,95.65628443738892,97.94046562041478,95.45678814476337,97.75094604492188,22609300
2025-05-19,95.46676128549727,98.76834680220963,95.45678456873839,98.3992919921875,14380100
2025-05-20,97.67114227093214,98.37933694912356,96.72355966448004,97.8506851196289,12331300
2025-05-21,96.91308830055621,98.56886574017568,95.01791530026428,95.596435546875,15764300
2025-05-22,95.16753235334049,96.9729300538475,94.13017445608618,94.58900451660156,13245200
2025-05-23,92.02553365003803,93.601512472985,90.69891187002105,93.1327133178711,16545000
2025-05-27,94.93810828574611,96.45424198432481,93.95062641884283,96.13505554199219,17612600
2025-05-28,96.45424489386805,96.96295091762003,95.35704194087783,95.9355697631836,10500300
2025-05-29,98.339452920732,99.37681091717117,95.8657595223054,96.55400848388672,14628700
2025-05-30,95.79593438610743,96.36448554026151,91.98564245949451,94.2199478149414,23758200
2025-06-02,94.33964639048894,98.98780001066632,94.16010351872207,97.93049621582031,16850300
2025-06-03,98.11002944007716,102.66841498113176,96.71358586476391,101.99014282226562,22757600
2025-06-04,102.11981806236142,103.64593625225615,101.44154584796573,102.98760986328125,14595900
2025-06-05,106.02986654969237,108.75292463400172,105.26181906231861,106.01988983154297,28833700
2025-06-06,107.80534271753955,110.7677964004133,107.76544345463815,108.28411865234375,20710100
2025-06-09,109.23169456091533,112.24401621606468,108.30405774879887,110.66802978515625,20159700
2025-06-10,111.24656212181466,114.62794633970316,110.9473290925358,113.84992980957031,22949400
2025-06-11,115.30621516884977,116.96200013399502,114.43843103820615,115.73512268066406,21614100
2025-06-12,113.82001119197501,116.18399101581271,113.23150661042641,115.88475036621094,17076500
2025-06-13,113.51079245337277,116.8024012885201,113.3711488572759,115.30621337890625,17453000
2025-06-16,117.51060623694474,120.65260264322791,117.02185360796919,119.53544616699219,21374100
2025-06-17,119.29605477702346,123.19612180883276,119.04669011084657,120.03417205810547,20837700
2025-06-18,120.15386973192408,122.66746982638226,119.8745825236522,121.51041412353516,20180000
2025-06-20,122.45799615889665,123.84447069545367,120.07407057381874,123.285888671875,29290400
2025-06-23,123.3557158147608,124.19358508140496,119.5055246173383,121.76976013183594,23399200
2025-06-24,124.79205081869677,127.77445762575292,124.64243050098402,127.5849380493164,26420600
2025-06-25,126.28824751963016,127.17598516018312,125.30076553036454,126.92662048339844,39407000
2025-06-26,129.20082225201517,129.52001633682465,123.47541153084742,125.67979431152344,62678100
2025-06-27,124.82197129489676,127.21587350867402,123.07641870714328,124.44293975830078,36888600
2025-06-30,124.5825834564367,124.76212631286411,121.54033161419572,122.93677520751953,22799700
2025-07-01,122.03906768681252,123.67489930933574,118.77738115934403,120.58277893066406,24825800
2025-07-02,120.19377919814899,122.68742606947988,117.75997741652802,121.43062591552734,29303800
2025-07-03,122.01911678794396,123.31580844894964,121.52038746986359,121.97921752929688,13247900
2025-07-07,120.9858119896976,121.31528499999378,118.71945296689152,119.72782897949219,19148400
2025-07-08,122.2537748433161,125.24896744168727,121.7545760769209,124.22061920166016,26238200
2025-07-09,124.61998064055057,125.94785119689703,121.0856524348212,122.04411315917969,20464000
2025-07-10,124.08085070283039,124.15073822912616,121.82447002687238,122.91272735595703,15378400
2025-07-11,121.93428871846021,124.60999442816225,121.04571551795922,124.3304443359375,15820600
2025-07-14,120.18709749227783,120.24700652653048,116.83248102655125,118.41993713378906,32117700
2025-07-15,120.74619801144152,121.19547384673282,118.92911483717519,119.91752624511719,24958900
2025-07-16,118.83925548832825,118.89915690198464,114.62601673867431,116.24342346191406,30614800
2025-07-17,113.74743098723327,114.01699496899151,110.77220299393423,113.07850646972656,34702400
2025-07-18,114.05693440015412,114.61604220989247,113.0984736626769,114.20669555664062,19349900
2025-07-21,113.40797721643679,115.73424540104419,112.48945327289732,113.0485610961914,22189800
2025-07-22,112.67914154179415,112.81891658128245,107.95671805369614,109.04497528076172,27917600
2025-07-23,109.26462491271869,110.11326126486925,108.70551713265922,109.65399932861328,17810000
2025-07-24,110.88203219147515,112.54936193001376,110.07333259358776,111.55096435546875,20293100
2025-07-25,110.81213160706157,111.32131644288093,108.65559706111345,111.08170318603516,16372300
2025-07-28,111.54097965207745,111.82052975772471,109.68395953065601,111.07173156738281,12932300
2025-07-29,111.87044598106066,113.35805616393347,110.49265251839591,111.78058624267578,16653300
2025-07-30,112.41955936946212,114.70589060718783,112.22986902009902,114.5561294555664,16378800
2025-07-31,112.01022643089843,112.09009244788861,106.76863915961425,108.9651107788086,29224300
2025-08-01,105.32096009259571,106.32934379567189,103.21434055919525,104.7119369506836,24003300
2025-08-04,105.85010200375424,107.70712200532613,105.2910018285433,107.59729766845703,14780600
2025-08-05,109.12485190706133,110.46270092669104,106.65880881562745,108.8852310180664,17836000
2025-08-06,107.72709528657548,108.78539423359429,106.57893660069861,108.60568237304688,13021900
2025-08-07,113.95709391375526,115.09526649306555,110.61246369851297,111.69073486328125,18986500
2025-08-08,111.99025292974292,119.13878314447827,111.49105414772517,118.6994857788086,28962200
2025-08-11,124.76974068836964,127.07603654786557,121.45506118959038,123.52174377441406,35065800
2025-08-12,124.50017248594189,128.34400917952718,122.84283649992132,127.5452880859375,25961200
2025-08-13,127.37555509737471,128.39392481474198,123.15233031355108,124.07085418701172,18438200
2025-08-14,123.0025709984185,125.53850160464616,121.20546003883722,125.08922576904297,12235900
2025-08-15,122.97262511557769,123.18228768822827,119.24860649818505,120.67631530761719,18986700
2025-08-18,121.15554108489653,123.48180920290093,120.4666519555499,123.35202026367188,12208800
2025-08-19,122.74299672941933,124.04090896877727,121.11560385462784,121.85442352294922,11491200
2025-08-20,118.50978890127986,118.71945909477704,113.2781877501083,117.02217864990234,25795000
2025-08-21,116.81251417045209,117.54134773862545,115.42474217557834,115.60445404052734,13174900
2025-08-22,117.4614738526481,120.50658182466812,116.32330124948184,117.49142456054688,17038300
2025-08-25,117.4914118711426,117.89077237338809,115.91394207671534,116.23342895507812,8674800
2025-08-26,115.90396968724383,118.17033642585102,115.62441958773626,116.31331634521484,12584300
2025-08-27,116.66275050899809,118.53974275087499,116.25341148033833,117.56130981445312,15349300
2025-08-28,118.68949377781485,122.37358304369694,118.53974024437943,121.80449676513672,17295500
2025-08-29,122.40353357674881,122.57325932584722,117.87080795343223,118.81929016113281,16774000
2025-09-02,115.67433407250353,118.37000425496856,114.06691350045408,118.2901382446289,13771900
2025-09-03,119.16873611178893,119.24860974654652,117.1120395283801,118.5297622680664,14101300
2025-09-04,118.65954446094398,124.21063988608049,118.33007144918999,124.01095581054688,18589100
2025-09-05,127.56525510820573,131.1994292976051,125.45864322776382,131.15948486328125,28416000
2025-09-08,130.3407984782381,132.04804969566996,128.19423468288713,131.2493438720703,19492600
2025-09-09,131.54885060407466,137.77885655892658,131.34917414868275,135.02328491210938,20705000
2025-09-10,139.79562224003186,142.01206590916595,138.11830651788372,139.77565002441406,25791300
2025-09-11,147.48326613125582,156.00957328106472,147.37344180714928,150.32870483398438,52446400
2025-09-12,153.3039320274553,158.0263477167626,152.96448054951557,156.97802734375,32288300
2025-09-15,156.7084818407223,160.0830551075525,156.29913520024067,157.51718139648438,20101400
2025-09-16,157.72682528443897,159.30429508755034,156.9181257853867,158.56549072265625,16911600
2025-09-17,157.1577448347982,160.33264138451003,155.011181196173,159.73361206054688,18843600
2025-09-18,162.72882977970775,170.17686732028199,162.33945532634624,168.61936950683594,28212800
2025-09-19,162.48921049899982,163.43768517854718,159.12461543923158,162.46923828125,37309900
2025-09-22,164.116610744404,166.99198561989894,161.3310727669174,164.35621643066406,25851200
2025-09-23,165.41449987934877,168.71920858882498,164.96522402570736,166.14334106445312,43316500
2025-09-24,164.81547698165915,165.7340009418912,158.0463424992856,161.4508819580078,57096400
2025-09-25,157.13778976563194,158.6952875059447,154.40217499460977,156.5786895751953,32209200
2025-09-26,158.26598707490635,158.6653400092037,154.9313276127379,157.0179901123047,24045000
2025-09-29,159.74361509493687,165.53432418899598,159.71366438585363,163.63735961914062,26506500
2025-09-30,163.84700218358574,168.6792420689891,163.6972486634261,167.05186462402344,20092500
2025-10-01,165.33462730297458,182.09771413913674,165.234781462133,181.85809326171875,41674800
2025-10-02,184.6636188948603,185.881649899133,180.9196280551162,183.45555114746094,25122200
2025-10-03,185.0290190063793,191.66252977109554,184.7392938585731,187.64645385742188,29399300
2025-10-06,194.8194216803748,200.80357346188558,189.2448728863467,190.7733917236328,36392300
2025-10-07,194.659597366786,195.1091545749832,183.06094212713188,185.508544921875,27828200
2025-10-08,188.80532109762163,196.75753390743984,188.61550432998132,196.34793090820312,26833900
2025-10-09,192.78141800674848,196.42784488465193,189.31480790372422,192.1420440673828,19721500
2025-10-10,192.77144599253631,193.25097266774603,179.43448552901378,181.42254638671875,26990300
2025-10-13,190.60354324747644,193.21099322764917,187.80629175017626,192.5816192626953,20928400
2025-10-14,186.77730413476536,192.27192938001048,186.0679912594366,186.877197265625,15912400
2025-10-15,192.29189171692144,192.69150995714887,187.23683911809295,191.75242614746094,17793100
2025-10-16,199.7645964769483,206.13835127779654,195.009238414688,202.3320770263672,42041300
2025-10-17,199.08525899267423,203.19124324088818,195.3589082800716,202.18223571777344,23283100
2025-10-20,209.4551226526565,214.54014501568494,205.2991841710047,206.5679473876953,23268400
2025-10-21,204.10034584918608,205.66880360125717,200.64372051197603,202.09230041503906,13717300
2025-10-22,202.05236708431582,205.3791149328187,192.21198612505606,198.27606201171875,21949800
2025-10-23,196.50778282356887,208.79576638190142,195.00924861508634,206.5080108642578,19397900
2025-10-24,212.18245825606303,219.60520580985403,209.77480957720812,218.8059844970703,25821800
2025-10-27,224.59030693239927,224.7601389743725,215.52917831725236,219.88491821289062,23873100
2025-10-28,218.7160619863478,222.6821838614765,217.34740558020835,221.6931610107422,14957500
2025-10-29,228.83615687073262,232.17288931669233,225.87905796140856,226.40853881835938,23217300
2025-10-30,225.87904575494093,227.17776311116435,220.52428330279926,223.79107666015625,14795100
2025-10-31,227.52743694148873,231.0240166529935,218.60617088033933,223.55133056640625,16320000
2025-11-03,233.65145134169782,237.3877867616639,231.57348214179623,234.47064208984375,21199300
2025-11-04,221.92292463372553,228.44654231148695,217.18755106429575,217.8169403076172,23696200
2025-11-05,225.44945782521154,239.6455775368606,224.51037401926067,237.2678985595703,28617400
2025-11-06,237.6075650439538,246.16919725077392,234.6504662673761,238.0970916748047,32016800
2025-11-07,233.80130196266433,242.3129803885886,226.17875320871005,237.6875,30613800
2025-11-10,247.71768201485662,256.8187796646657,247.5678194595284,253.05245971679688,27870600
2025-11-11,248.09732027604838,249.745717054219,238.55664941872303,240.8743896484375,22622500
2025-11-12,244.66065979003906,248.94647582623355,240.60462995668857,244.66065979003906,17263100
2025-11-13,243.3619554618112,249.25618377004466,229.93508685096947,236.71844482421875,32324600
2025-11-14,231.223801583089,254.9206213200665,231.00401536889746,246.58877563476562,36171100
2025-11-17,246.6787220907077,260.32536273582633,239.22602011195923,241.7135772705078,30304400
2025-11-18,235.2498775452143,238.69650305197035,225.29961929538163,228.27670288085938,33843900
2025-11-19,226.68825676423654,234.12098849287156,216.14856366096723,225.69921875,35256600
2025-11-20,230.01499913179805,230.37464792480472,199.40494325591976,201.17320251464844,47420700
2025-11-21,204.33012218338308,211.79282335800798,192.4017880891994,207.16734313964844,36679700
2025-11-24,213.20145759092787,225.88904399410598,212.15248061108522,223.71116638183594,33052800
2025-11-25,219.00576901598282,225.9689588202089,215.78891453351923,224.31057739257812,17441600
2025-11-26,229.3955991936823,233.6014916824619,225.77914171330642,230.03497314453125,17817600
2025-11-28,235.3897411716471,237.8673286271781,233.24184830473496,236.2489013671875,12914700
2025-12-01,232.06300667817794,242.1231739022173,231.2737853490881,240.22503662109375,18238200
2025-12-02,238.51668385661696,244.13118688757797,234.10100508841109,239.25596618652344,18166200
2025-12-03,236.1589994404211,237.56762524908828,227.86710713906936,233.93118286132812,19188200
2025-12-04,230.05497023211262,233.93118359214208,223.1117647886667,226.4285125732422,23513900
2025-12-05,228.72626687779925,240.3349221728646,226.46848083891243,236.98818969726562,21161000
2025-12-08,243.25207000901648,248.98645119445882,241.3739022442043,246.6787109375,20495400
2025-12-09,244.25109615270216,255.26031671675238,242.59271460344473,252.17333984375,17067100
2025-12-10,254.88066906443308,264.491262663534,250.33511268187462,263.4522705078125,21960700
2025-12-11,261.2744353346599,262.59315276624574,251.304191918892,258.2074279785156,18867000
2025-12-12,255.42015800645552,255.57002057311084,239.08614433698853,240.90435791015625,25936900
2025-12-15,246.8685076120937,249.86557580442513,235.76936446340463,237.2678985595703,27483600
2025-12-16,235.569569287941,239.16604206892998,230.3546692738233,232.28277587890625,22577300
2025-12-17,236.3288263643656,237.21795602868477,221.4733625059069,225.29962158203125,41957100
2025-12-18,256.2793111195796,263.3923483958844,244.76057974925737,248.30711364746094,65006100
2025-12-19,251.50398976688,268.11774380012747,251.50398976688,265.66015625,62312100
2025-12-22,276.8791524562695,279.71637344249024,268.0278254169774,276.3197021484375,30961900
2025-12-23,275.6503664329825,281.584533429657,272.05387848972947,276.0,20767600
2025-12-24,277.7283309541374,289.01727609637965,276.9790638742252,286.39984130859375,18592600
2025-12-26,290.55579464363353,290.5857641088608,283.14306235836034,284.51171875,17878500
2025-12-29,280.16918631071405,294.33107166805104,278.3402494382078,294.2011413574219,26642900
2025-12-30,294.53094747936166,298.6585525437395,291.8424882497347,292.4621276855469,23056400
2025-12-31,293.00183505456795,293.00183505456795,284.01697147079557,285.24627685546875,17573800
2026-01-02,294.96070539878707,315.4189641311382,294.6908407625547,315.23907470703125,42604300
2026-01-05,324.9435130260007,325.3432774893249,309.3724325039071,311.970947265625,34608600
2026-01-06,318.09740553134617,344.3523237814261,317.8775305225872,343.23297119140625,48732400
2026-01-07,340.5145629025716,346.1013528628384,336.9865889026152,339.355224609375,32781100
2026-01-08,342.7032929471581,343.4628667412315,321.1756405999752,326.8323974609375,33897700
2026-01-09,332.55914097380867,345.6016435437512,326.00290610415817,344.8920593261719,33387500
2026-01-12,340.3546446314014,348.27011505365033,339.1253696927705,345.6716003417969,23152600
2026-01-13,346.07134975032386,351.0285263851163,335.027700830214,337.93603515625,23881300
2026-01-14,334.64791847425715,338.9054845247233,328.0117433088152,333.1587829589844,20277200
2026-01-15,345.1318804013174,347.57048308145306,336.0770803103486,336.4368896484375,25370200
2026-01-16,352.89747237125545,365.60017353473944,351.83808281395886,362.54193115234375,47901900
2026-01-20,364.4708256342844,381.34114876665075,361.14274901993673,364.7906494140625,49744900
2026-01-21,372.6361277659507,393.9738868432153,366.5196432679402,388.88677978515625,56712800
2026-01-22,396.412465523718,397.5517956550272,376.70377750604916,397.3518981933594,39607600
2026-01-23,396.93218392852526,412.19341373986845,390.5158531620237,399.4207458496094,35404200
2026-01-26,395.2731172676128,397.77168311633346,384.07953006531557,388.8667907714844,29193900
2026-01-27,404.37789377881177,416.2111289816921,399.3707883450681,410.0046691894531,36212100
2026-01-28,422.1977027938172,438.6882388600938,416.7608205840813,435.03033447265625,42725700
2026-01-29,439.11797215172794,444.4549054636323,417.4604191603535,435.5400390625,42675700
2026-01-30,446.213872214534,455.2386907026428,406.896444277963,414.6419982910156,51022900
2026-02-02,411.9435595687579,442.17620767974205,409.7648173720168,437.5488586425781,37771200
2026-02-03,441.9063703526014,442.04627418529253,407.2962300497463,419.19940185546875,42763300
2026-02-04,410.3544851484294,412.7631064514113,363.6912637248487,379.182373046875,58074900
2026-02-05,369.4079721128486,390.70574573939183,365.7900535127613,382.6703796386719,38899500
2026-02-06,377.7531825675145,396.42245965517907,372.65610203071327,394.4635925292969,37196000
2026-02-09,380.47161322303185,391.5852291681203,370.46734586775284,383.2799987792969,31009600
2026-02-10,375.7743071367975,382.57042468123126,365.8500107072858,373.035888671875,35433800
2026-02-11,395.16320828074083,413.9224303228854,386.34826035041203,410.1046142578125,48475000
2026-02-12,422.00779323564984,438.51830622069866,410.9241582290314,413.7325439453125,45639100
2026-02-13,404.95756887926956,420.63857089338137,392.4847169378131,411.4238586425781,33807600
2026-02-17,400.72000141223486,413.42270159621324,395.07321821669467,399.5506591796875,28549500
2026-02-18,399.27084855466524,427.60459321919745,394.37366527315834,420.70855712890625,32306600
2026-02-19,415.57147057513606,420.0788931999249,407.5060925636198,417.110595703125,21651300
2026-02-20,414.94180890810406,430.3229944902613,414.91182733874604,427.92437744140625,29894900
2026-02-23,422.0677739009512,431.4524027339767,415.06178485521286,420.7285461425781,25426600
2026-02-24,428.9737943955014,436.0197382131025,411.0440825999938,417.7702331542969,33389200
2026-02-25,426.25534036276224,436.63939483015685,422.7573481206294,428.75390625,27296300
2026-02-26,424.5963003584035,433.7510496751504,401.7294198641812,415.3216247558594,35433500
2026-02-27,401.57951318695996,417.72024319947496,400.94986968460194,412.1334533691406,28653900
2026-03-02,401.2397011646354,417.37042672265255,396.77226412439063,412.43328857421875,30049200
2026-03-03,386.3282739254194,389.86625202405895,374.3351567775591,379.46221923828125,39010900
2026-03-04,393.41418564005653,407.6460064740802,387.3876157362462,400.5400695800781,32644900
2026-03-05,398.3713643086784,404.2979554687848,380.08184311044465,396.8222351074219,29960100
2026-03-06,379.9219681112347,390.9556136587371,367.23924459596833,370.08758544921875,34458800
2026-03-09,363.75121121460063,389.7762822955878,357.46484133968016,389.0966796875,35547200
2026-03-10,393.7839979982904,415.0717677060177,393.414215117463,402.8787536621094,33745400
2026-03-11,410.53435883479557,422.507497721878,405.55723503454624,418.4498291015625,30191400
2026-03-12,409.7647884145985,413.49265954288353,396.4424490795891,405.1174621582031,31720900
2026-03-13,413.51268551318486,429.1037439249959,412.76311569050233,425.8855895996094,39261000
2026-03-16,445.90408477349564,454.5990761239972,437.4989051179596,441.54656982421875,43067600
2026-03-17,452.2803956477197,462.464552294265,444.88464697556566,461.4251403808594,43017900
2026-03-18,464.4934096077029,471.0696217040618,458.03709329569284,461.46514892578125,58973700
2026-03-19,424.7262202254473,456.95772024409706,420.8684186267436,444.01513671875,74591900
2026-03-20,443.6653716790131,448.8423930033044,415.1217262287037,422.65740966796875,64224900
2026-03-23,425.90552375147496,444.0151239422344,401.2896484027503,404.1180419921875,54807300
2026-03-24,401.0498330246347,404.7477229826018,388.68693307608254,395.3031311035156,44975100
2026-03-25,382.78030075097894,388.6969182975011,371.1669711800078,381.8708190917969,55328700
2026-03-26,369.80774961984406,374.0353343184194,349.79924385156124,355.256103515625,54515900
2026-03-27,359.6535760842338,368.48853245801337,353.8569150607854,357.0151062011719,45806700
2026-03-30,362.6042190325812,362.75418985689373,318.3510173743371,321.75048828125,73833200
2026-03-31,321.6205585497994,337.7880554199219,311.442100475299,337.7880554199219,73551800
2026-04-01,348.85633726392524,377.831890789038,342.94724262880413,367.7934265136719,74429800
2026-04-02,341.28749103387474,366.88355931551865,340.1476822566628,366.18365478515625,51498700
2026-04-06,373.742491438278,385.0207551752209,370.55297966973916,377.701904296875,41414900
2026-04-07,374.07246056759936,379.1916681868341,364.04400448577076,377.52191162109375,40224100
2026-04-08,415.06615180551705,415.9360131047082,398.8186512936144,406.6674499511719,49216600
2026-04-09,407.5473035457694,423.87480942392403,398.378730785287,421.4451904296875,43101000
2026-04-10,420.2253879207372,423.7948158346493,409.98694159720065,420.52532958984375,36377600
2026-04-13,416.4059702509256,426.8143734072892,408.43719439316766,426.4944152832031,37015800
2026-04-14,434.2832257109763,465.7083860920208,424.79466402959326,465.5884094238281,52534900
2026-04-15,457.5596296769996,463.87866509856457,439.25244786438594,456.15985107421875,40370100
2026-04-16,452.89033559558965,462.2688980280435,444.31166844744615,457.1596984863281,33626400
2026-04-17,466.77821786855947,470.8975794478363,452.1304767239016,455.0000305175781,33405000
2026-04-20,458.17951836169027,464.4885454042651,435.83294982510625,448.3510437011719,32013600
2026-04-21,451.250617253604,457.7496178840842,441.232138291909,449.3109130859375,27734000
2026-04-22,462.85881612563526,491.90436792911254,458.4894929052389,487.4050598144531,45998100
2026-04-23,482.2058465155727,493.54409928872667,471.7274468681773,481.64593505859375,38178000
2026-04-24,495.8437509516432,506.9120254195625,489.28473167521884,496.64361572265625,35379600
2026-04-27,510.4814625795857,531.2782508923513,509.9415370994553,524.4793090820312,41298800
2026-04-28,503.4625787071371,518.7502360925458,488.15493538178663,504.21246337890625,44816600
2026-04-29,525.9191288334299,530.938376549403,508.72176108467283,518.3803100585938,36248500
2026-04-30,529.6585268720199,535.4176508639232,502.5026998725388,517.0804443359375,36554400
2026-05-01,511.701303890077,545.8260301905997,510.13153798121783,542.1266479492188,40215300
2026-05-04,560.5137893132991,592.7088511115685,557.6742601074695,576.3613891601562,46043700
2026-05-05,609.6862575628963,651.6397659140443,605.3768617682681,640.1015625,64268500
2026-05-06,660.2684733246462,667.567338856077,627.4835362552068,666.487548828125,55725800
2026-05-07,649.7300987842582,682.9849944681508,635.3222803012311,646.5305786132812,47527500
2026-05-08,676.3459662365216,747.0950922801325,676.1060129154682,746.6951293945312,65130900
2026-05-11,792.858027429677,818.5440789846186,767.8818886525323,795.2077026367188,70972900
2026-05-12,774.5809049006259,782.6396632639393,706.491338412229,766.462158203125,73743000
2026-05-13,813.0349112689491,814.8246750281264,779.3500902617413,803.5064086914062,54875100
2026-05-14,787.4988861690728,811.8751422431137,775.5107395840645,775.8906860351562,42142700
2026-05-15,732.4573405930316,749.474742504196,718.8894202889641,724.5485229492188,48519000
2026-05-18,750.3446270815475,756.8835994856332,663.1480150050809,681.4351806640625,60042500
2026-05-19,665.4776931146919,725.8384071571451,652.1097534544188,698.632568359375,61792100
2026-05-20,734.8470164803746,735.566876482725,700.5522415362531,731.87744140625,48827400
2026-05-21,736.2467558691484,764.7824063528074,732.0874224003402,761.9827880859375,42461500
2026-05-22,756.703633887413,780.0800437126234,747.0851180015923,750.884521484375,36002900
2026-05-26,820.373834573117,916.6590146524127,820.1738531212661,895.7422485351562,76560800
2026-05-27,955.5130216924548,956.0129448076547,888.0134539398174,928.2672119140625,72295700
2026-05-28,929.6870178621832,949.3439674852925,904.6408825248693,923.3779907226562,49694300
2026-05-29,956.8528605185135,980.849170500169,940.3654056327412,970.8507080078125,60498600
2026-06-01,1009.5647539871434,1046.8090278226243,1009.344817098473,1035.3408203125,46552100
2026-06-02,1049.8384727869006,1076.3944455023225,1017.0435307945203,1063.936279296875,47555400
2026-06-03,1078.844080247331,1089.1225286874078,1038.3403000869419,1079.4039306640625,40324200
2026-06-04,1006.9451317330635,1036.2106509339512,971.5305947237666,995.8468627929688,54917200
2026-06-05,944.2547879371384,961.7420884378228,863.8771362304688,863.8771362304688,77250500
2026-06-08,938.1257167401803,962.8019137156274,916.3590453651269,949.134033203125,54097800
2026-06-09,988.0280306394972,988.9979132065755,854.218593891356,935.74609375,73448600
2026-06-10,904.9908214103338,957.3327470461569,883.1141810553139,891.7428588867188,55712600
2026-06-11,904.2309280744469,996.616743925406,895.3622969166971,995.7168579101562,59418900
2026-06-12,971.6605645390866,1012.4642868369024,960.0423562021971,981.4590454101562,40785200
2026-06-15,1055.7275939797146,1097.3011540611717,1051.338254618575,1087.8226318359375,44994600
2026-06-16,1099.5308285965202,1110.2292562771695,1019.8431344598333,1020.60302734375,45499800
2026-06-17,1061.136863835972,1093.5018817580628,1013.9840809607729,1043.029541015625,46149200
2026-06-18,1107.8994950196334,1149.2532401330302,1092.6219382580323,1133.8155517578125,64642500
2026-06-22,1196.036022632204,1213.3734440603093,1168.390250085504,1211.1937255859375,53140800
2026-06-23,1079.833915576653,1124.8269953923468,1038.3402975244019,1051.6082763671875,60243300
2026-06-24,1082.05353141983,1083.1533378357715,990.9475500402298,1048.3487548828125,68935700
2026-06-25,1232.810364629667,1254.8069810301963,1136.1352941340788,1213.3734130859375,82143900
2026-06-26,1138.9048461164418,1198.525684121708,1121.187599491604,1132.1558837890625,86405300
2026-06-29,1128.526353776065,1148.6133517516635,1023.492584008156,1145.1038818359375,60694100
2026-06-30,1144.55396024363,1168.500350785656,1124.4871000242297,1154.112548828125,42152600
2026-07-01,1081.8436734177803,1096.8313592555164,1032.0412720759573,1032.121337890625,51328100
2026-07-02,1041.3398351432643,1064.47629125389,950.1338925088278,975.4099731445312,61316900
2026-07-06,1007.0,1019.0,980.8499755859375,984.75,37115800
2026-07-07,923.010009765625,942.02001953125,891.6599731445312,938.3800048828125,52367500
2026-07-08,902.6400146484375,959.0,900.4099731445312,948.7999877929688,42979000
2026-07-09,1016.510009765625,1035.5,987.1300048828125,991.6400146484375,41110700
2026-07-10,964.97998046875,998.0,954.1300048828125,979.2999877929688,31768100
2026-07-13,929.0,943.5,902.5999755859375,937.0,35536200
2026-07-14,988.3800048828125,994.7999877929688,950.0700073242188,983.1199951171875,30835200
2026-07-15,975.8099975585938,978.4000244140625,873.6300048828125,904.280029296875,54779200
2026-07-16,866.77001953125,887.7100219726562,840.510009765625,853.2000122070312,46718000
2026-07-17,822.530029296875,903.9600219726562,804.0,848.9500122070312,63346300
2026-07-20,885.5700073242188,901.0,858.9000244140625,865.4600219726562,37705200
2026-07-21,925.3499755859375,982.8800048828125,916.5700073242188,970.8200073242188,49369000
2026-07-22,938.25,982.6199951171875,936.0599975585938,959.47998046875,31588600
2026-07-23,975.1300048828125,1011.77001953125,964.4000244140625,990.2100219726562,40196300
2026-07-24,959.030029296875,967.1400146484375,904.0,920.9500122070312,40803100
2026-07-27,932.4500122070312,935.0,854.7899780273438,900.2000122070312,47591200
2026-07-28,839.6099853515625,848.3599853515625,789.0900268554688,820.530029296875,61039300
2026-07-29,833.0,841.7999877929688,737.8800048828125,739.0,69846000
2026-07-30,793.1400146484375,882.5,789.0,874.6599731445312,63075300
2026-07-31,919.6500244140625,930.8800048828125,818.0,823.030029296875,54538600
2026-08-03,786.3599853515625,836.6199951171875,770.0999755859375,829.5,42607100
2026-08-04,866.8200073242188,902.4299926757812,858.5,892.6699829101562,37478600
2026-08-05,885.2999877929688,928.97998046875,881.2000122070312,893.1900024414062,34720300
2026-08-06,843.1099853515625,913.3300170898438,827.0,881.469970703125,35784100
2026-08-07,903.5999755859375,904.7999877929688,847.02001953125,877.5700073242188,34568500
2026-08-10,863.6699829101562,894.989990234375,854.4000244140625,861.0,27818600
2026-08-11,871.7999877929688,879.0,844.6199951171875,868.52001953125,29438300
2026-08-12,912.9400024414062,935.7999877929688,899.5399780273438,911.2899780273438,36804900
2026-08-13,912.8900146484375,978.0,906.5,949.8300170898438,36704700
2026-08-14,979.3200073242188,984.0,956.2000122070312,971.6599731445312,27881100
2026-08-17,999.5499877929688,1036.1300048828125,995.260009765625,1011.75,33430500
2026-08-18,957.0999755859375,978.6699829101562,926.6400146484375,940.760009765625,37306000
2026-08-19,959.3599853515625,960.0,915.1799926757812,937.1099853515625,26901900
2026-08-20,935.010009765625,977.280029296875,929.0700073242188,974.3300170898438,25212200
2026-08-21,989.6799926757812,989.9600219726562,958.260009765625,966.780029296875,21823400
2026-08-24,934.780029296875,936.4500122070312,887.6099853515625,910.4299926757812,30012600
2026-08-25,928.97998046875,946.6699829101562,916.2999877929688,932.969970703125,19163200
2026-08-26,925.739990234375,945.75,924.5999755859375,938.4000244140625,18721700
2026-08-27,967.010009765625,968.7100219726562,906.8900146484375,935.3900146484375,28838500
2026-08-28,919.2899780273438,946.7999877929688,909.0900268554688,932.8599853515625,22890100
2026-08-31,931.3900146484375,959.969970703125,930.7899780273438,958.72998046875,22569500
2026-09-01,941.1300048828125,969.4400024414062,922.3900146484375,933.4400024414062,27762200
2026-09-02,930.8300170898438,958.0,927.1599731445312,956.0800170898438,21440500
2026-09-03,956.9099731445312,959.760009765625,918.8800048828125,958.1599731445312,24175900
2026-09-04,971.3400268554688,1017.77001953125,969.0,1016.5900268554688,35249500
2026-09-08,1036.4000244140625,1041.0699462890625,997.6199951171875,1000.260009765625,26604900
2026-09-09,998.8099975585938,1042.4000244140625,992.2899780273438,1027.77001953125,23812000
2026-09-10,997.0,999.0,973.5,977.4099731445312,26230400
2026-09-11,993.2000122070312,993.989990234375,967.3800048828125,975.260009765625,21740300
2026-09-14,906.030029296875,932.2100219726562,902.5999755859375,924.030029296875,27141900
2026-09-15,937.5,944.9400024414062,920.1300048828125,927.5999755859375,20434700
2026-09-16,934.22998046875,941.2000122070312,917.6400146484375,926.5499877929688,20213000
2026-09-17,954.5700073242188,986.2000122070312,953.5,977.5,22091600
2026-09-18,984.719970703125,1016.4400024414062,977.8300170898438,1015.7999877929688,35803500
2026-09-21,1044.989990234375,1064.489990234375,1030.6800537109375,1043.9599609375,28174400
2026-09-22,1032.8499755859375,1097.25,1030.02001953125,1096.1600341796875,29189700
2026-09-23,1100.0699462890625,1105.5,1064.25,1071.8800048828125,21572800
2026-09-24,1049.75,1081.0400390625,1044.0,1080.530029296875,22069900
2026-09-25,1095.8299560546875,1108.719970703125,1073.0,1082.280029296875,20947900
2026-09-28,1075.97998046875,1084.81005859375,1032.0,1053.97998046875,22227200
2026-09-29,1076.68994140625,1082.6600341796875,1057.699951171875,1065.0799560546875,19723100
